name,team,position,next_opponent,fixture,predicted_points,now_cost,points_per_game,form,expected_goals,minutes,assists,goals_scored,yellow_cards,red_cards,saves_per_90,total_points,clean_sheets,opponent_difficulty,is_home,chance_of_playing_this_round,player_code,web_name,display_name,image_url_primary,image_url_secondary,image_url_tertiary
Erling Haaland,Man City,FWD,Bournemouth,Man City (A) vs Bournemouth,3.937714707792208,14.7,6.8,5.5,1.5162,2863,8,26,2,0,0.0,230,13,3,False,100.0,223094,Haaland,Erling Haaland,https://images.weserv.nl/?url=resources.premierleague.com/premierleague/photos/players/250x250/p223094.png&w=250&h=250&fit=cover&a=attention,https://resources.premierleague.com/premierleague/photos/players/110x140/p223094.png,https://fantasy.premierleague.com/dist/img/shirts/standard/shirt_223094.png
Gabriel dos Santos Magalhães,Arsenal,DEF,Burnley,Arsenal (H) vs Burnley,3.934773279220779,7.3,6.7,6.2,0.1764,2615,5,3,4,0,0.0,202,17,4,True,100.0,226597,Gabriel,Gabriel dos Santos Magalhães,https://images.weserv.nl/?url=resources.premierleague.com/premierleague/photos/players/250x250/p226597.png&w=250&h=250&fit=cover&a=attention,https://resources.premierleague.com/premierleague/photos/players/110x140/p226597.png,https://fantasy.premierleague.com/dist/img/shirts/standard/shirt_226597.png
Bruno Borges Fernandes,Man Utd,MID,Nott'm Forest,Man Utd (H) vs Nott'm Forest,3.9335432792207796,10.4,6.4,4.6,0.6317999999999999,2885,21,8,5,0,0.0,212,6,3,True,100.0,141746,B.Fernandes,Bruno Borges Fernandes,https://images.weserv.nl/?url=resources.premierleague.com/premierleague/photos/players/250x250/p141746.png&w=250&h=250&fit=cover&a=attention,https://resources.premierleague.com/premierleague/photos/players/110x140/p141746.png,https://fantasy.premierleague.com/dist/img/shirts/standard/shirt_141746.png
Walter Benítez,Crystal Palace,GKP,Brentford,Crystal Palace (A) vs Brentford,3.852607922077923,3.9,7.0,0.0,0.0,90,0,0,0,0,3.0,7,1,3,False,100.0,121709,Benitez,Walter Benítez,https://images.weserv.nl/?url=resources.premierleague.com/premierleague/photos/players/250x250/p121709.png&w=250&h=250&fit=cover&a=attention,https://resources.premierleague.com/premierleague/photos/players/110x140/p121709.png,https://fantasy.premierleague.com/dist/img/shirts/standard/shirt_121709.png
Antoine Semenyo,Man City,MID,Bournemouth,Man City (A) vs Bournemouth,3.276427976190478,8.1,5.5,2.0,0.6444,2998,6,15,7,0,0.0,186,11,3,False,100.0,437730,Semenyo,Antoine Semenyo,https://images.weserv.nl/?url=resources.premierleague.com/premierleague/photos/players/250x250/p437730.png&w=250&h=250&fit=cover&a=attention,https://resources.premierleague.com/premierleague/photos/players/110x140/p437730.png,https://fantasy.premierleague.com/dist/img/shirts/standard/shirt_437730.png
Bruno Guimarães Rodriguez Moura,Newcastle,MID,West Ham,Newcastle (H) vs West Ham,3.217175119047621,6.8,5.5,3.0,0.32880000000000004,2301,7,9,5,0,0.0,149,6,3,True,100.0,208706,Bruno G.,Bruno Guimarães Rodriguez Moura,https://images.weserv.nl/?url=resources.premierleague.com/premierleague/photos/players/250x250/p208706.png&w=250&h=250&fit=cover&a=attention,https://resources.premierleague.com/premierleague/photos/players/110x140/p208706.png,https://fantasy.premierleague.com/dist/img/shirts/standard/shirt_208706.png
Melker Ellborg,Sunderland,GKP,Everton,Sunderland (A) vs Everton,3.182313452380955,4.0,5.3,0.0,0.0,270,0,0,0,0,3.33,16,1,3,False,,515046,Ellborg,Melker Ellborg,https://images.weserv.nl/?url=resources.premierleague.com/premierleague/photos/players/250x250/p515046.png&w=250&h=250&fit=cover&a=attention,https://resources.premierleague.com/premierleague/photos/players/110x140/p515046.png,https://fantasy.premierleague.com/dist/img/shirts/standard/shirt_515046.png
João Pedro Junqueira de Jesus,Chelsea,FWD,Spurs,Chelsea (H) vs Spurs,3.158032619047621,7.5,5.2,2.4,0.8592000000000001,2568,9,15,4,0,0.0,176,10,3,True,,475168,João Pedro,João Pedro Junqueira de Jesus,https://images.weserv.nl/?url=resources.premierleague.com/premierleague/photos/players/250x250/p475168.png&w=250&h=250&fit=cover&a=attention,https://resources.premierleague.com/premierleague/photos/players/110x140/p475168.png,https://fantasy.premierleague.com/dist/img/shirts/standard/shirt_475168.png
Marc Guéhi,Man City,DEF,Bournemouth,Man City (A) vs Bournemouth,3.1418586904761914,5.1,5.2,6.0,0.23399999999999999,2970,5,3,6,0,0.0,171,13,3,False,100.0,209036,Guéhi,Marc Guéhi,https://images.weserv.nl/?url=resources.premierleague.com/premierleague/photos/players/250x250/p209036.png&w=250&h=250&fit=cover&a=attention,https://resources.premierleague.com/premierleague/photos/players/110x140/p209036.png,https://fantasy.premierleague.com/dist/img/shirts/standard/shirt_209036.png
Kiernan Dewsbury-Hall,Everton,MID,Sunderland,Everton (H) vs Sunderland,3.092493452380954,5.2,5.1,5.2,0.2586,2456,7,8,6,0,0.0,147,8,3,True,100.0,215413,Dewsbury-Hall,Kiernan Dewsbury-Hall,https://images.weserv.nl/?url=resources.premierleague.com/premierleague/photos/players/250x250/p215413.png&w=250&h=250&fit=cover&a=attention,https://resources.premierleague.com/premierleague/photos/players/110x140/p215413.png,https://fantasy.premierleague.com/dist/img/shirts/standard/shirt_215413.png
Declan Rice,Arsenal,MID,Burnley,Arsenal (H) vs Burnley,3.0908879761904773,7.2,5.1,3.0,0.189,3003,9,4,3,0,0.0,179,17,4,True,100.0,204480,Rice,Declan Rice,https://images.weserv.nl/?url=resources.premierleague.com/premierleague/photos/players/250x250/p204480.png&w=250&h=250&fit=cover&a=attention,https://resources.premierleague.com/premierleague/photos/players/110x140/p204480.png,https://fantasy.premierleague.com/dist/img/shirts/standard/shirt_204480.png
Carlos Henrique Casimiro,Man Utd,MID,Nott'm Forest,Man Utd (H) vs Nott'm Forest,3.0034435714285705,5.9,5.0,6.0,0.3156,2495,4,9,8,1,0.0,164,9,3,True,100.0,61256,Casemiro,Carlos Henrique Casimiro,https://images.weserv.nl/?url=resources.premierleague.com/premierleague/photos/players/250x250/p61256.png&w=250&h=250&fit=cover&a=attention,https://resources.premierleague.com/premierleague/photos/players/110x140/p61256.png,https://fantasy.premierleague.com/dist/img/shirts/standard/shirt_61256.png
Bukayo Saka,Arsenal,MID,Burnley,Arsenal (H) vs Burnley,2.9516520238095194,10.0,4.9,3.5,0.4422,2128,9,7,2,0,0.0,147,11,4,True,100.0,223340,Saka,Bukayo Saka,https://images.weserv.nl/?url=resources.premierleague.com/premierleague/photos/players/250x250/p223340.png&w=250&h=250&fit=cover&a=attention,https://resources.premierleague.com/premierleague/photos/players/110x140/p223340.png,https://fantasy.premierleague.com/dist/img/shirts/standard/shirt_223340.png
Igor Thiago Nascimento Rodrigues,Brentford,FWD,Crystal Palace,Brentford (H) vs Crystal Palace,2.951405595238091,7.3,4.9,2.8,1.2264000000000002,3102,1,22,7,0,0.0,177,10,3,True,100.0,502500,Thiago,Igor Thiago Nascimento Rodrigues,https://images.weserv.nl/?url=resources.premierleague.com/premierleague/photos/players/250x250/p502500.png&w=250&h=250&fit=cover&a=attention,https://resources.premierleague.com/premierleague/photos/players/110x140/p502500.png,https://fantasy.premierleague.com/dist/img/shirts/standard/shirt_502500.png
Morgan Gibbs-White,Nott'm Forest,MID,Man Utd,Nott'm Forest (A) vs Man Utd,2.941569166666662,7.5,4.9,7.8,0.5664,2921,4,13,1,0,0.0,172,10,2,False,50.0,222531,Gibbs-White,Morgan Gibbs-White,https://images.weserv.nl/?url=resources.premierleague.com/premierleague/photos/players/250x250/p222531.png&w=250&h=250&fit=cover&a=attention,https://resources.premierleague.com/premierleague/photos/players/110x140/p222531.png,https://fantasy.premierleague.com/dist/img/shirts/standard/shirt_222531.png
Daniel Muñoz Mejía,Crystal Palace,DEF,Brentford,Crystal Palace (A) vs Brentford,2.9362220238095187,5.9,4.9,3.2,0.1404,2184,3,4,7,0,0.0,128,10,3,False,100.0,247348,Muñoz,Daniel Muñoz Mejía,https://images.weserv.nl/?url=resources.premierleague.com/premierleague/photos/players/250x250/p247348.png&w=250&h=250&fit=cover&a=attention,https://resources.premierleague.com/premierleague/photos/players/110x140/p247348.png,https://fantasy.premierleague.com/dist/img/shirts/standard/shirt_247348.png
Nordi Mukiele,Sunderland,DEF,Everton,Sunderland (A) vs Everton,2.8895023809523743,4.6,4.8,6.0,0.08940000000000001,2604,5,3,5,0,0.0,145,9,3,False,100.0,200834,Mukiele,Nordi Mukiele,https://images.weserv.nl/?url=resources.premierleague.com/premierleague/photos/players/250x250/p200834.png&w=250&h=250&fit=cover&a=attention,https://resources.premierleague.com/premierleague/photos/players/110x140/p200834.png,https://fantasy.premierleague.com/dist/img/shirts/standard/shirt_200834.png
Anton Stach,Leeds,MID,Brighton,Leeds (H) vs Brighton,2.8865448809523735,4.8,4.8,2.4,0.1704,2296,6,5,3,0,0.0,134,6,2,True,100.0,466525,Stach,Anton Stach,https://images.weserv.nl/?url=resources.premierleague.com/premierleague/photos/players/250x250/p466525.png&w=250&h=250&fit=cover&a=attention,https://resources.premierleague.com/premierleague/photos/players/110x140/p466525.png,https://fantasy.premierleague.com/dist/img/shirts/standard/shirt_466525.png
Jarrod Bowen,West Ham,FWD,Newcastle,West Ham (A) vs Newcastle,2.8838802380952324,7.7,4.8,4.0,0.41159999999999997,3226,12,8,4,0,0.0,173,7,3,False,,178186,Bowen,Jarrod Bowen,https://images.weserv.nl/?url=resources.premierleague.com/premierleague/photos/players/250x250/p178186.png&w=250&h=250&fit=cover&a=attention,https://resources.premierleague.com/premierleague/photos/players/110x140/p178186.png,https://fantasy.premierleague.com/dist/img/shirts/standard/shirt_178186.png
Marcos Senesi Barón,Bournemouth,DEF,Man City,Bournemouth (H) vs Man City,2.882865595238089,5.2,4.8,7.0,0.09179999999999999,3108,6,0,8,0,0.0,169,11,2,True,100.0,221466,Senesi,Marcos Senesi Barón,https://images.weserv.nl/?url=resources.premierleague.com/premierleague/photos/players/250x250/p221466.png&w=250&h=250&fit=cover&a=attention,https://resources.premierleague.com/premierleague/photos/players/110x140/p221466.png,https://fantasy.premierleague.com/dist/img/shirts/standard/shirt_221466.png
Harry Wilson,Fulham,MID,Wolves,Fulham (A) vs Wolves,2.882822380952374,5.9,4.8,2.2,0.3444,2645,8,10,7,0,0.0,163,9,4,False,100.0,153682,Wilson,Harry Wilson,https://images.weserv.nl/?url=resources.premierleague.com/premierleague/photos/players/250x250/p153682.png&w=250&h=250&fit=cover&a=attention,https://resources.premierleague.com/premierleague/photos/players/110x140/p153682.png,https://fantasy.premierleague.com/dist/img/shirts/standard/shirt_153682.png
Nico O'Reilly,Man City,DEF,Bournemouth,Man City (A) vs Bournemouth,2.882228095238089,5.3,4.8,5.5,0.327,2553,4,5,5,0,0.0,158,14,3,False,100.0,472769,O'Reilly,Nico O'Reilly,https://images.weserv.nl/?url=resources.premierleague.com/premierleague/photos/players/250x250/p472769.png&w=250&h=250&fit=cover&a=attention,https://resources.premierleague.com/premierleague/photos/players/110x140/p472769.png,https://fantasy.premierleague.com/dist/img/shirts/standard/shirt_472769.png
Rayan Vitor Simplício Rocha,Bournemouth,MID,Man City,Bournemouth (H) vs Man City,2.8816913095238017,5.4,4.8,7.0,0.1356,955,2,5,1,0,0.0,62,5,2,True,,499604,Rayan,Rayan Vitor Simplício Rocha,https://images.weserv.nl/?url=resources.premierleague.com/premierleague/photos/players/250x250/p499604.png&w=250&h=250&fit=cover&a=attention,https://resources.premierleague.com/premierleague/photos/players/110x140/p499604.png,https://fantasy.premierleague.com/dist/img/shirts/standard/shirt_499604.png
Joško Gvardiol,Man City,DEF,Bournemouth,Man City (A) vs Bournemouth,2.878680238095231,5.8,4.8,0.0,0.1314,1301,2,2,2,0,0.0,77,6,3,False,75.0,477424,Gvardiol,Joško Gvardiol,https://images.weserv.nl/?url=resources.premierleague.com/premierleague/photos/players/250x250/p477424.png&w=250&h=250&fit=cover&a=attention,https://resources.premierleague.com/premierleague/photos/players/110x140/p477424.png,https://fantasy.premierleague.com/dist/img/shirts/standard/shirt_477424.png
James Tarkowski,Everton,DEF,Sunderland,Everton (H) vs Sunderland,2.8190241666666664,5.7,4.7,4.8,0.144,3150,3,2,7,0,0.0,164,11,3,True,100.0,17761,Tarkowski,James Tarkowski,https://images.weserv.nl/?url=resources.premierleague.com/premierleague/photos/players/250x250/p17761.png&w=250&h=250&fit=cover&a=attention,https://resources.premierleague.com/premierleague/photos/players/110x140/p17761.png,https://fantasy.premierleague.com/dist/img/shirts/standard/shirt_17761.png
Matheus Nunes,Man City,DEF,Bournemouth,Man City (A) vs Bournemouth,2.8187670238095226,5.3,4.7,3.8,0.0204,2714,8,1,5,0,0.0,151,12,3,False,100.0,465351,Matheus N.,Matheus Nunes,https://images.weserv.nl/?url=resources.premierleague.com/premierleague/photos/players/250x250/p465351.png&w=250&h=250&fit=cover&a=attention,https://resources.premierleague.com/premierleague/photos/players/110x140/p465351.png,https://fantasy.premierleague.com/dist/img/shirts/standard/shirt_465351.png
Elliot Anderson,Nott'm Forest,MID,Man Utd,Nott'm Forest (A) vs Man Utd,2.7433747943722926,5.6,4.6,5.6,0.1758,3178,3,4,7,0,0.0,166,10,2,False,100.0,215379,Anderson,Elliot Anderson,https://images.weserv.nl/?url=resources.premierleague.com/premierleague/photos/players/250x250/p215379.png&w=250&h=250&fit=cover&a=attention,https://resources.premierleague.com/premierleague/photos/players/110x140/p215379.png,https://fantasy.premierleague.com/dist/img/shirts/standard/shirt_215379.png
Mohamed Salah,Liverpool,MID,Aston Villa,Liverpool (A) vs Aston Villa,2.742469794372292,14.0,4.6,2.8,0.4788,2055,6,7,1,0,0.0,116,7,3,False,25.0,118748,M.Salah,Mohamed Salah,https://images.weserv.nl/?url=resources.premierleague.com/premierleague/photos/players/250x250/p118748.png&w=250&h=250&fit=cover&a=attention,https://resources.premierleague.com/premierleague/photos/players/110x140/p118748.png,https://fantasy.premierleague.com/dist/img/shirts/standard/shirt_118748.png
Maxence Lacroix,Crystal Palace,DEF,Brentford,Crystal Palace (A) vs Brentford,2.702023484848484,5.2,4.5,3.5,0.1464,2935,2,1,4,1,0.0,149,11,3,False,100.0,437499,Lacroix,Maxence Lacroix,https://images.weserv.nl/?url=resources.premierleague.com/premierleague/photos/players/250x250/p437499.png&w=250&h=250&fit=cover&a=attention,https://resources.premierleague.com/premierleague/photos/players/110x140/p437499.png,https://fantasy.premierleague.com/dist/img/shirts/standard/shirt_437499.png
Rúben dos Santos Gato Alves Dias,Man City,DEF,Bournemouth,Man City (A) vs Bournemouth,2.701428484848485,5.5,4.5,0.0,0.034199999999999994,2049,0,2,3,0,0.0,112,12,3,False,75.0,171314,Rúben,Rúben dos Santos Gato Alves Dias,https://images.weserv.nl/?url=resources.premierleague.com/premierleague/photos/players/250x250/p171314.png&w=250&h=250&fit=cover&a=attention,https://resources.premierleague.com/premierleague/photos/players/110x140/p171314.png,https://fantasy.premierleague.com/dist/img/shirts/standard/shirt_171314.png
Dominik Szoboszlai,Liverpool,MID,Aston Villa,Liverpool (A) vs Aston Villa,2.6454849134199128,7.0,4.4,5.2,0.2598,3052,5,6,8,1,0.0,149,9,3,False,100.0,424876,Szoboszlai,Dominik Szoboszlai,https://images.weserv.nl/?url=resources.premierleague.com/premierleague/photos/players/250x250/p424876.png&w=250&h=250&fit=cover&a=attention,https://resources.premierleague.com/premierleague/photos/players/110x140/p424876.png,https://fantasy.premierleague.com/dist/img/shirts/standard/shirt_424876.png
Virgil van Dijk,Liverpool,DEF,Aston Villa,Liverpool (A) vs Aston Villa,2.6450284848484844,6.1,4.4,3.8,0.19799999999999998,3240,1,4,4,0,0.0,159,10,3,False,,97032,Virgil,Virgil van Dijk,https://images.weserv.nl/?url=resources.premierleague.com/premierleague/photos/players/250x250/p97032.png&w=250&h=250&fit=cover&a=attention,https://resources.premierleague.com/premierleague/photos/players/110x140/p97032.png,https://fantasy.premierleague.com/dist/img/shirts/standard/shirt_97032.png
Morgan Rogers,Aston Villa,MID,Liverpool,Aston Villa (H) vs Liverpool,2.6407708658008637,7.4,4.4,3.8,0.4074,3190,7,9,7,0,0.0,157,9,2,True,100.0,244850,Rogers,Morgan Rogers,https://images.weserv.nl/?url=resources.premierleague.com/premierleague/photos/players/250x250/p244850.png&w=250&h=250&fit=cover&a=attention,https://resources.premierleague.com/premierleague/photos/players/110x140/p244850.png,https://fantasy.premierleague.com/dist/img/shirts/standard/shirt_244850.png
Rayan Cherki,Man City,MID,Bournemouth,Man City (A) vs Bournemouth,2.5874576190476124,6.6,4.3,4.8,0.2532,1695,12,4,1,0,0.0,129,8,3,False,100.0,466052,Cherki,Rayan Cherki,https://images.weserv.nl/?url=resources.premierleague.com/premierleague/photos/players/250x250/p466052.png&w=250&h=250&fit=cover&a=attention,https://resources.premierleague.com/premierleague/photos/players/110x140/p466052.png,https://fantasy.premierleague.com/dist/img/shirts/standard/shirt_466052.png
David Raya Martín,Arsenal,GKP,Burnley,Arsenal (H) vs Burnley,2.5873335714285663,6.1,4.3,6.5,0.0,3240,0,0,1,0,1.67,156,18,4,True,,154561,Raya,David Raya Martín,https://images.weserv.nl/?url=resources.premierleague.com/premierleague/photos/players/250x250/p154561.png&w=250&h=250&fit=cover&a=attention,https://resources.premierleague.com/premierleague/photos/players/110x140/p154561.png,https://fantasy.premierleague.com/dist/img/shirts/standard/shirt_154561.png
Jan Paul van Hecke,Brighton,DEF,Leeds,Brighton (A) vs Leeds,2.5836919047619,4.7,4.3,5.0,0.1422,3030,3,3,9,0,0.0,145,10,3,False,100.0,469142,Van Hecke,Jan Paul van Hecke,https://images.weserv.nl/?url=resources.premierleague.com/premierleague/photos/players/250x250/p469142.png&w=250&h=250&fit=cover&a=attention,https://resources.premierleague.com/premierleague/photos/players/110x140/p469142.png,https://fantasy.premierleague.com/dist/img/shirts/standard/shirt_469142.png
James Garner,Everton,MID,Sunderland,Everton (H) vs Sunderland,2.5824092857142795,5.2,4.3,3.0,0.12179999999999998,3233,7,2,11,0,0.0,154,11,3,True,,232928,Garner,James Garner,https://images.weserv.nl/?url=resources.premierleague.com/premierleague/photos/players/250x250/p232928.png&w=250&h=250&fit=cover&a=attention,https://resources.premierleague.com/premierleague/photos/players/110x140/p232928.png,https://fantasy.premierleague.com/dist/img/shirts/standard/shirt_232928.png
William Saliba,Arsenal,DEF,Burnley,Arsenal (H) vs Burnley,2.582343571428566,6.2,4.3,5.2,0.0528,2524,0,1,2,0,0.0,129,14,4,True,100.0,462424,Saliba,William Saliba,https://images.weserv.nl/?url=resources.premierleague.com/premierleague/photos/players/250x250/p462424.png&w=250&h=250&fit=cover&a=attention,https://resources.premierleague.com/premierleague/photos/players/110x140/p462424.png,https://fantasy.premierleague.com/dist/img/shirts/standard/shirt_462424.png
Adrien Truffert,Bournemouth,DEF,Man City,Bournemouth (H) vs Man City,2.582168571428567,4.7,4.3,7.2,0.081,3198,4,1,4,0,0.0,155,11,2,True,,494521,Truffert,Adrien Truffert,https://images.weserv.nl/?url=resources.premierleague.com/premierleague/photos/players/250x250/p494521.png&w=250&h=250&fit=cover&a=attention,https://resources.premierleague.com/premierleague/photos/players/110x140/p494521.png,https://fantasy.premierleague.com/dist/img/shirts/standard/shirt_494521.png
Jérémy Doku,Man City,MID,Bournemouth,Man City (A) vs Bournemouth,2.581677619047612,6.5,4.3,7.0,0.1518,1653,8,5,0,0,0.0,116,8,3,False,100.0,248875,Doku,Jérémy Doku,https://images.weserv.nl/?url=resources.premierleague.com/premierleague/photos/players/250x250/p248875.png&w=250&h=250&fit=cover&a=attention,https://resources.premierleague.com/premierleague/photos/players/110x140/p248875.png,https://fantasy.premierleague.com/dist/img/shirts/standard/shirt_248875.png
Pascal Groß,Brighton,MID,Leeds,Brighton (A) vs Leeds,2.5805169047618985,5.6,4.3,6.0,0.075,1456,6,1,2,0,0.0,73,6,3,False,,60307,Groß,Pascal Groß,https://images.weserv.nl/?url=resources.premierleague.com/premierleague/photos/players/250x250/p60307.png&w=250&h=250&fit=cover&a=attention,https://resources.premierleague.com/premierleague/photos/players/110x140/p60307.png,https://fantasy.premierleague.com/dist/img/shirts/standard/shirt_60307.png
Cole Palmer,Chelsea,MID,Spurs,Chelsea (H) vs Spurs,2.5801335714285654,10.3,4.3,1.6,0.6084,1776,2,9,4,0,0.0,104,3,3,True,100.0,244851,Palmer,Cole Palmer,https://images.weserv.nl/?url=resources.premierleague.com/premierleague/photos/players/250x250/p244851.png&w=250&h=250&fit=cover&a=attention,https://resources.premierleague.com/premierleague/photos/players/110x140/p244851.png,https://fantasy.premierleague.com/dist/img/shirts/standard/shirt_244851.png
Bryan Mbeumo,Man Utd,MID,Nott'm Forest,Man Utd (H) vs Nott'm Forest,2.5799085714285646,8.3,4.3,2.0,0.5094000000000001,2459,3,9,4,0,0.0,132,7,3,True,100.0,446008,Mbeumo,Bryan Mbeumo,https://images.weserv.nl/?url=resources.premierleague.com/premierleague/photos/players/250x250/p446008.png&w=250&h=250&fit=cover&a=attention,https://resources.premierleague.com/premierleague/photos/players/110x140/p446008.png,https://fantasy.premierleague.com/dist/img/shirts/standard/shirt_446008.png
Ismaïla Sarr,Crystal Palace,MID,Brentford,Crystal Palace (A) vs Brentford,2.5786169047618994,6.4,4.3,2.5,0.5946,2008,2,8,2,0,0.0,108,9,3,False,100.0,232185,Sarr,Ismaïla Sarr,https://images.weserv.nl/?url=resources.premierleague.com/premierleague/photos/players/250x250/p232185.png&w=250&h=250&fit=cover&a=attention,https://resources.premierleague.com/premierleague/photos/players/110x140/p232185.png,https://fantasy.premierleague.com/dist/img/shirts/standard/shirt_232185.png
Enzo Fernández,Chelsea,MID,Spurs,Chelsea (H) vs Spurs,2.525150000000004,6.4,4.2,2.8,0.6719999999999999,2934,4,9,9,0,0.0,143,8,3,True,100.0,448047,Enzo,Enzo Fernández,https://images.weserv.nl/?url=resources.premierleague.com/premierleague/photos/players/250x250/p448047.png&w=250&h=250&fit=cover&a=attention,https://resources.premierleague.com/premierleague/photos/players/110x140/p448047.png,https://fantasy.premierleague.com/dist/img/shirts/standard/shirt_448047.png
Matheus Santos Carneiro da Cunha,Man Utd,MID,Nott'm Forest,Man Utd (H) vs Nott'm Forest,2.5240142857142893,8.1,4.2,3.4,0.3948,2414,4,9,4,0,0.0,134,8,3,True,100.0,430871,Cunha,Matheus Santos Carneiro da Cunha,https://images.weserv.nl/?url=resources.premierleague.com/premierleague/photos/players/250x250/p430871.png&w=250&h=250&fit=cover&a=attention,https://resources.premierleague.com/premierleague/photos/players/110x140/p430871.png,https://fantasy.premierleague.com/dist/img/shirts/standard/shirt_430871.png
Trevoh Chalobah,Chelsea,DEF,Spurs,Chelsea (H) vs Spurs,2.5238142857142916,5.4,4.2,0.6,0.0864,2739,1,3,3,1,0.0,134,9,3,True,100.0,180736,Chalobah,Trevoh Chalobah,https://images.weserv.nl/?url=resources.premierleague.com/premierleague/photos/players/250x250/p180736.png&w=250&h=250&fit=cover&a=attention,https://resources.premierleague.com/premierleague/photos/players/110x140/p180736.png,https://fantasy.premierleague.com/dist/img/shirts/standard/shirt_180736.png
Riccardo Calafiori,Arsenal,DEF,Burnley,Arsenal (H) vs Burnley,2.5219392857142906,5.6,4.2,1.8,0.2016,1581,2,1,5,0,0.0,100,12,4,True,100.0,466075,Calafiori,Riccardo Calafiori,https://images.weserv.nl/?url=resources.premierleague.com/premierleague/photos/players/250x250/p466075.png&w=250&h=250&fit=cover&a=attention,https://resources.premierleague.com/premierleague/photos/players/110x140/p466075.png,https://fantasy.premierleague.com/dist/img/shirts/standard/shirt_466075.png
Iliman Ndiaye,Everton,MID,Sunderland,Everton (H) vs Sunderland,2.4558882142857184,6.2,4.1,2.5,0.3942,2601,3,6,2,0,0.0,124,8,3,True,100.0,440993,Ndiaye,Iliman Ndiaye,https://images.weserv.nl/?url=resources.premierleague.com/premierleague/photos/players/250x250/p440993.png&w=250&h=250&fit=cover&a=attention,https://resources.premierleague.com/premierleague/photos/players/110x140/p440993.png,https://fantasy.premierleague.com/dist/img/shirts/standard/shirt_440993.png
Reece James,Chelsea,DEF,Spurs,Chelsea (H) vs Spurs,2.454503214285718,5.6,4.1,0.2,0.0612,1919,6,2,4,0,0.0,114,8,3,True,100.0,225796,James,Reece James,https://images.weserv.nl/?url=resources.premierleague.com/premierleague/photos/players/250x250/p225796.png&w=250&h=250&fit=cover&a=attention,https://resources.premierleague.com/premierleague/photos/players/110x140/p225796.png,https://fantasy.premierleague.com/dist/img/shirts/standard/shirt_225796.png
Ryan Gravenberch,Liverpool,MID,Aston Villa,Liverpool (A) vs Aston Villa,2.454203214285718,5.4,4.1,3.8,0.1056,2844,5,5,5,0,0.0,140,9,3,False,100.0,441266,Gravenberch,Ryan Gravenberch,https://images.weserv.nl/?url=resources.premierleague.com/premierleague/photos/players/250x250/p441266.png&w=250&h=250&fit=cover&a=attention,https://resources.premierleague.com/premierleague/photos/players/110x140/p441266.png,https://fantasy.premierleague.com/dist/img/shirts/standard/shirt_441266.png
Chris Richards,Crystal Palace,DEF,Brentford,Crystal Palace (A) vs Brentford,2.453688214285718,4.4,4.1,2.2,0.1314,2706,0,1,3,0,0.0,127,11,3,False,100.0,427623,Richards,Chris Richards,https://images.weserv.nl/?url=resources.premierleague.com/premierleague/photos/players/250x250/p427623.png&w=250&h=250&fit=cover&a=attention,https://resources.premierleague.com/premierleague/photos/players/110x140/p427623.png,https://fantasy.premierleague.com/dist/img/shirts/standard/shirt_427623.png
Florian Wirtz,Liverpool,MID,Aston Villa,Liverpool (A) vs Aston Villa,2.4038225000000004,8.3,4.0,3.0,0.3666,2333,4,5,1,0,0.0,123,10,3,False,100.0,494595,Wirtz,Florian Wirtz,https://images.weserv.nl/?url=resources.premierleague.com/premierleague/photos/players/250x250/p494595.png&w=250&h=250&fit=cover&a=attention,https://resources.premierleague.com/premierleague/photos/players/110x140/p494595.png,https://fantasy.premierleague.com/dist/img/shirts/standard/shirt_494595.png
Michael Keane,Everton,DEF,Sunderland,Everton (H) vs Sunderland,2.4033824999999998,4.5,4.0,1.2,0.1326,2408,0,3,1,1,0.0,123,7,3,True,100.0,106611,Keane,Michael Keane,https://images.weserv.nl/?url=resources.premierleague.com/premierleague/photos/players/250x250/p106611.png&w=250&h=250&fit=cover&a=attention,https://resources.premierleague.com/premierleague/photos/players/110x140/p106611.png,https://fantasy.premierleague.com/dist/img/shirts/standard/shirt_106611.png
Mads Hermansen,West Ham,GKP,Newcastle,West Ham (A) vs Newcastle,2.4026575,4.2,4.0,3.0,0.0,1440,0,0,0,0,3.0,64,6,3,False,,467189,Hermansen,Mads Hermansen,https://images.weserv.nl/?url=resources.premierleague.com/premierleague/photos/players/250x250/p467189.png&w=250&h=250&fit=cover&a=attention,https://resources.premierleague.com/premierleague/photos/players/110x140/p467189.png,https://fantasy.premierleague.com/dist/img/shirts/standard/shirt_467189.png
Dango Ouattara,Brentford,MID,Crystal Palace,Brentford (H) vs Crystal Palace,2.4026574999999997,5.7,4.0,2.8,0.39,2091,8,5,5,0,0.0,119,6,3,True,100.0,533463,O.Dango,Dango Ouattara,https://images.weserv.nl/?url=resources.premierleague.com/premierleague/photos/players/250x250/p533463.png&w=250&h=250&fit=cover&a=attention,https://resources.premierleague.com/premierleague/photos/players/110x140/p533463.png,https://fantasy.premierleague.com/dist/img/shirts/standard/shirt_533463.png
Robin Roefs,Sunderland,GKP,Everton,Sunderland (A) vs Everton,2.4026324999999997,4.8,4.0,4.2,0.0,2970,0,0,4,0,3.15,131,10,3,False,100.0,498016,Roefs,Robin Roefs,https://images.weserv.nl/?url=resources.premierleague.com/premierleague/photos/players/250x250/p498016.png&w=250&h=250&fit=cover&a=attention,https://resources.premierleague.com/premierleague/photos/players/110x140/p498016.png,https://fantasy.premierleague.com/dist/img/shirts/standard/shirt_498016.png
Ollie Watkins,Aston Villa,FWD,Liverpool,Aston Villa (H) vs Liverpool,2.4025475,8.7,4.0,6.0,0.7584,2653,3,12,3,0,0.0,139,9,2,True,100.0,178301,Watkins,Ollie Watkins,https://images.weserv.nl/?url=resources.premierleague.com/premierleague/photos/players/250x250/p178301.png&w=250&h=250&fit=cover&a=attention,https://resources.premierleague.com/premierleague/photos/players/110x140/p178301.png,https://fantasy.premierleague.com/dist/img/shirts/standard/shirt_178301.png
Dominic Calvert-Lewin,Leeds,FWD,Brighton,Leeds (H) vs Brighton,2.402097499999999,5.8,4.0,4.6,0.9006000000000001,2563,2,13,2,0,0.0,133,7,2,True,100.0,177815,Calvert-Lewin,Dominic Calvert-Lewin,https://images.weserv.nl/?url=resources.premierleague.com/premierleague/photos/players/250x250/p177815.png&w=250&h=250&fit=cover&a=attention,https://resources.premierleague.com/premierleague/photos/players/110x140/p177815.png,https://fantasy.premierleague.com/dist/img/shirts/standard/shirt_177815.png
Phil Foden,Man City,MID,Bournemouth,Man City (A) vs Bournemouth,2.339983333333325,8.0,3.9,0.7,0.36119999999999997,1873,3,7,4,0,0.0,116,10,3,False,100.0,209244,Foden,Phil Foden,https://images.weserv.nl/?url=resources.premierleague.com/premierleague/photos/players/250x250/p209244.png&w=250&h=250&fit=cover&a=attention,https://resources.premierleague.com/premierleague/photos/players/110x140/p209244.png,https://fantasy.premierleague.com/dist/img/shirts/standard/shirt_209244.png
Anthony Gordon,Newcastle,MID,West Ham,Newcastle (H) vs West Ham,2.339983333333325,7.3,3.9,0.6,0.5262,1798,4,6,3,1,0.0,101,8,3,True,100.0,232826,Gordon,Anthony Gordon,https://images.weserv.nl/?url=resources.premierleague.com/premierleague/photos/players/250x250/p232826.png&w=250&h=250&fit=cover&a=attention,https://resources.premierleague.com/premierleague/photos/players/110x140/p232826.png,https://fantasy.premierleague.com/dist/img/shirts/standard/shirt_232826.png
Marcus Tavernier,Bournemouth,MID,Man City,Bournemouth (H) vs Man City,2.339983333333325,5.4,3.9,3.5,0.5292,2552,4,6,6,0,0.0,125,11,2,True,100.0,201658,Tavernier,Marcus Tavernier,https://images.weserv.nl/?url=resources.premierleague.com/premierleague/photos/players/250x250/p201658.png&w=250&h=250&fit=cover&a=attention,https://resources.premierleague.com/premierleague/photos/players/110x140/p201658.png,https://fantasy.premierleague.com/dist/img/shirts/standard/shirt_201658.png
Leandro Trossard,Arsenal,MID,Burnley,Arsenal (H) vs Burnley,2.339983333333325,6.5,3.9,4.0,0.3312,1907,6,6,2,0,0.0,116,10,4,True,100.0,116216,Trossard,Leandro Trossard,https://images.weserv.nl/?url=resources.premierleague.com/premierleague/photos/players/250x250/p116216.png&w=250&h=250&fit=cover&a=attention,https://resources.premierleague.com/premierleague/photos/players/110x140/p116216.png,https://fantasy.premierleague.com/dist/img/shirts/standard/shirt_116216.png
Caoimhín Kelleher,Brentford,GKP,Crystal Palace,Brentford (H) vs Crystal Palace,2.3395333333333252,4.8,3.9,4.8,0.0,3150,0,0,1,0,2.83,135,10,3,True,100.0,200720,Kelleher,Caoimhín Kelleher,https://images.weserv.nl/?url=resources.premierleague.com/premierleague/photos/players/250x250/p200720.png&w=250&h=250&fit=cover&a=attention,https://resources.premierleague.com/premierleague/photos/players/110x140/p200720.png,https://fantasy.premierleague.com/dist/img/shirts/standard/shirt_200720.png
James Hill,Bournemouth,DEF,Man City,Bournemouth (H) vs Man City,2.3395333333333252,4.2,3.9,5.2,0.0474,1922,3,0,3,0,0.0,106,8,2,True,,463981,Hill,James Hill,https://images.weserv.nl/?url=resources.premierleague.com/premierleague/photos/players/250x250/p463981.png&w=250&h=250&fit=cover&a=attention,https://resources.premierleague.com/premierleague/photos/players/110x140/p463981.png,https://fantasy.premierleague.com/dist/img/shirts/standard/shirt_463981.png
Jaka Bijol,Leeds,DEF,Brighton,Leeds (H) vs Brighton,2.3395333333333252,3.9,3.9,4.6,0.054000000000000006,1729,3,1,3,0,0.0,89,4,2,True,100.0,434752,Bijol,Jaka Bijol,https://images.weserv.nl/?url=resources.premierleague.com/premierleague/photos/players/250x250/p434752.png&w=250&h=250&fit=cover&a=attention,https://resources.premierleague.com/premierleague/photos/players/110x140/p434752.png,https://fantasy.premierleague.com/dist/img/shirts/standard/shirt_434752.png
Omar Alderete,Sunderland,DEF,Everton,Sunderland (A) vs Everton,2.3395333333333252,4.1,3.9,4.2,0.0972,2775,1,1,6,0,0.0,124,10,3,False,100.0,201895,Alderete,Omar Alderete,https://images.weserv.nl/?url=resources.premierleague.com/premierleague/photos/players/250x250/p201895.png&w=250&h=250&fit=cover&a=attention,https://resources.premierleague.com/premierleague/photos/players/110x140/p201895.png,https://fantasy.premierleague.com/dist/img/shirts/standard/shirt_201895.png
Ethan Ampadu,Leeds,MID,Brighton,Leeds (H) vs Brighton,2.3395333333333252,4.9,3.9,5.2,0.1482,2939,4,1,9,0,0.0,128,7,2,True,100.0,199598,Ampadu,Ethan Ampadu,https://images.weserv.nl/?url=resources.premierleague.com/premierleague/photos/players/250x250/p199598.png&w=250&h=250&fit=cover&a=attention,https://resources.premierleague.com/premierleague/photos/players/110x140/p199598.png,https://fantasy.premierleague.com/dist/img/shirts/standard/shirt_199598.png
Gianluigi Donnarumma,Man City,GKP,Bournemouth,Man City (A) vs Bournemouth,2.339233333333325,5.6,3.9,3.7,0.0,2880,0,0,7,0,2.31,126,14,3,False,,204936,Donnarumma,Gianluigi Donnarumma,https://images.weserv.nl/?url=resources.premierleague.com/premierleague/photos/players/250x250/p204936.png&w=250&h=250&fit=cover&a=attention,https://resources.premierleague.com/premierleague/photos/players/110x140/p204936.png,https://fantasy.premierleague.com/dist/img/shirts/standard/shirt_204936.png
Harry Maguire,Man Utd,DEF,Nott'm Forest,Man Utd (H) vs Nott'm Forest,2.339233333333325,4.4,3.9,3.6,0.06420000000000001,1469,2,1,3,1,0.0,81,6,3,True,100.0,95658,Maguire,Harry Maguire,https://images.weserv.nl/?url=resources.premierleague.com/premierleague/photos/players/250x250/p95658.png&w=250&h=250&fit=cover&a=attention,https://resources.premierleague.com/premierleague/photos/players/110x140/p95658.png,https://fantasy.premierleague.com/dist/img/shirts/standard/shirt_95658.png
Konstantinos Mavropanos,West Ham,DEF,Newcastle,West Ham (A) vs Newcastle,2.2798333333333276,4.5,3.8,3.2,0.1464,2352,0,3,2,0,0.0,111,5,3,False,100.0,233963,Mavropanos,Konstantinos Mavropanos,https://images.weserv.nl/?url=resources.premierleague.com/premierleague/photos/players/250x250/p233963.png&w=250&h=250&fit=cover&a=attention,https://resources.premierleague.com/premierleague/photos/players/110x140/p233963.png,https://fantasy.premierleague.com/dist/img/shirts/standard/shirt_233963.png
Enzo Le Fée,Sunderland,MID,Everton,Sunderland (A) vs Everton,2.2797133333333273,4.8,3.8,4.2,0.30119999999999997,2750,5,4,5,0,0.0,129,10,3,False,100.0,484420,E.Le Fée,Enzo Le Fée,https://images.weserv.nl/?url=resources.premierleague.com/premierleague/photos/players/250x250/p484420.png&w=250&h=250&fit=cover&a=attention,https://resources.premierleague.com/premierleague/photos/players/110x140/p484420.png,https://fantasy.premierleague.com/dist/img/shirts/standard/shirt_484420.png
Granit Xhaka,Sunderland,MID,Everton,Sunderland (A) vs Everton,2.2795333333333274,5.1,3.8,4.4,0.0606,2721,6,1,7,0,0.0,121,9,3,False,100.0,84450,Xhaka,Granit Xhaka,https://images.weserv.nl/?url=resources.premierleague.com/premierleague/photos/players/250x250/p84450.png&w=250&h=250&fit=cover&a=attention,https://resources.premierleague.com/premierleague/photos/players/110x140/p84450.png,https://fantasy.premierleague.com/dist/img/shirts/standard/shirt_84450.png
Ibrahima Konaté,Liverpool,DEF,Aston Villa,Liverpool (A) vs Aston Villa,2.2795333333333274,5.5,3.8,2.8,0.063,2912,0,1,6,0,0.0,128,10,3,False,100.0,204716,Konaté,Ibrahima Konaté,https://images.weserv.nl/?url=resources.premierleague.com/premierleague/photos/players/250x250/p204716.png&w=250&h=250&fit=cover&a=attention,https://resources.premierleague.com/premierleague/photos/players/110x140/p204716.png,https://fantasy.premierleague.com/dist/img/shirts/standard/shirt_204716.png
Dean Henderson,Crystal Palace,GKP,Brentford,Crystal Palace (A) vs Brentford,2.2794333333333276,5.1,3.8,2.2,0.0,3060,0,0,4,0,2.91,128,11,3,False,,172649,Henderson,Dean Henderson,https://images.weserv.nl/?url=resources.premierleague.com/premierleague/photos/players/250x250/p172649.png&w=250&h=250&fit=cover&a=attention,https://resources.premierleague.com/premierleague/photos/players/110x140/p172649.png,https://fantasy.premierleague.com/dist/img/shirts/standard/shirt_172649.png
Benjamin White,Arsenal,DEF,Burnley,Arsenal (H) vs Burnley,2.2793833333333273,5.1,3.8,3.5,0.027000000000000003,699,1,0,0,0,0.0,45,5,4,True,100.0,198869,White,Benjamin White,https://images.weserv.nl/?url=resources.premierleague.com/premierleague/photos/players/250x250/p198869.png&w=250&h=250&fit=cover&a=attention,https://resources.premierleague.com/premierleague/photos/players/110x140/p198869.png,https://fantasy.premierleague.com/dist/img/shirts/standard/shirt_198869.png
Emiliano Martínez Romero,Aston Villa,GKP,Liverpool,Aston Villa (H) vs Liverpool,2.2792333333333272,5.1,3.8,2.6,0.0,2745,1,0,2,0,3.02,118,7,2,True,100.0,98980,Martinez,Emiliano Martínez Romero,https://images.weserv.nl/?url=resources.premierleague.com/premierleague/photos/players/250x250/p98980.png&w=250&h=250&fit=cover&a=attention,https://resources.premierleague.com/premierleague/photos/players/110x140/p98980.png,https://fantasy.premierleague.com/dist/img/shirts/standard/shirt_98980.png
Ola Aina,Nott'm Forest,DEF,Man Utd,Nott'm Forest (A) vs Man Utd,2.2202000000000046,4.7,3.7,2.6,0.024599999999999997,1587,2,0,3,0,0.0,67,6,2,False,50.0,159506,Aina,Ola Aina,https://images.weserv.nl/?url=resources.premierleague.com/premierleague/photos/players/250x250/p159506.png&w=250&h=250&fit=cover&a=attention,https://resources.premierleague.com/premierleague/photos/players/110x140/p159506.png,https://fantasy.premierleague.com/dist/img/shirts/standard/shirt_159506.png
Benjamin Sesko,Man Utd,FWD,Nott'm Forest,Man Utd (H) vs Nott'm Forest,2.2202000000000046,7.3,3.7,3.4,0.5526000000000001,1630,2,11,2,0,0.0,111,2,3,True,75.0,485711,Šeško,Benjamin Sesko,https://images.weserv.nl/?url=resources.premierleague.com/premierleague/photos/players/250x250/p485711.png&w=250&h=250&fit=cover&a=attention,https://resources.premierleague.com/premierleague/photos/players/110x140/p485711.png,https://fantasy.premierleague.com/dist/img/shirts/standard/shirt_485711.png
Nathan Collins,Brentford,DEF,Crystal Palace,Brentford (H) vs Crystal Palace,2.2202000000000046,4.9,3.7,3.8,0.12840000000000001,2791,2,1,6,0,0.0,123,9,3,True,,432830,Collins,Nathan Collins,https://images.weserv.nl/?url=resources.premierleague.com/premierleague/photos/players/250x250/p432830.png&w=250&h=250&fit=cover&a=attention,https://resources.premierleague.com/premierleague/photos/players/110x140/p432830.png,https://fantasy.premierleague.com/dist/img/shirts/standard/shirt_432830.png
Jordan Pickford,Everton,GKP,Sunderland,Everton (H) vs Sunderland,2.2202000000000046,5.6,3.7,1.5,0.0,3240,0,0,4,0,2.75,132,11,3,True,,111234,Pickford,Jordan Pickford,https://images.weserv.nl/?url=resources.premierleague.com/premierleague/photos/players/250x250/p111234.png&w=250&h=250&fit=cover&a=attention,https://resources.premierleague.com/premierleague/photos/players/110x140/p111234.png,https://fantasy.premierleague.com/dist/img/shirts/standard/shirt_111234.png
Malick Thiaw,Newcastle,DEF,West Ham,Newcastle (H) vs West Ham,2.2202000000000046,4.9,3.7,1.8,0.288,2783,0,4,4,0,0.0,123,5,3,True,,465642,Thiaw,Malick Thiaw,https://images.weserv.nl/?url=resources.premierleague.com/premierleague/photos/players/250x250/p465642.png&w=250&h=250&fit=cover&a=attention,https://resources.premierleague.com/premierleague/photos/players/110x140/p465642.png,https://fantasy.premierleague.com/dist/img/shirts/standard/shirt_465642.png
Mats Wieffer,Brighton,MID,Leeds,Brighton (A) vs Leeds,2.2202000000000046,4.9,3.7,0.8,0.1152,1811,4,2,8,0,0.0,92,6,3,False,50.0,467779,Wieffer,Mats Wieffer,https://images.weserv.nl/?url=resources.premierleague.com/premierleague/photos/players/250x250/p467779.png&w=250&h=250&fit=cover&a=attention,https://resources.premierleague.com/premierleague/photos/players/110x140/p467779.png,https://fantasy.premierleague.com/dist/img/shirts/standard/shirt_467779.png
Viktor Gyökeres,Arsenal,FWD,Burnley,Arsenal (H) vs Burnley,2.220150000000005,9.0,3.7,5.0,0.726,2193,1,14,5,0,0.0,126,12,4,True,100.0,224117,Gyökeres,Viktor Gyökeres,https://images.weserv.nl/?url=resources.premierleague.com/premierleague/photos/players/250x250/p224117.png&w=250&h=250&fit=cover&a=attention,https://resources.premierleague.com/premierleague/photos/players/110x140/p224117.png,https://fantasy.premierleague.com/dist/img/shirts/standard/shirt_224117.png
Giorgi Mamardashvili,Liverpool,GKP,Aston Villa,Liverpool (A) vs Aston Villa,2.220100000000005,4.1,3.7,0.8,0.0,777,0,0,0,0,3.36,33,2,3,False,50.0,449027,Mamardashvili,Giorgi Mamardashvili,https://images.weserv.nl/?url=resources.premierleague.com/premierleague/photos/players/250x250/p449027.png&w=250&h=250&fit=cover&a=attention,https://resources.premierleague.com/premierleague/photos/players/110x140/p449027.png,https://fantasy.premierleague.com/dist/img/shirts/standard/shirt_449027.png
James Trafford,Man City,GKP,Bournemouth,Man City (A) vs Bournemouth,2.220100000000005,4.5,3.7,0.0,0.0,270,0,0,0,0,3.67,11,1,3,False,,432720,Trafford,James Trafford,https://images.weserv.nl/?url=resources.premierleague.com/premierleague/photos/players/250x250/p432720.png&w=250&h=250&fit=cover&a=attention,https://resources.premierleague.com/premierleague/photos/players/110x140/p432720.png,https://fantasy.premierleague.com/dist/img/shirts/standard/shirt_432720.png
Tyrick Mitchell,Crystal Palace,DEF,Brentford,Crystal Palace (A) vs Brentford,2.220050000000005,5.0,3.7,2.8,0.075,3028,3,1,5,0,0.0,131,12,3,False,,244723,Mitchell,Tyrick Mitchell,https://images.weserv.nl/?url=resources.premierleague.com/premierleague/photos/players/250x250/p244723.png&w=250&h=250&fit=cover&a=attention,https://resources.premierleague.com/premierleague/photos/players/110x140/p244723.png,https://fantasy.premierleague.com/dist/img/shirts/standard/shirt_244723.png
Joachim Andersen,Fulham,DEF,Wolves,Fulham (A) vs Wolves,2.220000000000005,4.5,3.7,4.5,0.0858,2882,1,0,7,1,0.0,123,8,4,False,100.0,174874,Andersen,Joachim Andersen,https://images.weserv.nl/?url=resources.premierleague.com/premierleague/photos/players/250x250/p174874.png&w=250&h=250&fit=cover&a=attention,https://resources.premierleague.com/premierleague/photos/players/110x140/p174874.png,https://fantasy.premierleague.com/dist/img/shirts/standard/shirt_174874.png
Piero Hincapié,Arsenal,DEF,Burnley,Arsenal (H) vs Burnley,2.220000000000005,5.1,3.7,2.5,0.0198,1679,2,1,2,0,0.0,84,5,4,True,100.0,448104,Hincapie,Piero Hincapié,https://images.weserv.nl/?url=resources.premierleague.com/premierleague/photos/players/250x250/p448104.png&w=250&h=250&fit=cover&a=attention,https://resources.premierleague.com/premierleague/photos/players/110x140/p448104.png,https://fantasy.premierleague.com/dist/img/shirts/standard/shirt_448104.png
Stefan Ortega Moreno,Nott'm Forest,GKP,Man Utd,Nott'm Forest (A) vs Man Utd,2.220000000000005,4.7,3.7,0.0,0.0,270,0,0,0,0,2.67,11,1,2,False,100.0,88248,Ortega Moreno,Stefan Ortega Moreno,https://images.weserv.nl/?url=resources.premierleague.com/premierleague/photos/players/250x250/p88248.png&w=250&h=250&fit=cover&a=attention,https://resources.premierleague.com/premierleague/photos/players/110x140/p88248.png,https://fantasy.premierleague.com/dist/img/shirts/standard/shirt_88248.png
Jean-Philippe Mateta,Crystal Palace,FWD,Brentford,Crystal Palace (A) vs Brentford,2.220000000000005,7.6,3.7,3.5,0.8423999999999999,2109,0,11,2,0,0.0,106,8,3,False,100.0,231747,Mateta,Jean-Philippe Mateta,https://images.weserv.nl/?url=resources.premierleague.com/premierleague/photos/players/250x250/p231747.png&w=250&h=250&fit=cover&a=attention,https://resources.premierleague.com/premierleague/photos/players/110x140/p231747.png,https://fantasy.premierleague.com/dist/img/shirts/standard/shirt_231747.png
Kenny Tete,Fulham,DEF,Wolves,Fulham (A) vs Wolves,2.220000000000005,4.5,3.7,0.0,0.055200000000000006,1791,0,1,2,0,0.0,81,6,4,False,100.0,167074,Tete,Kenny Tete,https://images.weserv.nl/?url=resources.premierleague.com/premierleague/photos/players/250x250/p167074.png&w=250&h=250&fit=cover&a=attention,https://resources.premierleague.com/premierleague/photos/players/110x140/p167074.png,https://fantasy.premierleague.com/dist/img/shirts/standard/shirt_167074.png
Jaydee Canvot,Crystal Palace,DEF,Brentford,Crystal Palace (A) vs Brentford,2.220000000000005,4.5,3.7,3.0,0.0888,1151,0,0,3,0,0.0,66,5,3,False,100.0,651426,Canvot,Jaydee Canvot,https://images.weserv.nl/?url=resources.premierleague.com/premierleague/photos/players/250x250/p651426.png&w=250&h=250&fit=cover&a=attention,https://resources.premierleague.com/premierleague/photos/players/110x140/p651426.png,https://fantasy.premierleague.com/dist/img/shirts/standard/shirt_651426.png
Richarlison de Andrade,Spurs,FWD,Chelsea,Spurs (A) vs Chelsea,2.220000000000005,6.4,3.7,3.4,0.462,1792,4,10,5,0,0.0,110,6,3,False,100.0,212319,Richarlison,Richarlison de Andrade,https://images.weserv.nl/?url=resources.premierleague.com/premierleague/photos/players/250x250/p212319.png&w=250&h=250&fit=cover&a=attention,https://resources.premierleague.com/premierleague/photos/players/110x140/p212319.png,https://fantasy.premierleague.com/dist/img/shirts/standard/shirt_212319.png
Alex Scott,Bournemouth,MID,Man City,Bournemouth (H) vs Man City,2.219850000000005,5.0,3.7,3.0,0.22799999999999998,2758,2,3,5,0,0.0,132,11,2,True,100.0,503139,Scott,Alex Scott,https://images.weserv.nl/?url=resources.premierleague.com/premierleague/photos/players/250x250/p503139.png&w=250&h=250&fit=cover&a=attention,https://resources.premierleague.com/premierleague/photos/players/110x140/p503139.png,https://fantasy.premierleague.com/dist/img/shirts/standard/shirt_503139.png
Cody Gakpo,Liverpool,MID,Aston Villa,Liverpool (A) vs Aston Villa,2.219730000000005,7.3,3.7,3.8,0.4566,2573,5,7,3,0,0.0,127,10,3,False,100.0,243298,Gakpo,Cody Gakpo,https://images.weserv.nl/?url=resources.premierleague.com/premierleague/photos/players/250x250/p243298.png&w=250&h=250&fit=cover&a=attention,https://resources.premierleague.com/premierleague/photos/players/110x140/p243298.png,https://fantasy.premierleague.com/dist/img/shirts/standard/shirt_243298.png
Alisson Becker,Liverpool,GKP,Aston Villa,Liverpool (A) vs Aston Villa,2.1606000000000076,5.4,3.6,0.0,0.0,2250,0,0,1,0,2.24,89,8,3,False,25.0,116535,A.Becker,Alisson Becker,https://images.weserv.nl/?url=resources.premierleague.com/premierleague/photos/players/250x250/p116535.png&w=250&h=250&fit=cover&a=attention,https://resources.premierleague.com/premierleague/photos/players/110x140/p116535.png,https://fantasy.premierleague.com/dist/img/shirts/standard/shirt_116535.png
Sven Botman,Newcastle,DEF,West Ham,Newcastle (H) vs West Ham,2.1603000000000074,4.9,3.6,3.4,0.1026,1654,1,1,2,0,0.0,82,5,3,True,100.0,220237,Botman,Sven Botman,https://images.weserv.nl/?url=resources.premierleague.com/premierleague/photos/players/250x250/p220237.png&w=250&h=250&fit=cover&a=attention,https://resources.premierleague.com/premierleague/photos/players/110x140/p220237.png,https://fantasy.premierleague.com/dist/img/shirts/standard/shirt_220237.png
Nick Pope,Newcastle,GKP,West Ham,Newcastle (H) vs West Ham,2.1602000000000077,5.0,3.6,1.6,0.009600000000000001,2236,1,0,2,0,3.14,90,7,3,True,100.0,98747,Pope,Nick Pope,https://images.weserv.nl/?url=resources.premierleague.com/premierleague/photos/players/250x250/p98747.png&w=250&h=250&fit=cover&a=attention,https://resources.premierleague.com/premierleague/photos/players/110x140/p98747.png,https://fantasy.premierleague.com/dist/img/shirts/standard/shirt_98747.png
Pedro Lomba Neto,Chelsea,MID,Spurs,Chelsea (H) vs Spurs,2.1600000000000077,7.0,3.6,1.2,0.2706,2477,5,5,2,1,0.0,114,11,3,True,25.0,247632,Neto,Pedro Lomba Neto,https://images.weserv.nl/?url=resources.premierleague.com/premierleague/photos/players/250x250/p247632.png&w=250&h=250&fit=cover&a=attention,https://resources.premierleague.com/premierleague/photos/players/110x140/p247632.png,https://fantasy.premierleague.com/dist/img/shirts/standard/shirt_247632.png
Martín Zubimendi Ibáñez,Arsenal,MID,Burnley,Arsenal (H) vs Burnley,2.1598500000000076,5.0,3.6,2.8,0.1704,2900,1,5,4,0,0.0,130,16,4,True,100.0,481655,Zubimendi,Martín Zubimendi Ibáñez,https://images.weserv.nl/?url=resources.premierleague.com/premierleague/photos/players/250x250/p481655.png&w=250&h=250&fit=cover&a=attention,https://resources.premierleague.com/premierleague/photos/players/110x140/p481655.png,https://fantasy.premierleague.com/dist/img/shirts/standard/shirt_481655.png
Mateus Gonçalo Espanha Fernandes,West Ham,MID,Newcastle,West Ham (A) vs Newcastle,2.1598500000000076,5.5,3.6,3.2,0.11100000000000002,2837,3,3,7,0,0.0,122,7,3,False,100.0,551226,M.Fernandes,Mateus Gonçalo Espanha Fernandes,https://images.weserv.nl/?url=resources.premierleague.com/premierleague/photos/players/250x250/p551226.png&w=250&h=250&fit=cover&a=attention,https://resources.premierleague.com/premierleague/photos/players/110x140/p551226.png,https://fantasy.premierleague.com/dist/img/shirts/standard/shirt_551226.png
Neco Williams,Nott'm Forest,DEF,Man Utd,Nott'm Forest (A) vs Man Utd,2.1598500000000076,4.8,3.6,4.2,0.11639999999999999,3023,3,2,6,1,0.0,125,9,2,False,100.0,215136,N.Williams,Neco Williams,https://images.weserv.nl/?url=resources.premierleague.com/premierleague/photos/players/250x250/p215136.png&w=250&h=250&fit=cover&a=attention,https://resources.premierleague.com/premierleague/photos/players/110x140/p215136.png,https://fantasy.premierleague.com/dist/img/shirts/standard/shirt_215136.png
Ethan Pinnock,Brentford,DEF,Crystal Palace,Brentford (H) vs Crystal Palace,2.1004500000000004,4.2,3.5,0.0,0.0006000000000000001,318,0,0,1,0,0.0,14,1,3,True,100.0,231065,Pinnock,Ethan Pinnock,https://images.weserv.nl/?url=resources.premierleague.com/premierleague/photos/players/250x250/p231065.png&w=250&h=250&fit=cover&a=attention,https://resources.premierleague.com/premierleague/photos/players/110x140/p231065.png,https://fantasy.premierleague.com/dist/img/shirts/standard/shirt_231065.png
Rayan Aït-Nouri,Man City,DEF,Bournemouth,Man City (A) vs Bournemouth,2.10015,5.7,3.5,1.5,0.0288,868,2,0,2,0,0.0,53,4,3,False,100.0,448514,Aït-Nouri,Rayan Aït-Nouri,https://images.weserv.nl/?url=resources.premierleague.com/premierleague/photos/players/250x250/p448514.png&w=250&h=250&fit=cover&a=attention,https://resources.premierleague.com/premierleague/photos/players/110x140/p448514.png,https://fantasy.premierleague.com/dist/img/shirts/standard/shirt_448514.png
Crysencio Summerville,West Ham,MID,Newcastle,West Ham (A) vs Newcastle,2.1001499999999997,5.4,3.5,1.8,0.32039999999999996,2290,3,5,6,0,0.0,102,7,3,False,100.0,450070,Summerville,Crysencio Summerville,https://images.weserv.nl/?url=resources.premierleague.com/premierleague/photos/players/250x250/p450070.png&w=250&h=250&fit=cover&a=attention,https://resources.premierleague.com/premierleague/photos/players/110x140/p450070.png,https://fantasy.premierleague.com/dist/img/shirts/standard/shirt_450070.png
Sepp van den Berg,Brentford,DEF,Crystal Palace,Brentford (H) vs Crystal Palace,2.1,4.4,3.5,3.0,0.1908,2663,2,0,2,0,0.0,105,8,3,True,100.0,444765,Van den Berg,Sepp van den Berg,https://images.weserv.nl/?url=resources.premierleague.com/premierleague/photos/players/250x250/p444765.png&w=250&h=250&fit=cover&a=attention,https://resources.premierleague.com/premierleague/photos/players/110x140/p444765.png,https://fantasy.premierleague.com/dist/img/shirts/standard/shirt_444765.png
Yasin Ayari,Brighton,MID,Leeds,Brighton (A) vs Leeds,2.1,4.8,3.5,1.0,0.162,1913,4,3,1,0,0.0,97,6,3,False,100.0,509416,Ayari,Yasin Ayari,https://images.weserv.nl/?url=resources.premierleague.com/premierleague/photos/players/250x250/p509416.png&w=250&h=250&fit=cover&a=attention,https://resources.premierleague.com/premierleague/photos/players/110x140/p509416.png,https://fantasy.premierleague.com/dist/img/shirts/standard/shirt_509416.png
Brenden Aaronson,Leeds,MID,Brighton,Leeds (H) vs Brighton,2.1,5.4,3.5,3.0,0.255,2300,8,4,2,0,0.0,124,9,2,True,,427637,Aaronson,Brenden Aaronson,https://images.weserv.nl/?url=resources.premierleague.com/premierleague/photos/players/250x250/p427637.png&w=250&h=250&fit=cover&a=attention,https://resources.premierleague.com/premierleague/photos/players/110x140/p427637.png,https://fantasy.premierleague.com/dist/img/shirts/standard/shirt_427637.png
Danny Welbeck,Brighton,FWD,Leeds,Brighton (A) vs Leeds,2.09985,6.4,3.5,3.8,0.729,2127,1,13,5,0,0.0,123,9,3,False,100.0,50175,Welbeck,Danny Welbeck,https://images.weserv.nl/?url=resources.premierleague.com/premierleague/photos/players/250x250/p50175.png&w=250&h=250&fit=cover&a=attention,https://resources.premierleague.com/premierleague/photos/players/110x140/p50175.png,https://fantasy.premierleague.com/dist/img/shirts/standard/shirt_50175.png
Axel Disasi,West Ham,DEF,Newcastle,West Ham (A) vs Newcastle,2.09985,4.5,3.5,3.8,0.066,1074,0,0,1,0,0.0,42,5,3,False,,220362,Disasi,Axel Disasi,https://images.weserv.nl/?url=resources.premierleague.com/premierleague/photos/players/250x250/p220362.png&w=250&h=250&fit=cover&a=attention,https://resources.premierleague.com/premierleague/photos/players/110x140/p220362.png,https://fantasy.premierleague.com/dist/img/shirts/standard/shirt_220362.png
Mikkel Damsgaard,Brentford,MID,Crystal Palace,Brentford (H) vs Crystal Palace,2.0998499999999996,5.6,3.5,5.5,0.1548,1949,4,4,0,0,0.0,110,5,3,True,100.0,440089,Damsgaard,Mikkel Damsgaard,https://images.weserv.nl/?url=resources.premierleague.com/premierleague/photos/players/250x250/p440089.png&w=250&h=250&fit=cover&a=attention,https://resources.premierleague.com/premierleague/photos/players/110x140/p440089.png,https://fantasy.premierleague.com/dist/img/shirts/standard/shirt_440089.png
Eberechi Eze,Arsenal,MID,Burnley,Arsenal (H) vs Burnley,2.0998499999999996,7.3,3.5,3.5,0.2646,1798,3,7,1,0,0.0,109,10,4,True,100.0,232413,Eze,Eberechi Eze,https://images.weserv.nl/?url=resources.premierleague.com/premierleague/photos/players/250x250/p232413.png&w=250&h=250&fit=cover&a=attention,https://resources.premierleague.com/premierleague/photos/players/110x140/p232413.png,https://fantasy.premierleague.com/dist/img/shirts/standard/shirt_232413.png
Kevin Schade,Brentford,MID,Crystal Palace,Brentford (H) vs Crystal Palace,2.0998499999999996,6.8,3.5,2.5,0.6576000000000001,2627,5,7,6,1,0.0,117,11,3,True,100.0,513418,Schade,Kevin Schade,https://images.weserv.nl/?url=resources.premierleague.com/premierleague/photos/players/250x250/p513418.png&w=250&h=250&fit=cover&a=attention,https://resources.premierleague.com/premierleague/photos/players/110x140/p513418.png,https://fantasy.premierleague.com/dist/img/shirts/standard/shirt_513418.png
Jaidon Anthony,Burnley,MID,Arsenal,Burnley (A) vs Arsenal,2.0998499999999996,5.0,3.5,4.0,0.303,2543,4,8,4,0,0.0,123,4,1,False,100.0,444180,Anthony,Jaidon Anthony,https://images.weserv.nl/?url=resources.premierleague.com/premierleague/photos/players/250x250/p444180.png&w=250&h=250&fit=cover&a=attention,https://resources.premierleague.com/premierleague/photos/players/110x140/p444180.png,https://fantasy.premierleague.com/dist/img/shirts/standard/shirt_444180.png
Matty Cash,Aston Villa,DEF,Liverpool,Aston Villa (H) vs Liverpool,2.0997,4.7,3.5,2.0,0.0678,2881,3,3,8,0,0.0,116,8,2,True,100.0,199796,Cash,Matty Cash,https://images.weserv.nl/?url=resources.premierleague.com/premierleague/photos/players/250x250/p199796.png&w=250&h=250&fit=cover&a=attention,https://resources.premierleague.com/premierleague/photos/players/110x140/p199796.png,https://fantasy.premierleague.com/dist/img/shirts/standard/shirt_199796.png
João Maria Lobo Alves Palhares Costa Palhinha Gonçalves,Spurs,MID,Chelsea,Spurs (A) vs Chelsea,2.09955,5.5,3.5,3.2,0.13379999999999997,2034,3,4,7,0,0.0,110,4,3,False,100.0,154296,J.Palhinha,João Maria Lobo Alves Palhares Costa Palhinha Gonçalves,https://images.weserv.nl/?url=resources.premierleague.com/premierleague/photos/players/250x250/p154296.png&w=250&h=250&fit=cover&a=attention,https://resources.premierleague.com/premierleague/photos/players/110x140/p154296.png,https://fantasy.premierleague.com/dist/img/shirts/standard/shirt_154296.png
Bart Verbruggen,Brighton,GKP,Leeds,Brighton (A) vs Leeds,2.09955,4.6,3.5,4.0,0.0,3240,0,0,3,0,2.78,126,10,3,False,,489639,Verbruggen,Bart Verbruggen,https://images.weserv.nl/?url=resources.premierleague.com/premierleague/photos/players/250x250/p489639.png&w=250&h=250&fit=cover&a=attention,https://resources.premierleague.com/premierleague/photos/players/110x140/p489639.png,https://fantasy.premierleague.com/dist/img/shirts/standard/shirt_489639.png
Yankuba Minteh,Brighton,MID,Leeds,Brighton (A) vs Leeds,2.0993999999999997,5.5,3.5,3.8,0.2286,2254,8,3,3,0,0.0,113,10,3,False,100.0,592031,Minteh,Yankuba Minteh,https://images.weserv.nl/?url=resources.premierleague.com/premierleague/photos/players/250x250/p592031.png&w=250&h=250&fit=cover&a=attention,https://resources.premierleague.com/premierleague/photos/players/110x140/p592031.png,https://fantasy.premierleague.com/dist/img/shirts/standard/shirt_592031.png
Habib Diarra,Sunderland,MID,Everton,Sunderland (A) vs Everton,2.0405999999999924,5.3,3.4,2.0,0.18839999999999998,1361,5,2,5,0,0.0,61,5,3,False,100.0,547027,Diarra,Habib Diarra,https://images.weserv.nl/?url=resources.premierleague.com/premierleague/photos/players/250x250/p547027.png&w=250&h=250&fit=cover&a=attention,https://resources.premierleague.com/premierleague/photos/players/110x140/p547027.png,https://fantasy.premierleague.com/dist/img/shirts/standard/shirt_547027.png
John McGinn,Aston Villa,MID,Liverpool,Aston Villa (H) vs Liverpool,2.0402999999999927,5.3,3.4,2.6,0.1746,2043,4,4,4,0,0.0,96,8,2,True,100.0,122806,McGinn,John McGinn,https://images.weserv.nl/?url=resources.premierleague.com/premierleague/photos/players/250x250/p122806.png&w=250&h=250&fit=cover&a=attention,https://resources.premierleague.com/premierleague/photos/players/110x140/p122806.png,https://fantasy.premierleague.com/dist/img/shirts/standard/shirt_122806.png
Matz Sels,Nott'm Forest,GKP,Man Utd,Nott'm Forest (A) vs Man Utd,2.040149999999992,4.6,3.4,4.6,0.0,2487,0,0,2,0,3.15,100,7,2,False,100.0,85633,Sels,Matz Sels,https://images.weserv.nl/?url=resources.premierleague.com/premierleague/photos/players/250x250/p85633.png&w=250&h=250&fit=cover&a=attention,https://resources.premierleague.com/premierleague/photos/players/110x140/p85633.png,https://fantasy.premierleague.com/dist/img/shirts/standard/shirt_85633.png
Senne Lammens,Man Utd,GKP,Nott'm Forest,Man Utd (H) vs Nott'm Forest,2.040149999999992,5.1,3.4,5.2,0.0,2700,0,0,0,0,2.5,102,7,3,True,,465247,Lammens,Senne Lammens,https://images.weserv.nl/?url=resources.premierleague.com/premierleague/photos/players/250x250/p465247.png&w=250&h=250&fit=cover&a=attention,https://resources.premierleague.com/premierleague/photos/players/110x140/p465247.png,https://fantasy.premierleague.com/dist/img/shirts/standard/shirt_465247.png
Jack Hinshelwood,Brighton,MID,Leeds,Brighton (A) vs Leeds,2.0399999999999925,5.1,3.4,6.2,0.2784,1582,5,4,0,0,0.0,86,6,3,False,100.0,532529,Hinshelwood,Jack Hinshelwood,https://images.weserv.nl/?url=resources.premierleague.com/premierleague/photos/players/250x250/p532529.png&w=250&h=250&fit=cover&a=attention,https://resources.premierleague.com/premierleague/photos/players/110x140/p532529.png,https://fantasy.premierleague.com/dist/img/shirts/standard/shirt_532529.png
Pedro Porro Sauceda,Spurs,DEF,Chelsea,Spurs (A) vs Chelsea,2.0399999999999925,5.2,3.4,5.2,0.059399999999999994,2613,3,1,9,0,0.0,109,8,3,False,100.0,441164,Pedro Porro,Pedro Porro Sauceda,https://images.weserv.nl/?url=resources.premierleague.com/premierleague/photos/players/250x250/p441164.png&w=250&h=250&fit=cover&a=attention,https://resources.premierleague.com/premierleague/photos/players/110x140/p441164.png,https://fantasy.premierleague.com/dist/img/shirts/standard/shirt_441164.png
Dan Burn,Newcastle,DEF,West Ham,Newcastle (H) vs West Ham,2.0399999999999925,5.0,3.4,2.6,0.0648,2097,3,1,9,1,0.0,91,6,3,True,100.0,78916,Burn,Dan Burn,https://images.weserv.nl/?url=resources.premierleague.com/premierleague/photos/players/250x250/p78916.png&w=250&h=250&fit=cover&a=attention,https://resources.premierleague.com/premierleague/photos/players/110x140/p78916.png,https://fantasy.premierleague.com/dist/img/shirts/standard/shirt_78916.png
Moisés Caicedo Corozo,Chelsea,MID,Spurs,Chelsea (H) vs Spurs,2.0398499999999924,5.7,3.4,2.0,0.0846,2622,1,3,11,1,0.0,106,6,3,True,100.0,486672,Caicedo,Moisés Caicedo Corozo,https://images.weserv.nl/?url=resources.premierleague.com/premierleague/photos/players/250x250/p486672.png&w=250&h=250&fit=cover&a=attention,https://resources.premierleague.com/premierleague/photos/players/110x140/p486672.png,https://fantasy.premierleague.com/dist/img/shirts/standard/shirt_486672.png
Calvin Bassey,Fulham,DEF,Wolves,Fulham (A) vs Wolves,2.0398499999999924,4.4,3.4,3.8,0.1026,2352,1,1,5,0,0.0,95,6,4,False,100.0,232892,Bassey,Calvin Bassey,https://images.weserv.nl/?url=resources.premierleague.com/premierleague/photos/players/250x250/p232892.png&w=250&h=250&fit=cover&a=attention,https://resources.premierleague.com/premierleague/photos/players/110x140/p232892.png,https://fantasy.premierleague.com/dist/img/shirts/standard/shirt_232892.png
Murillo Costa dos Santos,Nott'm Forest,DEF,Man Utd,Nott'm Forest (A) vs Man Utd,1.9802999999999975,5.2,3.3,0.0,0.0438,2130,0,1,5,0,0.0,83,6,2,False,50.0,575476,Murillo,Murillo Costa dos Santos,https://images.weserv.nl/?url=resources.premierleague.com/premierleague/photos/players/250x250/p575476.png&w=250&h=250&fit=cover&a=attention,https://resources.premierleague.com/premierleague/photos/players/110x140/p575476.png,https://fantasy.premierleague.com/dist/img/shirts/standard/shirt_575476.png
Idrissa Gana Gueye,Everton,MID,Sunderland,Everton (H) vs Sunderland,1.9799999999999973,5.4,3.3,1.0,0.11939999999999999,2094,3,2,1,1,0.0,83,5,3,True,50.0,80801,Gana,Idrissa Gana Gueye,https://images.weserv.nl/?url=resources.premierleague.com/premierleague/photos/players/250x250/p80801.png&w=250&h=250&fit=cover&a=attention,https://resources.premierleague.com/premierleague/photos/players/110x140/p80801.png,https://fantasy.premierleague.com/dist/img/shirts/standard/shirt_80801.png
Santiago Ignacio Bueno,Wolves,DEF,Fulham,Wolves (H) vs Fulham,1.9799999999999973,4.4,3.3,4.0,0.1182,2372,2,3,4,0,0.0,88,4,3,True,100.0,231480,S.Bueno,Santiago Ignacio Bueno,https://images.weserv.nl/?url=resources.premierleague.com/premierleague/photos/players/250x250/p231480.png&w=250&h=250&fit=cover&a=attention,https://resources.premierleague.com/premierleague/photos/players/110x140/p231480.png,https://fantasy.premierleague.com/dist/img/shirts/standard/shirt_231480.png
Micky van de Ven,Spurs,DEF,Chelsea,Spurs (A) vs Chelsea,1.9799999999999973,4.4,3.3,2.4,0.1674,2861,1,4,8,1,0.0,110,8,3,False,100.0,491279,Van de Ven,Micky van de Ven,https://images.weserv.nl/?url=resources.premierleague.com/premierleague/photos/players/250x250/p491279.png&w=250&h=250&fit=cover&a=attention,https://resources.premierleague.com/premierleague/photos/players/110x140/p491279.png,https://fantasy.premierleague.com/dist/img/shirts/standard/shirt_491279.png
El Hadji Malick Diouf,West Ham,DEF,Newcastle,West Ham (A) vs Newcastle,1.9799999999999973,4.1,3.3,2.5,0.0318,2526,6,0,5,0,0.0,98,8,3,False,100.0,613804,Diouf,El Hadji Malick Diouf,https://images.weserv.nl/?url=resources.premierleague.com/premierleague/photos/players/250x250/p613804.png&w=250&h=250&fit=cover&a=attention,https://resources.premierleague.com/premierleague/photos/players/110x140/p613804.png,https://fantasy.premierleague.com/dist/img/shirts/standard/shirt_613804.png
Diogo Dalot Teixeira,Man Utd,DEF,Nott'm Forest,Man Utd (H) vs Nott'm Forest,1.9799999999999973,4.5,3.3,2.4,0.09779999999999998,2519,6,1,5,0,0.0,110,7,3,True,100.0,216051,Dalot,Diogo Dalot Teixeira,https://images.weserv.nl/?url=resources.premierleague.com/premierleague/photos/players/250x250/p216051.png&w=250&h=250&fit=cover&a=attention,https://resources.premierleague.com/premierleague/photos/players/110x140/p216051.png,https://fantasy.premierleague.com/dist/img/shirts/standard/shirt_216051.png
Francisco Evanilson de Lima Barbosa,Bournemouth,FWD,Man City,Bournemouth (H) vs Man City,1.9799999999999973,6.7,3.3,3.0,0.5922,2581,7,6,2,0,0.0,111,10,2,True,100.0,444102,Evanilson,Francisco Evanilson de Lima Barbosa,https://images.weserv.nl/?url=resources.premierleague.com/premierleague/photos/players/250x250/p444102.png&w=250&h=250&fit=cover&a=attention,https://resources.premierleague.com/premierleague/photos/players/110x140/p444102.png,https://fantasy.premierleague.com/dist/img/shirts/standard/shirt_444102.png
Jake O'Brien,Everton,DEF,Sunderland,Everton (H) vs Sunderland,1.9799999999999973,4.9,3.3,2.2,0.0666,2970,3,1,4,1,0.0,115,10,3,True,100.0,512462,O'Brien,Jake O'Brien,https://images.weserv.nl/?url=resources.premierleague.com/premierleague/photos/players/250x250/p512462.png&w=250&h=250&fit=cover&a=attention,https://resources.premierleague.com/premierleague/photos/players/110x140/p512462.png,https://fantasy.premierleague.com/dist/img/shirts/standard/shirt_512462.png
Junior Kroupi,Bournemouth,FWD,Man City,Bournemouth (H) vs Man City,1.9799999999999973,4.6,3.3,4.5,0.47459999999999997,1516,0,12,5,0,0.0,103,9,2,True,100.0,560262,Kroupi.Jr,Junior Kroupi,https://images.weserv.nl/?url=resources.premierleague.com/premierleague/photos/players/250x250/p560262.png&w=250&h=250&fit=cover&a=attention,https://resources.premierleague.com/premierleague/photos/players/110x140/p560262.png,https://fantasy.premierleague.com/dist/img/shirts/standard/shirt_560262.png
Ferdi Kadıoğlu,Brighton,DEF,Leeds,Brighton (A) vs Leeds,1.9799999999999973,4.4,3.3,5.8,0.12,2950,2,1,6,0,0.0,115,10,3,False,,231416,F.Kadıoğlu,Ferdi Kadıoğlu,https://images.weserv.nl/?url=resources.premierleague.com/premierleague/photos/players/250x250/p231416.png&w=250&h=250&fit=cover&a=attention,https://resources.premierleague.com/premierleague/photos/players/110x140/p231416.png,https://fantasy.premierleague.com/dist/img/shirts/standard/shirt_231416.png
Zian Flemming,Burnley,FWD,Arsenal,Burnley (A) vs Arsenal,1.9799999999999973,5.3,3.3,4.0,0.4692,1590,0,10,4,0,0.0,89,3,1,False,100.0,431639,Flemming,Zian Flemming,https://images.weserv.nl/?url=resources.premierleague.com/premierleague/photos/players/250x250/p431639.png&w=250&h=250&fit=cover&a=attention,https://resources.premierleague.com/premierleague/photos/players/110x140/p431639.png,https://fantasy.premierleague.com/dist/img/shirts/standard/shirt_431639.png
Đorđe Petrović,Bournemouth,GKP,Man City,Bournemouth (H) vs Man City,1.9799999999999973,4.6,3.3,3.5,0.0,3240,0,0,3,0,2.86,118,11,2,True,,457569,Petrović,Đorđe Petrović,https://images.weserv.nl/?url=resources.premierleague.com/premierleague/photos/players/250x250/p457569.png&w=250&h=250&fit=cover&a=attention,https://resources.premierleague.com/premierleague/photos/players/110x140/p457569.png,https://fantasy.premierleague.com/dist/img/shirts/standard/shirt_457569.png
Marc Cucurella Saseta,Chelsea,DEF,Spurs,Chelsea (H) vs Spurs,1.9200000000000017,6.1,3.2,1.6,0.1404,2526,4,1,7,1,0.0,102,9,3,True,100.0,179268,Cucurella,Marc Cucurella Saseta,https://images.weserv.nl/?url=resources.premierleague.com/premierleague/photos/players/250x250/p179268.png&w=250&h=250&fit=cover&a=attention,https://resources.premierleague.com/premierleague/photos/players/110x140/p179268.png,https://fantasy.premierleague.com/dist/img/shirts/standard/shirt_179268.png
Tijjani Reijnders,Man City,MID,Bournemouth,Man City (A) vs Bournemouth,1.9200000000000017,5.0,3.2,0.2,0.24420000000000003,1547,2,5,2,0,0.0,87,7,3,False,,433036,Reijnders,Tijjani Reijnders,https://images.weserv.nl/?url=resources.premierleague.com/premierleague/photos/players/250x250/p433036.png&w=250&h=250&fit=cover&a=attention,https://resources.premierleague.com/premierleague/photos/players/110x140/p433036.png,https://fantasy.premierleague.com/dist/img/shirts/standard/shirt_433036.png
Diego Gómez Amarilla,Brighton,MID,Leeds,Brighton (A) vs Leeds,1.9200000000000017,4.9,3.2,0.2,0.31859999999999994,2034,1,5,9,0,0.0,95,8,3,False,50.0,514254,Gomez,Diego Gómez Amarilla,https://images.weserv.nl/?url=resources.premierleague.com/premierleague/photos/players/250x250/p514254.png&w=250&h=250&fit=cover&a=attention,https://resources.premierleague.com/premierleague/photos/players/110x140/p514254.png,https://fantasy.premierleague.com/dist/img/shirts/standard/shirt_514254.png
Raúl Jiménez Rodríguez,Fulham,FWD,Wolves,Fulham (A) vs Wolves,1.9200000000000017,6.0,3.2,1.2,0.6864,2142,5,9,5,0,0.0,110,9,4,False,100.0,102057,Raúl,Raúl Jiménez Rodríguez,https://images.weserv.nl/?url=resources.premierleague.com/premierleague/photos/players/250x250/p102057.png&w=250&h=250&fit=cover&a=attention,https://resources.premierleague.com/premierleague/photos/players/110x140/p102057.png,https://fantasy.premierleague.com/dist/img/shirts/standard/shirt_102057.png
Ibrahim Sangaré,Nott'm Forest,MID,Man Utd,Nott'm Forest (A) vs Man Utd,1.9200000000000017,4.9,3.2,1.8,0.0696,1989,2,2,5,0,0.0,84,8,2,False,50.0,210462,Sangaré,Ibrahim Sangaré,https://images.weserv.nl/?url=resources.premierleague.com/premierleague/photos/players/250x250/p210462.png&w=250&h=250&fit=cover&a=attention,https://resources.premierleague.com/premierleague/photos/players/110x140/p210462.png,https://fantasy.premierleague.com/dist/img/shirts/standard/shirt_210462.png
Keane Lewis-Potter,Brentford,DEF,Crystal Palace,Brentford (H) vs Crystal Palace,1.9200000000000017,4.8,3.2,4.8,0.1734,1782,3,3,1,0,0.0,109,9,3,True,,249231,Lewis-Potter,Keane Lewis-Potter,https://images.weserv.nl/?url=resources.premierleague.com/premierleague/photos/players/250x250/p249231.png&w=250&h=250&fit=cover&a=attention,https://resources.premierleague.com/premierleague/photos/players/110x140/p249231.png,https://fantasy.premierleague.com/dist/img/shirts/standard/shirt_249231.png
Nick Woltemade,Newcastle,FWD,West Ham,Newcastle (H) vs West Ham,1.9200000000000017,6.7,3.2,1.0,0.38339999999999996,1745,4,7,0,0,0.0,98,8,3,True,100.0,470313,Woltemade,Nick Woltemade,https://images.weserv.nl/?url=resources.premierleague.com/premierleague/photos/players/250x250/p470313.png&w=250&h=250&fit=cover&a=attention,https://resources.premierleague.com/premierleague/photos/players/110x140/p470313.png,https://fantasy.premierleague.com/dist/img/shirts/standard/shirt_470313.png
Pascal Struijk,Leeds,DEF,Brighton,Leeds (H) vs Brighton,1.9200000000000017,4.3,3.2,2.8,0.183,2845,1,0,5,0,0.0,107,7,2,True,75.0,222694,Struijk,Pascal Struijk,https://images.weserv.nl/?url=resources.premierleague.com/premierleague/photos/players/250x250/p222694.png&w=250&h=250&fit=cover&a=attention,https://resources.premierleague.com/premierleague/photos/players/110x140/p222694.png,https://fantasy.premierleague.com/dist/img/shirts/standard/shirt_222694.png
Adam Wharton,Crystal Palace,MID,Brentford,Crystal Palace (A) vs Brentford,1.9200000000000017,5.0,3.2,1.3,0.0834,2416,6,0,4,1,0.0,99,8,3,False,100.0,496221,Wharton,Adam Wharton,https://images.weserv.nl/?url=resources.premierleague.com/premierleague/photos/players/250x250/p496221.png&w=250&h=250&fit=cover&a=attention,https://resources.premierleague.com/premierleague/photos/players/110x140/p496221.png,https://fantasy.premierleague.com/dist/img/shirts/standard/shirt_496221.png
Rodrigo Bentancur,Spurs,MID,Chelsea,Spurs (A) vs Chelsea,1.9200000000000013,5.2,3.2,2.8,0.0438,1709,1,1,7,0,0.0,78,7,3,False,100.0,202993,Bentancur,Rodrigo Bentancur,https://images.weserv.nl/?url=resources.premierleague.com/premierleague/photos/players/250x250/p202993.png&w=250&h=250&fit=cover&a=attention,https://resources.premierleague.com/premierleague/photos/players/110x140/p202993.png,https://fantasy.premierleague.com/dist/img/shirts/standard/shirt_202993.png
Patrick Dorgu,Man Utd,DEF,Nott'm Forest,Man Utd (H) vs Nott'm Forest,1.9200000000000013,4.1,3.2,0.4,0.11339999999999999,1369,3,3,5,0,0.0,76,3,3,True,100.0,596777,Dorgu,Patrick Dorgu,https://images.weserv.nl/?url=resources.premierleague.com/premierleague/photos/players/250x250/p596777.png&w=250&h=250&fit=cover&a=attention,https://resources.premierleague.com/premierleague/photos/players/110x140/p596777.png,https://fantasy.premierleague.com/dist/img/shirts/standard/shirt_596777.png
Bernd Leno,Fulham,GKP,Wolves,Fulham (A) vs Wolves,1.9200000000000013,4.9,3.2,5.8,0.0,3240,0,0,3,0,2.61,114,8,4,False,,80201,Leno,Bernd Leno,https://images.weserv.nl/?url=resources.premierleague.com/premierleague/photos/players/250x250/p80201.png&w=250&h=250&fit=cover&a=attention,https://resources.premierleague.com/premierleague/photos/players/110x140/p80201.png,https://fantasy.premierleague.com/dist/img/shirts/standard/shirt_80201.png
Michael Kayode,Brentford,DEF,Crystal Palace,Brentford (H) vs Crystal Palace,1.9200000000000013,4.6,3.2,3.8,0.07680000000000001,3078,2,1,7,0,0.0,111,10,3,True,100.0,607464,Kayode,Michael Kayode,https://images.weserv.nl/?url=resources.premierleague.com/premierleague/photos/players/250x250/p607464.png&w=250&h=250&fit=cover&a=attention,https://resources.premierleague.com/premierleague/photos/players/110x140/p607464.png,https://fantasy.premierleague.com/dist/img/shirts/standard/shirt_607464.png
Nikola Milenković,Nott'm Forest,DEF,Man Utd,Nott'm Forest (A) vs Man Utd,1.9200000000000013,5.1,3.2,3.6,0.0486,3195,1,0,6,0,0.0,114,9,2,False,,227444,Milenković,Nikola Milenković,https://images.weserv.nl/?url=resources.premierleague.com/premierleague/photos/players/250x250/p227444.png&w=250&h=250&fit=cover&a=attention,https://resources.premierleague.com/premierleague/photos/players/110x140/p227444.png,https://fantasy.premierleague.com/dist/img/shirts/standard/shirt_227444.png
James Justin,Leeds,DEF,Brighton,Leeds (H) vs Brighton,1.9200000000000013,4.0,3.2,5.2,0.09899999999999999,1713,1,2,4,0,0.0,87,5,2,True,100.0,220627,Justin,James Justin,https://images.weserv.nl/?url=resources.premierleague.com/premierleague/photos/players/250x250/p220627.png&w=250&h=250&fit=cover&a=attention,https://resources.premierleague.com/premierleague/photos/players/110x140/p220627.png,https://fantasy.premierleague.com/dist/img/shirts/standard/shirt_220627.png
Olivier Boscagli,Brighton,DEF,Leeds,Brighton (A) vs Leeds,1.9200000000000013,4.2,3.2,2.0,0.003,799,1,0,2,0,0.0,39,3,3,False,,204120,Boscagli,Olivier Boscagli,https://images.weserv.nl/?url=resources.premierleague.com/premierleague/photos/players/250x250/p204120.png&w=250&h=250&fit=cover&a=attention,https://resources.premierleague.com/premierleague/photos/players/110x140/p204120.png,https://fantasy.premierleague.com/dist/img/shirts/standard/shirt_204120.png
Vitaly Janelt,Brentford,MID,Crystal Palace,Brentford (H) vs Crystal Palace,1.8600000000000065,4.9,3.1,0.2,0.049199999999999994,1282,4,1,7,0,0.0,71,5,3,True,100.0,204580,Janelt,Vitaly Janelt,https://images.weserv.nl/?url=resources.premierleague.com/premierleague/photos/players/250x250/p204580.png&w=250&h=250&fit=cover&a=attention,https://resources.premierleague.com/premierleague/photos/players/110x140/p204580.png,https://fantasy.premierleague.com/dist/img/shirts/standard/shirt_204580.png
João Victor Gomes da Silva,Wolves,MID,Fulham,Wolves (H) vs Fulham,1.8600000000000065,5.3,3.1,2.8,0.0774,2739,2,1,10,0,0.0,105,4,3,True,100.0,448089,J.Gomes,João Victor Gomes da Silva,https://images.weserv.nl/?url=resources.premierleague.com/premierleague/photos/players/250x250/p448089.png&w=250&h=250&fit=cover&a=attention,https://resources.premierleague.com/premierleague/photos/players/110x140/p448089.png,https://fantasy.premierleague.com/dist/img/shirts/standard/shirt_448089.png
Lucas Digne,Aston Villa,DEF,Liverpool,Aston Villa (H) vs Liverpool,1.8600000000000065,4.5,3.1,1.6,0.0378,1752,6,0,3,0,0.0,93,7,2,True,100.0,101188,Digne,Lucas Digne,https://images.weserv.nl/?url=resources.premierleague.com/premierleague/photos/players/250x250/p101188.png&w=250&h=250&fit=cover&a=attention,https://resources.premierleague.com/premierleague/photos/players/110x140/p101188.png,https://fantasy.premierleague.com/dist/img/shirts/standard/shirt_101188.png
Martin Ødegaard,Arsenal,MID,Burnley,Arsenal (H) vs Burnley,1.8600000000000065,7.8,3.1,2.2,0.0624,1273,7,1,0,0,0.0,71,5,4,True,100.0,184029,Ødegaard,Martin Ødegaard,https://images.weserv.nl/?url=resources.premierleague.com/premierleague/photos/players/250x250/p184029.png&w=250&h=250&fit=cover&a=attention,https://resources.premierleague.com/premierleague/photos/players/110x140/p184029.png,https://fantasy.premierleague.com/dist/img/shirts/standard/shirt_184029.png
Igor Jesus Maciel da Cruz,Nott'm Forest,FWD,Man Utd,Nott'm Forest (A) vs Man Utd,1.8600000000000065,5.9,3.1,5.8,0.37679999999999997,2120,6,6,2,0,0.0,110,9,2,False,100.0,482973,Igor Jesus,Igor Jesus Maciel da Cruz,https://images.weserv.nl/?url=resources.premierleague.com/premierleague/photos/players/250x250/p482973.png&w=250&h=250&fit=cover&a=attention,https://resources.premierleague.com/premierleague/photos/players/110x140/p482973.png,https://fantasy.premierleague.com/dist/img/shirts/standard/shirt_482973.png
Rodrigo 'Rodri' Hernandez Cascante,Man City,MID,Bournemouth,Man City (A) vs Bournemouth,1.8600000000000065,6.3,3.1,0.8,0.0474,1420,0,1,2,0,0.0,62,5,3,False,75.0,220566,Rodrigo,Rodrigo 'Rodri' Hernandez Cascante,https://images.weserv.nl/?url=resources.premierleague.com/premierleague/photos/players/250x250/p220566.png&w=250&h=250&fit=cover&a=attention,https://resources.premierleague.com/premierleague/photos/players/110x140/p220566.png,https://fantasy.premierleague.com/dist/img/shirts/standard/shirt_220566.png
Amadou Onana,Aston Villa,MID,Liverpool,Aston Villa (H) vs Liverpool,1.8600000000000065,4.8,3.1,0.8,0.1008,1738,0,2,3,0,0.0,75,6,2,True,25.0,449871,Onana,Amadou Onana,https://images.weserv.nl/?url=resources.premierleague.com/premierleague/photos/players/250x250/p449871.png&w=250&h=250&fit=cover&a=attention,https://resources.premierleague.com/premierleague/photos/players/110x140/p449871.png,https://fantasy.premierleague.com/dist/img/shirts/standard/shirt_449871.png
Joe Rodon,Leeds,DEF,Brighton,Leeds (H) vs Brighton,1.859700000000007,3.9,3.1,0.6,0.08399999999999999,2772,0,2,3,0,0.0,102,5,2,True,100.0,214225,Rodon,Joe Rodon,https://images.weserv.nl/?url=resources.premierleague.com/premierleague/photos/players/250x250/p214225.png&w=250&h=250&fit=cover&a=attention,https://resources.premierleague.com/premierleague/photos/players/110x140/p214225.png,https://fantasy.premierleague.com/dist/img/shirts/standard/shirt_214225.png
Abdukodir Khusanov,Man City,DEF,Bournemouth,Man City (A) vs Bournemouth,1.859700000000007,5.4,3.1,4.0,0.0354,1247,0,0,2,0,0.0,59,5,3,False,100.0,578153,Khusanov,Abdukodir Khusanov,https://images.weserv.nl/?url=resources.premierleague.com/premierleague/photos/players/250x250/p578153.png&w=250&h=250&fit=cover&a=attention,https://resources.premierleague.com/premierleague/photos/players/110x140/p578153.png,https://fantasy.premierleague.com/dist/img/shirts/standard/shirt_578153.png
Lewis Dunk,Brighton,DEF,Leeds,Brighton (A) vs Leeds,1.859400000000007,4.5,3.1,3.8,0.096,2657,1,1,10,0,0.0,97,7,3,False,100.0,83299,Dunk,Lewis Dunk,https://images.weserv.nl/?url=resources.premierleague.com/premierleague/photos/players/250x250/p83299.png&w=250&h=250&fit=cover&a=attention,https://resources.premierleague.com/premierleague/photos/players/110x140/p83299.png,https://fantasy.premierleague.com/dist/img/shirts/standard/shirt_83299.png
Pau Torres,Aston Villa,DEF,Liverpool,Aston Villa (H) vs Liverpool,1.859400000000007,4.3,3.1,0.6,0.0378,1566,1,0,1,0,0.0,59,5,2,True,100.0,244954,Pau,Pau Torres,https://images.weserv.nl/?url=resources.premierleague.com/premierleague/photos/players/250x250/p244954.png&w=250&h=250&fit=cover&a=attention,https://resources.premierleague.com/premierleague/photos/players/110x140/p244954.png,https://fantasy.premierleague.com/dist/img/shirts/standard/shirt_244954.png
Nathan Patterson,Everton,DEF,Sunderland,Everton (H) vs Sunderland,1.8592500000000067,4.4,3.1,0.2,0.0018,238,0,0,0,0,0.0,22,2,3,True,100.0,243571,Patterson,Nathan Patterson,https://images.weserv.nl/?url=resources.premierleague.com/premierleague/photos/players/250x250/p243571.png&w=250&h=250&fit=cover&a=attention,https://resources.premierleague.com/premierleague/photos/players/110x140/p243571.png,https://fantasy.premierleague.com/dist/img/shirts/standard/shirt_243571.png
Jeremie Frimpong,Liverpool,DEF,Aston Villa,Liverpool (A) vs Aston Villa,1.8592500000000067,5.7,3.1,1.2,0.03,1016,5,0,1,0,0.0,62,5,3,False,100.0,216094,Frimpong,Jeremie Frimpong,https://images.weserv.nl/?url=resources.premierleague.com/premierleague/photos/players/250x250/p216094.png&w=250&h=250&fit=cover&a=attention,https://resources.premierleague.com/premierleague/photos/players/110x140/p216094.png,https://fantasy.premierleague.com/dist/img/shirts/standard/shirt_216094.png
Quilindschy Hartman,Burnley,DEF,Arsenal,Burnley (A) vs Arsenal,1.800275,4.0,3.0,2.0,0.019200000000000002,1825,6,0,1,0,0.0,63,3,1,False,,494960,Hartman,Quilindschy Hartman,https://images.weserv.nl/?url=resources.premierleague.com/premierleague/photos/players/250x250/p494960.png&w=250&h=250&fit=cover&a=attention,https://resources.premierleague.com/premierleague/photos/players/110x140/p494960.png,https://fantasy.premierleague.com/dist/img/shirts/standard/shirt_494960.png
Chemsdine Talbi,Sunderland,MID,Everton,Sunderland (A) vs Everton,1.800125,4.9,3.0,1.4,0.12779999999999997,1523,2,4,0,0,0.0,82,7,3,False,100.0,549912,Talbi,Chemsdine Talbi,https://images.weserv.nl/?url=resources.premierleague.com/premierleague/photos/players/250x250/p549912.png&w=250&h=250&fit=cover&a=attention,https://resources.premierleague.com/premierleague/photos/players/110x140/p549912.png,https://fantasy.premierleague.com/dist/img/shirts/standard/shirt_549912.png
Tyler Adams,Bournemouth,MID,Man City,Bournemouth (H) vs Man City,1.800125,4.9,3.0,2.2,0.0366,1589,2,2,7,0,0.0,70,7,2,True,100.0,200785,Adams,Tyler Adams,https://images.weserv.nl/?url=resources.premierleague.com/premierleague/photos/players/250x250/p200785.png&w=250&h=250&fit=cover&a=attention,https://resources.premierleague.com/premierleague/photos/players/110x140/p200785.png,https://fantasy.premierleague.com/dist/img/shirts/standard/shirt_200785.png
Vitalii Mykolenko,Everton,DEF,Sunderland,Everton (H) vs Sunderland,1.7999749999999999,4.9,3.0,1.2,0.016800000000000002,2779,1,0,6,0,0.0,92,9,3,True,100.0,224967,Mykolenko,Vitalii Mykolenko,https://images.weserv.nl/?url=resources.premierleague.com/premierleague/photos/players/250x250/p224967.png&w=250&h=250&fit=cover&a=attention,https://resources.premierleague.com/premierleague/photos/players/110x140/p224967.png,https://fantasy.premierleague.com/dist/img/shirts/standard/shirt_224967.png
Reinildo Mandava,Sunderland,DEF,Everton,Sunderland (A) vs Everton,1.7993750000000002,3.8,3.0,3.8,0.0078,1786,2,0,7,1,0.0,70,6,3,False,100.0,434399,Reinildo,Reinildo Mandava,https://images.weserv.nl/?url=resources.premierleague.com/premierleague/photos/players/250x250/p434399.png&w=250&h=250&fit=cover&a=attention,https://resources.premierleague.com/premierleague/photos/players/110x140/p434399.png,https://fantasy.premierleague.com/dist/img/shirts/standard/shirt_434399.png
Tomáš Souček,West Ham,MID,Newcastle,West Ham (A) vs Newcastle,1.7993749999999997,5.7,3.0,4.2,0.294,2038,2,5,2,1,0.0,99,6,3,False,100.0,215439,Souček,Tomáš Souček,https://images.weserv.nl/?url=resources.premierleague.com/premierleague/photos/players/250x250/p215439.png&w=250&h=250&fit=cover&a=attention,https://resources.premierleague.com/premierleague/photos/players/110x140/p215439.png,https://fantasy.premierleague.com/dist/img/shirts/standard/shirt_215439.png
Ezri Konsa Ngoyo,Aston Villa,DEF,Liverpool,Aston Villa (H) vs Liverpool,1.7990750000000002,4.4,3.0,0.8,0.0762,2945,1,0,0,1,0.0,99,9,2,True,100.0,199798,Konsa,Ezri Konsa Ngoyo,https://images.weserv.nl/?url=resources.premierleague.com/premierleague/photos/players/250x250/p199798.png&w=250&h=250&fit=cover&a=attention,https://resources.premierleague.com/premierleague/photos/players/110x140/p199798.png,https://fantasy.premierleague.com/dist/img/shirts/standard/shirt_199798.png
Tyrone Mings,Aston Villa,DEF,Liverpool,Aston Villa (H) vs Liverpool,1.7423749999999938,4.3,2.9,0.4,0.078,1232,1,0,1,0,0.0,46,3,2,True,100.0,149484,Mings,Tyrone Mings,https://images.weserv.nl/?url=resources.premierleague.com/premierleague/photos/players/250x250/p149484.png&w=250&h=250&fit=cover&a=attention,https://resources.premierleague.com/premierleague/photos/players/110x140/p149484.png,https://fantasy.premierleague.com/dist/img/shirts/standard/shirt_149484.png
Valentín Castellanos,West Ham,FWD,Newcastle,West Ham (A) vs Newcastle,1.7417749999999936,5.5,2.9,1.2,0.2658,1233,1,4,6,0,0.0,47,8,3,False,,247670,Taty,Valentín Castellanos,https://images.weserv.nl/?url=resources.premierleague.com/premierleague/photos/players/250x250/p247670.png&w=250&h=250&fit=cover&a=attention,https://resources.premierleague.com/premierleague/photos/players/110x140/p247670.png,https://fantasy.premierleague.com/dist/img/shirts/standard/shirt_247670.png
Karl Darlow,Leeds,GKP,Brighton,Leeds (H) vs Brighton,1.7414749999999934,4.0,2.9,3.2,0.0,1800,0,0,1,0,2.55,58,4,2,True,,59735,Darlow,Karl Darlow,https://images.weserv.nl/?url=resources.premierleague.com/premierleague/photos/players/250x250/p59735.png&w=250&h=250&fit=cover&a=attention,https://resources.premierleague.com/premierleague/photos/players/110x140/p59735.png,https://fantasy.premierleague.com/dist/img/shirts/standard/shirt_59735.png
Maxim De Cuyper,Brighton,DEF,Leeds,Brighton (A) vs Leeds,1.7411749999999933,4.3,2.9,5.2,0.093,1269,3,2,2,0,0.0,82,5,3,False,100.0,465730,De Cuyper,Maxim De Cuyper,https://images.weserv.nl/?url=resources.premierleague.com/premierleague/photos/players/250x250/p465730.png&w=250&h=250&fit=cover&a=attention,https://resources.premierleague.com/premierleague/photos/players/110x140/p465730.png,https://fantasy.premierleague.com/dist/img/shirts/standard/shirt_465730.png
Malo Gusto,Chelsea,DEF,Spurs,Chelsea (H) vs Spurs,1.7408749999999933,4.8,2.9,1.2,0.09359999999999999,2171,3,2,3,1,0.0,97,7,3,True,100.0,482609,Gusto,Malo Gusto,https://images.weserv.nl/?url=resources.premierleague.com/premierleague/photos/players/250x250/p482609.png&w=250&h=250&fit=cover&a=attention,https://resources.premierleague.com/premierleague/photos/players/110x140/p482609.png,https://fantasy.premierleague.com/dist/img/shirts/standard/shirt_482609.png
Alexander Isak,Liverpool,FWD,Aston Villa,Liverpool (A) vs Aston Villa,1.7405749999999938,10.3,2.9,2.8,0.15539999999999998,694,1,3,0,0,0.0,41,1,3,False,75.0,219168,Isak,Alexander Isak,https://images.weserv.nl/?url=resources.premierleague.com/premierleague/photos/players/250x250/p219168.png&w=250&h=250&fit=cover&a=attention,https://resources.premierleague.com/premierleague/photos/players/110x140/p219168.png,https://fantasy.premierleague.com/dist/img/shirts/standard/shirt_219168.png
Harvey Barnes,Newcastle,MID,West Ham,Newcastle (H) vs West Ham,1.7405749999999933,6.1,2.9,3.4,0.399,1832,0,7,1,0,0.0,100,5,3,True,,201666,Barnes,Harvey Barnes,https://images.weserv.nl/?url=resources.premierleague.com/premierleague/photos/players/250x250/p201666.png&w=250&h=250&fit=cover&a=attention,https://resources.premierleague.com/premierleague/photos/players/110x140/p201666.png,https://fantasy.premierleague.com/dist/img/shirts/standard/shirt_201666.png
Norberto Bercique Gomes Betuncal,Everton,FWD,Sunderland,Everton (H) vs Sunderland,1.7405749999999933,5.0,2.9,4.5,0.5214,1473,1,9,3,0,0.0,101,5,3,True,100.0,486385,Beto,Norberto Bercique Gomes Betuncal,https://images.weserv.nl/?url=resources.premierleague.com/premierleague/photos/players/250x250/p486385.png&w=250&h=250&fit=cover&a=attention,https://resources.premierleague.com/premierleague/photos/players/110x140/p486385.png,https://fantasy.premierleague.com/dist/img/shirts/standard/shirt_486385.png
Alexis Mac Allister,Liverpool,MID,Aston Villa,Liverpool (A) vs Aston Villa,1.7402749999999936,6.2,2.9,4.2,0.207,2474,5,2,6,0,0.0,103,7,3,False,100.0,243016,Mac Allister,Alexis Mac Allister,https://images.weserv.nl/?url=resources.premierleague.com/premierleague/photos/players/250x250/p243016.png&w=250&h=250&fit=cover&a=attention,https://resources.premierleague.com/premierleague/photos/players/110x140/p243016.png,https://fantasy.premierleague.com/dist/img/shirts/standard/shirt_243016.png
Trai Hume,Sunderland,DEF,Everton,Sunderland (A) vs Everton,1.680000000000002,4.5,2.8,2.6,0.12539999999999998,2883,1,1,9,0,0.0,101,9,3,False,,487676,Hume,Trai Hume,https://images.weserv.nl/?url=resources.premierleague.com/premierleague/photos/players/250x250/p487676.png&w=250&h=250&fit=cover&a=attention,https://resources.premierleague.com/premierleague/photos/players/110x140/p487676.png,https://fantasy.premierleague.com/dist/img/shirts/standard/shirt_487676.png
Chris Wood,Nott'm Forest,FWD,Man Utd,Nott'm Forest (A) vs Man Utd,1.680000000000002,7.1,2.8,2.4,0.219,766,0,3,0,0,0.0,37,2,2,False,100.0,60689,Wood,Chris Wood,https://images.weserv.nl/?url=resources.premierleague.com/premierleague/photos/players/250x250/p60689.png&w=250&h=250&fit=cover&a=attention,https://resources.premierleague.com/premierleague/photos/players/110x140/p60689.png,https://fantasy.premierleague.com/dist/img/shirts/standard/shirt_60689.png
Mathias Jensen,Brentford,MID,Crystal Palace,Brentford (H) vs Crystal Palace,1.680000000000002,4.9,2.8,5.0,0.13019999999999998,2095,2,3,3,0,0.0,94,9,3,True,,207283,Jensen,Mathias Jensen,https://images.weserv.nl/?url=resources.premierleague.com/premierleague/photos/players/250x250/p207283.png&w=250&h=250&fit=cover&a=attention,https://resources.premierleague.com/premierleague/photos/players/110x140/p207283.png,https://fantasy.premierleague.com/dist/img/shirts/standard/shirt_207283.png
Georginio Rutter,Brighton,MID,Leeds,Brighton (A) vs Leeds,1.680000000000002,5.6,2.8,3.5,0.1488,1735,5,3,2,0,0.0,85,7,3,False,100.0,463067,Georginio,Georginio Rutter,https://images.weserv.nl/?url=resources.premierleague.com/premierleague/photos/players/250x250/p463067.png&w=250&h=250&fit=cover&a=attention,https://resources.premierleague.com/premierleague/photos/players/110x140/p463067.png,https://fantasy.premierleague.com/dist/img/shirts/standard/shirt_463067.png
Taiwo Awoniyi,Nott'm Forest,FWD,Man Utd,Nott'm Forest (A) vs Man Utd,1.680000000000002,5.2,2.8,4.4,0.1998,432,2,4,1,0,0.0,42,1,2,False,100.0,210156,Awoniyi,Taiwo Awoniyi,https://images.weserv.nl/?url=resources.premierleague.com/premierleague/photos/players/250x250/p210156.png&w=250&h=250&fit=cover&a=attention,https://resources.premierleague.com/premierleague/photos/players/110x140/p210156.png,https://fantasy.premierleague.com/dist/img/shirts/standard/shirt_210156.png
Brian Brobbey,Sunderland,FWD,Everton,Sunderland (A) vs Everton,1.680000000000002,5.3,2.8,1.6,0.2868,1784,1,6,6,0,0.0,80,6,3,False,100.0,441264,Brobbey,Brian Brobbey,https://images.weserv.nl/?url=resources.premierleague.com/premierleague/photos/players/250x250/p441264.png&w=250&h=250&fit=cover&a=attention,https://resources.premierleague.com/premierleague/photos/players/110x140/p441264.png,https://fantasy.premierleague.com/dist/img/shirts/standard/shirt_441264.png
Conor Gallagher,Spurs,MID,Chelsea,Spurs (A) vs Chelsea,1.680000000000002,5.0,2.8,3.8,0.0426,1012,1,1,2,0,0.0,39,1,3,False,100.0,232787,Gallagher,Conor Gallagher,https://images.weserv.nl/?url=resources.premierleague.com/premierleague/photos/players/250x250/p232787.png&w=250&h=250&fit=cover&a=attention,https://resources.premierleague.com/premierleague/photos/players/110x140/p232787.png,https://fantasy.premierleague.com/dist/img/shirts/standard/shirt_232787.png
Lewis Hall,Newcastle,DEF,West Ham,Newcastle (H) vs West Ham,1.680000000000002,5.3,2.8,1.0,0.051000000000000004,1996,2,1,3,0,0.0,77,4,3,True,100.0,487838,Hall,Lewis Hall,https://images.weserv.nl/?url=resources.premierleague.com/premierleague/photos/players/250x250/p487838.png&w=250&h=250&fit=cover&a=attention,https://resources.premierleague.com/premierleague/photos/players/110x140/p487838.png,https://fantasy.premierleague.com/dist/img/shirts/standard/shirt_487838.png
Lesley Ugochukwu,Burnley,MID,Arsenal,Burnley (A) vs Arsenal,1.680000000000002,5.0,2.8,1.8,0.13979999999999998,2186,3,3,1,1,0.0,93,3,1,False,100.0,503714,Ugochukwu,Lesley Ugochukwu,https://images.weserv.nl/?url=resources.premierleague.com/premierleague/photos/players/250x250/p503714.png&w=250&h=250&fit=cover&a=attention,https://resources.premierleague.com/premierleague/photos/players/110x140/p503714.png,https://fantasy.premierleague.com/dist/img/shirts/standard/shirt_503714.png
Luke Shaw,Man Utd,DEF,Nott'm Forest,Man Utd (H) vs Nott'm Forest,1.680000000000002,4.5,2.8,4.8,0.036,3049,1,0,8,0,0.0,101,9,3,True,100.0,106760,Shaw,Luke Shaw,https://images.weserv.nl/?url=resources.premierleague.com/premierleague/photos/players/250x250/p106760.png&w=250&h=250&fit=cover&a=attention,https://resources.premierleague.com/premierleague/photos/players/110x140/p106760.png,https://fantasy.premierleague.com/dist/img/shirts/standard/shirt_106760.png
Bernardo Mota Veiga de Carvalho e Silva,Man City,MID,Bournemouth,Man City (A) vs Bournemouth,1.680000000000002,6.2,2.8,2.7,0.1416,2678,4,2,10,0,0.0,97,12,3,False,100.0,165809,Bernardo,Bernardo Mota Veiga de Carvalho e Silva,https://images.weserv.nl/?url=resources.premierleague.com/premierleague/photos/players/250x250/p165809.png&w=250&h=250&fit=cover&a=attention,https://resources.premierleague.com/premierleague/photos/players/110x140/p165809.png,https://fantasy.premierleague.com/dist/img/shirts/standard/shirt_165809.png
Samuel Chukwueze,Fulham,MID,Wolves,Fulham (A) vs Wolves,1.680000000000002,5.3,2.8,2.0,0.126,1056,4,3,0,0,0.0,61,2,4,False,100.0,218328,Chukwueze,Samuel Chukwueze,https://images.weserv.nl/?url=resources.premierleague.com/premierleague/photos/players/250x250/p218328.png&w=250&h=250&fit=cover&a=attention,https://resources.premierleague.com/premierleague/photos/players/110x140/p218328.png,https://fantasy.premierleague.com/dist/img/shirts/standard/shirt_218328.png
Youri Tielemans,Aston Villa,MID,Liverpool,Aston Villa (H) vs Liverpool,1.680000000000002,5.9,2.8,2.4,0.066,1751,4,0,0,0,0.0,65,4,2,True,100.0,166989,Tielemans,Youri Tielemans,https://images.weserv.nl/?url=resources.premierleague.com/premierleague/photos/players/250x250/p166989.png&w=250&h=250&fit=cover&a=attention,https://resources.premierleague.com/premierleague/photos/players/110x140/p166989.png,https://fantasy.premierleague.com/dist/img/shirts/standard/shirt_166989.png
Aaron Wan-Bissaka,West Ham,DEF,Newcastle,West Ham (A) vs Newcastle,1.680000000000002,4.1,2.8,0.8,0.0,2018,3,0,4,0,0.0,66,3,3,False,100.0,214590,Wan-Bissaka,Aaron Wan-Bissaka,https://images.weserv.nl/?url=resources.premierleague.com/premierleague/photos/players/250x250/p214590.png&w=250&h=250&fit=cover&a=attention,https://resources.premierleague.com/premierleague/photos/players/110x140/p214590.png,https://fantasy.premierleague.com/dist/img/shirts/standard/shirt_214590.png
Wesley Fofana,Chelsea,DEF,Spurs,Chelsea (H) vs Spurs,1.680000000000002,4.4,2.8,2.0,0.0432,1577,2,0,5,1,0.0,65,4,3,True,100.0,444463,Fofana,Wesley Fofana,https://images.weserv.nl/?url=resources.premierleague.com/premierleague/photos/players/250x250/p444463.png&w=250&h=250&fit=cover&a=attention,https://resources.premierleague.com/premierleague/photos/players/110x140/p444463.png,https://fantasy.premierleague.com/dist/img/shirts/standard/shirt_444463.png
Emiliano Buendía Stati,Aston Villa,MID,Liverpool,Aston Villa (H) vs Liverpool,1.680000000000002,5.3,2.8,2.2,0.19679999999999997,1579,2,6,6,0,0.0,94,3,2,True,100.0,195546,Buendía,Emiliano Buendía Stati,https://images.weserv.nl/?url=resources.premierleague.com/premierleague/photos/players/250x250/p195546.png&w=250&h=250&fit=cover&a=attention,https://resources.premierleague.com/premierleague/photos/players/110x140/p195546.png,https://fantasy.premierleague.com/dist/img/shirts/standard/shirt_195546.png
Jayden Bogle,Leeds,DEF,Brighton,Leeds (H) vs Brighton,1.680000000000002,4.4,2.8,3.6,0.12299999999999997,2718,5,1,6,0,0.0,94,6,2,True,100.0,226182,Bogle,Jayden Bogle,https://images.weserv.nl/?url=resources.premierleague.com/premierleague/photos/players/250x250/p226182.png&w=250&h=250&fit=cover&a=attention,https://resources.premierleague.com/premierleague/photos/players/110x140/p226182.png,https://fantasy.premierleague.com/dist/img/shirts/standard/shirt_226182.png
Antonín Kinský,Spurs,GKP,Chelsea,Spurs (A) vs Chelsea,1.680000000000002,3.9,2.8,2.8,0.0,450,0,0,0,0,1.4,14,1,3,False,,485055,Kinsky,Antonín Kinský,https://images.weserv.nl/?url=resources.premierleague.com/premierleague/photos/players/250x250/p485055.png&w=250&h=250&fit=cover&a=attention,https://resources.premierleague.com/premierleague/photos/players/110x140/p485055.png,https://fantasy.premierleague.com/dist/img/shirts/standard/shirt_485055.png
William Osula,Newcastle,FWD,West Ham,Newcastle (H) vs West Ham,1.680000000000002,5.4,2.8,6.0,0.2022,656,1,5,0,0,0.0,61,2,3,True,100.0,538207,Osula,William Osula,https://images.weserv.nl/?url=resources.premierleague.com/premierleague/photos/players/250x250/p538207.png&w=250&h=250&fit=cover&a=attention,https://resources.premierleague.com/premierleague/photos/players/110x140/p538207.png,https://fantasy.premierleague.com/dist/img/shirts/standard/shirt_538207.png
Kristoffer Ajer,Brentford,DEF,Crystal Palace,Brentford (H) vs Crystal Palace,1.680000000000002,4.4,2.8,0.8,0.0414,1724,2,0,4,0,0.0,73,5,3,True,100.0,191866,Ajer,Kristoffer Ajer,https://images.weserv.nl/?url=resources.premierleague.com/premierleague/photos/players/250x250/p191866.png&w=250&h=250&fit=cover&a=attention,https://resources.premierleague.com/premierleague/photos/players/110x140/p191866.png,https://fantasy.premierleague.com/dist/img/shirts/standard/shirt_191866.png
Pape Matar Sarr,Spurs,MID,Chelsea,Spurs (A) vs Chelsea,1.680000000000002,4.5,2.8,0.4,0.09,1350,3,2,2,0,0.0,67,3,3,False,100.0,482442,P.M.Sarr,Pape Matar Sarr,https://images.weserv.nl/?url=resources.premierleague.com/premierleague/photos/players/250x250/p482442.png&w=250&h=250&fit=cover&a=attention,https://resources.premierleague.com/premierleague/photos/players/110x140/p482442.png,https://fantasy.premierleague.com/dist/img/shirts/standard/shirt_482442.png
Jorge Cuenca Barreno,Fulham,DEF,Wolves,Fulham (A) vs Wolves,1.680000000000002,4.3,2.8,0.0,0.003,931,0,0,5,0,0.0,39,2,4,False,,246301,J.Cuenca,Jorge Cuenca Barreno,https://images.weserv.nl/?url=resources.premierleague.com/premierleague/photos/players/250x250/p246301.png&w=250&h=250&fit=cover&a=attention,https://resources.premierleague.com/premierleague/photos/players/110x140/p246301.png,https://fantasy.premierleague.com/dist/img/shirts/standard/shirt_246301.png
Hjalmar Ekdal,Burnley,DEF,Arsenal,Burnley (A) vs Arsenal,1.6199999999999968,3.8,2.7,1.8,0.015,1539,0,0,0,0,0.0,52,2,1,False,,478969,Ekdal,Hjalmar Ekdal,https://images.weserv.nl/?url=resources.premierleague.com/premierleague/photos/players/250x250/p478969.png&w=250&h=250&fit=cover&a=attention,https://resources.premierleague.com/premierleague/photos/players/110x140/p478969.png,https://fantasy.premierleague.com/dist/img/shirts/standard/shirt_478969.png
André Trindade da Costa Neto,Wolves,MID,Fulham,Wolves (H) vs Fulham,1.6196999999999968,5.2,2.7,2.0,0.03,2580,0,1,11,0,0.0,89,2,3,True,100.0,509291,André,André Trindade da Costa Neto,https://images.weserv.nl/?url=resources.premierleague.com/premierleague/photos/players/250x250/p509291.png&w=250&h=250&fit=cover&a=attention,https://resources.premierleague.com/premierleague/photos/players/110x140/p509291.png,https://fantasy.premierleague.com/dist/img/shirts/standard/shirt_509291.png
Martin Dúbravka,Burnley,GKP,Arsenal,Burnley (A) vs Arsenal,1.6196999999999968,4.0,2.7,1.5,0.0,3150,0,0,1,0,3.63,96,4,1,False,100.0,67089,Dúbravka,Martin Dúbravka,https://images.weserv.nl/?url=resources.premierleague.com/premierleague/photos/players/250x250/p67089.png&w=250&h=250&fit=cover&a=attention,https://resources.premierleague.com/premierleague/photos/players/110x140/p67089.png,https://fantasy.premierleague.com/dist/img/shirts/standard/shirt_67089.png
Amad Diallo,Man Utd,MID,Nott'm Forest,Man Utd (H) vs Nott'm Forest,1.6193999999999973,6.2,2.7,1.6,0.31079999999999997,2159,4,2,2,0,0.0,82,5,3,True,100.0,493250,Amad,Amad Diallo,https://images.weserv.nl/?url=resources.premierleague.com/premierleague/photos/players/250x250/p493250.png&w=250&h=250&fit=cover&a=attention,https://resources.premierleague.com/premierleague/photos/players/110x140/p493250.png,https://fantasy.premierleague.com/dist/img/shirts/standard/shirt_493250.png
Joelinton Cássio Apolinário de Lira,Newcastle,MID,West Ham,Newcastle (H) vs West Ham,1.6193999999999966,5.9,2.7,1.4,0.1416,1950,1,2,10,0,0.0,73,5,3,True,100.0,180974,Joelinton,Joelinton Cássio Apolinário de Lira,https://images.weserv.nl/?url=resources.premierleague.com/premierleague/photos/players/250x250/p180974.png&w=250&h=250&fit=cover&a=attention,https://resources.premierleague.com/premierleague/photos/players/110x140/p180974.png,https://fantasy.premierleague.com/dist/img/shirts/standard/shirt_180974.png
Tom Edozie,Wolves,MID,Fulham,Wolves (H) vs Fulham,1.619099999999997,4.3,2.7,0.2,0.013800000000000002,12,0,1,0,0,0.0,8,0,3,True,,596054,Edozie,Tom Edozie,https://images.weserv.nl/?url=resources.premierleague.com/premierleague/photos/players/250x250/p596054.png&w=250&h=250&fit=cover&a=attention,https://resources.premierleague.com/premierleague/photos/players/110x140/p596054.png,https://fantasy.premierleague.com/dist/img/shirts/standard/shirt_596054.png
Yehor Yarmoliuk,Brentford,MID,Crystal Palace,Brentford (H) vs Crystal Palace,1.619099999999997,5.0,2.7,3.0,0.0732,2564,2,1,7,0,0.0,96,8,3,True,100.0,508395,Yarmoliuk,Yehor Yarmoliuk,https://images.weserv.nl/?url=resources.premierleague.com/premierleague/photos/players/250x250/p508395.png&w=250&h=250&fit=cover&a=attention,https://resources.premierleague.com/premierleague/photos/players/110x140/p508395.png,https://fantasy.premierleague.com/dist/img/shirts/standard/shirt_508395.png
Lucas Estella Perri,Leeds,GKP,Brighton,Leeds (H) vs Brighton,1.619099999999997,4.4,2.7,0.0,0.0,1440,0,0,2,0,2.38,43,3,2,True,100.0,201595,Perri,Lucas Estella Perri,https://images.weserv.nl/?url=resources.premierleague.com/premierleague/photos/players/250x250/p201595.png&w=250&h=250&fit=cover&a=attention,https://resources.premierleague.com/premierleague/photos/players/110x140/p201595.png,https://fantasy.premierleague.com/dist/img/shirts/standard/shirt_201595.png
Veljko Milosavljevic,Bournemouth,DEF,Man City,Bournemouth (H) vs Man City,1.618499999999997,4.4,2.7,0.0,0.009,367,0,0,0,0,0.0,19,1,2,True,100.0,620487,Milosavljević,Veljko Milosavljevic,https://images.weserv.nl/?url=resources.premierleague.com/premierleague/photos/players/250x250/p620487.png&w=250&h=250&fit=cover&a=attention,https://resources.premierleague.com/premierleague/photos/players/110x140/p620487.png,https://fantasy.premierleague.com/dist/img/shirts/standard/shirt_620487.png
Dominic Solanke-Mitchell,Spurs,FWD,Chelsea,Spurs (A) vs Chelsea,1.618499999999997,7.1,2.7,1.0,0.1782,997,0,3,1,0,0.0,40,0,3,False,25.0,154566,Solanke,Dominic Solanke-Mitchell,https://images.weserv.nl/?url=resources.premierleague.com/premierleague/photos/players/250x250/p154566.png&w=250&h=250&fit=cover&a=attention,https://resources.premierleague.com/premierleague/photos/players/110x140/p154566.png,https://fantasy.premierleague.com/dist/img/shirts/standard/shirt_154566.png
Matt O'Riley,Brighton,MID,Leeds,Brighton (A) vs Leeds,1.617899999999997,5.5,2.7,0.5,0.0726,202,0,1,0,0,0.0,16,1,3,False,100.0,219249,O'Riley,Matt O'Riley,https://images.weserv.nl/?url=resources.premierleague.com/premierleague/photos/players/250x250/p219249.png&w=250&h=250&fit=cover&a=attention,https://resources.premierleague.com/premierleague/photos/players/110x140/p219249.png,https://fantasy.premierleague.com/dist/img/shirts/standard/shirt_219249.png
Florentino Ibrain Morris Luís,Burnley,MID,Arsenal,Burnley (A) vs Arsenal,1.5618000000000054,5.0,2.6,2.2,0.0354,1933,2,0,6,0,0.0,76,2,1,False,,216055,Florentino,Florentino Ibrain Morris Luís,https://images.weserv.nl/?url=resources.premierleague.com/premierleague/photos/players/250x250/p216055.png&w=250&h=250&fit=cover&a=attention,https://resources.premierleague.com/premierleague/photos/players/110x140/p216055.png,https://fantasy.premierleague.com/dist/img/shirts/standard/shirt_216055.png
Ross Barkley,Aston Villa,MID,Liverpool,Aston Villa (H) vs Liverpool,1.5612000000000057,4.8,2.6,3.0,0.09359999999999999,714,1,3,1,0,0.0,50,1,2,True,100.0,88894,Barkley,Ross Barkley,https://images.weserv.nl/?url=resources.premierleague.com/premierleague/photos/players/250x250/p88894.png&w=250&h=250&fit=cover&a=attention,https://resources.premierleague.com/premierleague/photos/players/110x140/p88894.png,https://fantasy.premierleague.com/dist/img/shirts/standard/shirt_88894.png
Kobbie Mainoo,Man Utd,MID,Nott'm Forest,Man Utd (H) vs Nott'm Forest,1.5612000000000055,4.7,2.6,4.4,0.022799999999999997,1473,2,1,1,0,0.0,67,5,3,True,100.0,516895,Mainoo,Kobbie Mainoo,https://images.weserv.nl/?url=resources.premierleague.com/premierleague/photos/players/250x250/p516895.png&w=250&h=250&fit=cover&a=attention,https://resources.premierleague.com/premierleague/photos/players/110x140/p516895.png,https://fantasy.premierleague.com/dist/img/shirts/standard/shirt_516895.png
Thierno Barry,Everton,FWD,Sunderland,Everton (H) vs Sunderland,1.5609000000000057,5.7,2.6,3.8,0.48840000000000006,1798,0,8,3,0,0.0,92,7,3,True,,586309,Barry,Thierno Barry,https://images.weserv.nl/?url=resources.premierleague.com/premierleague/photos/players/250x250/p586309.png&w=250&h=250&fit=cover&a=attention,https://resources.premierleague.com/premierleague/photos/players/110x140/p586309.png,https://fantasy.premierleague.com/dist/img/shirts/standard/shirt_586309.png
Sander Berge,Fulham,MID,Wolves,Fulham (A) vs Wolves,1.5609000000000057,4.9,2.6,0.8,0.0828,2769,3,0,5,0,0.0,87,7,4,False,,207189,Berge,Sander Berge,https://images.weserv.nl/?url=resources.premierleague.com/premierleague/photos/players/250x250/p207189.png&w=250&h=250&fit=cover&a=attention,https://resources.premierleague.com/premierleague/photos/players/110x140/p207189.png,https://fantasy.premierleague.com/dist/img/shirts/standard/shirt_207189.png
Max Dowman,Arsenal,MID,Burnley,Arsenal (H) vs Burnley,1.5609000000000057,4.2,2.6,0.2,0.07139999999999999,91,1,1,0,0,0.0,13,0,4,True,100.0,616077,Dowman,Max Dowman,https://images.weserv.nl/?url=resources.premierleague.com/premierleague/photos/players/250x250/p616077.png&w=250&h=250&fit=cover&a=attention,https://resources.premierleague.com/premierleague/photos/players/110x140/p616077.png,https://fantasy.premierleague.com/dist/img/shirts/standard/shirt_616077.png
Omari Hutchinson,Nott'm Forest,MID,Man Utd,Nott'm Forest (A) vs Man Utd,1.5606000000000055,5.4,2.6,2.2,0.12059999999999997,1530,6,1,1,0,0.0,75,6,2,False,,503301,Hutchinson,Omari Hutchinson,https://images.weserv.nl/?url=resources.premierleague.com/premierleague/photos/players/250x250/p503301.png&w=250&h=250&fit=cover&a=attention,https://resources.premierleague.com/premierleague/photos/players/110x140/p503301.png,https://fantasy.premierleague.com/dist/img/shirts/standard/shirt_503301.png
Jacob Murphy,Newcastle,MID,West Ham,Newcastle (H) vs West Ham,1.5606000000000055,5.9,2.6,3.0,0.183,1546,2,3,2,0,0.0,80,8,3,True,100.0,114243,J.Murphy,Jacob Murphy,https://images.weserv.nl/?url=resources.premierleague.com/premierleague/photos/players/250x250/p114243.png&w=250&h=250&fit=cover&a=attention,https://resources.premierleague.com/premierleague/photos/players/110x140/p114243.png,https://fantasy.premierleague.com/dist/img/shirts/standard/shirt_114243.png
Bafodé Diakité,Bournemouth,DEF,Man City,Bournemouth (H) vs Man City,1.5603000000000053,4.1,2.6,0.0,0.0012000000000000001,1275,0,0,1,0,0.0,46,4,2,True,100.0,242882,Diakité,Bafodé Diakité,https://images.weserv.nl/?url=resources.premierleague.com/premierleague/photos/players/250x250/p242882.png&w=250&h=250&fit=cover&a=attention,https://resources.premierleague.com/premierleague/photos/players/110x140/p242882.png,https://fantasy.premierleague.com/dist/img/shirts/standard/shirt_242882.png
Milos Kerkez,Liverpool,DEF,Aston Villa,Liverpool (A) vs Aston Villa,1.5603000000000053,5.6,2.6,1.2,0.0882,2154,1,2,4,0,0.0,84,6,3,False,100.0,544877,Kerkez,Milos Kerkez,https://images.weserv.nl/?url=resources.premierleague.com/premierleague/photos/players/250x250/p544877.png&w=250&h=250&fit=cover&a=attention,https://resources.premierleague.com/premierleague/photos/players/110x140/p544877.png,https://fantasy.premierleague.com/dist/img/shirts/standard/shirt_544877.png
Kieran Trippier,Newcastle,DEF,West Ham,Newcastle (H) vs West Ham,1.5603000000000053,4.9,2.6,0.4,0.0048000000000000004,1502,1,0,3,0,0.0,52,5,3,True,100.0,77794,Trippier,Kieran Trippier,https://images.weserv.nl/?url=resources.premierleague.com/premierleague/photos/players/250x250/p77794.png&w=250&h=250&fit=cover&a=attention,https://resources.premierleague.com/premierleague/photos/players/110x140/p77794.png,https://fantasy.premierleague.com/dist/img/shirts/standard/shirt_77794.png
Lisandro Martínez,Man Utd,DEF,Nott'm Forest,Man Utd (H) vs Nott'm Forest,1.5600000000000058,4.8,2.6,0.6,0.0036,1049,0,0,0,1,0.0,42,4,3,True,100.0,221820,Martinez,Lisandro Martínez,https://images.weserv.nl/?url=resources.premierleague.com/premierleague/photos/players/250x250/p221820.png&w=250&h=250&fit=cover&a=attention,https://resources.premierleague.com/premierleague/photos/players/110x140/p221820.png,https://fantasy.premierleague.com/dist/img/shirts/standard/shirt_221820.png
Archie Gray,Spurs,MID,Chelsea,Spurs (A) vs Chelsea,1.5600000000000058,4.8,2.6,0.6,0.09,1463,2,2,5,0,0.0,60,5,3,False,100.0,547701,Gray,Archie Gray,https://images.weserv.nl/?url=resources.premierleague.com/premierleague/photos/players/250x250/p547701.png&w=250&h=250&fit=cover&a=attention,https://resources.premierleague.com/premierleague/photos/players/110x140/p547701.png,https://fantasy.premierleague.com/dist/img/shirts/standard/shirt_547701.png
Adam Smith,Bournemouth,DEF,Man City,Bournemouth (H) vs Man City,1.5,4.4,2.5,2.8,0.0,895,2,0,3,0,0.0,50,5,2,True,100.0,54469,Smith,Adam Smith,https://images.weserv.nl/?url=resources.premierleague.com/premierleague/photos/players/250x250/p54469.png&w=250&h=250&fit=cover&a=attention,https://resources.premierleague.com/premierleague/photos/players/110x140/p54469.png,https://fantasy.premierleague.com/dist/img/shirts/standard/shirt_54469.png
Axel Tuanzebe,Burnley,DEF,Arsenal,Burnley (A) vs Arsenal,1.5,3.9,2.5,0.8,0.0366,1021,0,1,1,0,0.0,30,1,1,False,100.0,180804,Tuanzebe,Axel Tuanzebe,https://images.weserv.nl/?url=resources.premierleague.com/premierleague/photos/players/250x250/p180804.png&w=250&h=250&fit=cover&a=attention,https://resources.premierleague.com/premierleague/photos/players/110x140/p180804.png,https://fantasy.premierleague.com/dist/img/shirts/standard/shirt_180804.png
Alphonse Areola,West Ham,GKP,Newcastle,West Ham (A) vs Newcastle,1.5,4.2,2.5,0.0,0.0,1800,1,0,0,0,3.85,51,0,3,False,100.0,84182,Areola,Alphonse Areola,https://images.weserv.nl/?url=resources.premierleague.com/premierleague/photos/players/250x250/p84182.png&w=250&h=250&fit=cover&a=attention,https://resources.premierleague.com/premierleague/photos/players/110x140/p84182.png,https://fantasy.premierleague.com/dist/img/shirts/standard/shirt_84182.png
Mitoma Kaoru,Brighton,MID,Leeds,Brighton (A) vs Leeds,1.5,6.1,2.5,2.5,0.2424,1714,1,3,5,0,0.0,62,5,3,False,100.0,451340,Mitoma,Mitoma Kaoru,https://images.weserv.nl/?url=resources.premierleague.com/premierleague/photos/players/250x250/p451340.png&w=250&h=250&fit=cover&a=attention,https://resources.premierleague.com/premierleague/photos/players/110x140/p451340.png,https://fantasy.premierleague.com/dist/img/shirts/standard/shirt_451340.png
Levi Samuels Colwill,Chelsea,DEF,Spurs,Chelsea (H) vs Spurs,1.5,4.7,2.5,1.0,0.0,135,0,0,0,0,0.0,5,0,3,True,100.0,460028,Colwill,Levi Samuels Colwill,https://images.weserv.nl/?url=resources.premierleague.com/premierleague/photos/players/250x250/p460028.png&w=250&h=250&fit=cover&a=attention,https://resources.premierleague.com/premierleague/photos/players/110x140/p460028.png,https://fantasy.premierleague.com/dist/img/shirts/standard/shirt_460028.png
Sean Longstaff,Leeds,MID,Brighton,Leeds (H) vs Brighton,1.5,4.8,2.5,2.2,0.06839999999999999,973,2,2,2,0,0.0,55,1,2,True,100.0,180135,Longstaff,Sean Longstaff,https://images.weserv.nl/?url=resources.premierleague.com/premierleague/photos/players/250x250/p180135.png&w=250&h=250&fit=cover&a=attention,https://resources.premierleague.com/premierleague/photos/players/110x140/p180135.png,https://fantasy.premierleague.com/dist/img/shirts/standard/shirt_180135.png
Max Alleyne,Man City,DEF,Bournemouth,Man City (A) vs Bournemouth,1.5,3.9,2.5,0.0,0.0156,135,0,0,0,0,0.0,5,0,3,False,100.0,494307,Alleyne,Max Alleyne,https://images.weserv.nl/?url=resources.premierleague.com/premierleague/photos/players/250x250/p494307.png&w=250&h=250&fit=cover&a=attention,https://resources.premierleague.com/premierleague/photos/players/110x140/p494307.png,https://fantasy.premierleague.com/dist/img/shirts/standard/shirt_494307.png
Daichi Kamada,Crystal Palace,MID,Brentford,Crystal Palace (A) vs Brentford,1.5,5.0,2.5,1.5,0.0876,1749,2,0,2,0,0.0,62,6,3,False,100.0,209400,Kamada,Daichi Kamada,https://images.weserv.nl/?url=resources.premierleague.com/premierleague/photos/players/250x250/p209400.png&w=250&h=250&fit=cover&a=attention,https://resources.premierleague.com/premierleague/photos/players/110x140/p209400.png,https://fantasy.premierleague.com/dist/img/shirts/standard/shirt_209400.png
Saša Lukić,Fulham,MID,Wolves,Fulham (A) vs Wolves,1.5,4.9,2.5,2.5,0.13379999999999997,1640,4,1,9,0,0.0,62,6,4,False,100.0,212314,Lukić,Saša Lukić,https://images.weserv.nl/?url=resources.premierleague.com/premierleague/photos/players/250x250/p212314.png&w=250&h=250&fit=cover&a=attention,https://resources.premierleague.com/premierleague/photos/players/110x140/p212314.png,https://fantasy.premierleague.com/dist/img/shirts/standard/shirt_212314.png
Adam Armstrong,Wolves,FWD,Fulham,Wolves (H) vs Fulham,1.5,5.2,2.5,2.0,0.09359999999999999,997,2,1,3,0,0.0,30,3,3,True,,155511,Armstrong,Adam Armstrong,https://images.weserv.nl/?url=resources.premierleague.com/premierleague/photos/players/250x250/p155511.png&w=250&h=250&fit=cover&a=attention,https://resources.premierleague.com/premierleague/photos/players/110x140/p155511.png,https://fantasy.premierleague.com/dist/img/shirts/standard/shirt_155511.png
Mason Mount,Man Utd,MID,Nott'm Forest,Man Utd (H) vs Nott'm Forest,1.5,5.9,2.5,1.0,0.0924,928,0,3,2,0,0.0,52,4,3,True,100.0,184341,Mount,Mason Mount,https://images.weserv.nl/?url=resources.premierleague.com/premierleague/photos/players/250x250/p184341.png&w=250&h=250&fit=cover&a=attention,https://resources.premierleague.com/premierleague/photos/players/110x140/p184341.png,https://fantasy.premierleague.com/dist/img/shirts/standard/shirt_184341.png
Maxime Estève,Burnley,DEF,Arsenal,Burnley (A) vs Arsenal,1.5,3.9,2.5,3.0,0.0438,2852,0,0,1,0,0.0,83,3,1,False,100.0,477717,Estève,Maxime Estève,https://images.weserv.nl/?url=resources.premierleague.com/premierleague/photos/players/250x250/p477717.png&w=250&h=250&fit=cover&a=attention,https://resources.premierleague.com/premierleague/photos/players/110x140/p477717.png,https://fantasy.premierleague.com/dist/img/shirts/standard/shirt_477717.png
Bertrand Traoré,Sunderland,MID,Everton,Sunderland (A) vs Everton,1.5,5.5,2.5,0.0,0.0288,634,1,1,1,0,0.0,30,3,3,False,100.0,110504,Traoré,Bertrand Traoré,https://images.weserv.nl/?url=resources.premierleague.com/premierleague/photos/players/250x250/p110504.png&w=250&h=250&fit=cover&a=attention,https://resources.premierleague.com/premierleague/photos/players/110x140/p110504.png,https://fantasy.premierleague.com/dist/img/shirts/standard/shirt_110504.png
Jordan Henderson,Brentford,MID,Crystal Palace,Brentford (H) vs Crystal Palace,1.5,5.0,2.5,0.0,0.0198,1825,3,1,5,0,0.0,75,6,3,True,100.0,56979,Henderson,Jordan Henderson,https://images.weserv.nl/?url=resources.premierleague.com/premierleague/photos/players/250x250/p56979.png&w=250&h=250&fit=cover&a=attention,https://resources.premierleague.com/premierleague/photos/players/110x140/p56979.png,https://fantasy.premierleague.com/dist/img/shirts/standard/shirt_56979.png
Noah Sadiki,Sunderland,MID,Everton,Sunderland (A) vs Everton,1.5,4.9,2.5,3.2,0.0858,2725,2,0,8,0,0.0,77,9,3,False,100.0,577669,Sadiki,Noah Sadiki,https://images.weserv.nl/?url=resources.premierleague.com/premierleague/photos/players/250x250/p577669.png&w=250&h=250&fit=cover&a=attention,https://resources.premierleague.com/premierleague/photos/players/110x140/p577669.png,https://fantasy.premierleague.com/dist/img/shirts/standard/shirt_577669.png
Dwight McNeil,Everton,MID,Sunderland,Everton (H) vs Sunderland,1.5,5.5,2.5,1.0,0.08220000000000001,1159,3,0,1,0,0.0,52,6,3,True,,433154,McNeil,Dwight McNeil,https://images.weserv.nl/?url=resources.premierleague.com/premierleague/photos/players/250x250/p433154.png&w=250&h=250&fit=cover&a=attention,https://resources.premierleague.com/premierleague/photos/players/110x140/p433154.png,https://fantasy.premierleague.com/dist/img/shirts/standard/shirt_433154.png
Mathys Tel,Spurs,MID,Chelsea,Spurs (A) vs Chelsea,1.5,6.2,2.5,3.4,0.1386,1172,2,4,1,0,0.0,73,2,3,False,100.0,511499,Tel,Mathys Tel,https://images.weserv.nl/?url=resources.premierleague.com/premierleague/photos/players/250x250/p511499.png&w=250&h=250&fit=cover&a=attention,https://resources.premierleague.com/premierleague/photos/players/110x140/p511499.png,https://fantasy.premierleague.com/dist/img/shirts/standard/shirt_511499.png
Ayden Heaven,Man Utd,DEF,Nott'm Forest,Man Utd (H) vs Nott'm Forest,1.5,3.7,2.5,2.8,0.0204,920,1,0,2,0,0.0,42,2,3,True,100.0,606745,Heaven,Ayden Heaven,https://images.weserv.nl/?url=resources.premierleague.com/premierleague/photos/players/250x250/p606745.png&w=250&h=250&fit=cover&a=attention,https://resources.premierleague.com/premierleague/photos/players/110x140/p606745.png,https://fantasy.premierleague.com/dist/img/shirts/standard/shirt_606745.png
Hugo Bueno López,Wolves,DEF,Fulham,Wolves (H) vs Fulham,1.5,4.3,2.5,2.0,0.046799999999999994,2338,3,1,3,0,0.0,81,4,3,True,100.0,490721,H.Bueno,Hugo Bueno López,https://images.weserv.nl/?url=resources.premierleague.com/premierleague/photos/players/250x250/p490721.png&w=250&h=250&fit=cover&a=attention,https://resources.premierleague.com/premierleague/photos/players/110x140/p490721.png,https://fantasy.premierleague.com/dist/img/shirts/standard/shirt_490721.png
Djed Spence,Spurs,DEF,Chelsea,Spurs (A) vs Chelsea,1.5,4.1,2.5,2.2,0.0528,1938,0,0,4,0,0.0,71,8,3,False,100.0,232859,Spence,Djed Spence,https://images.weserv.nl/?url=resources.premierleague.com/premierleague/photos/players/250x250/p232859.png&w=250&h=250&fit=cover&a=attention,https://resources.premierleague.com/premierleague/photos/players/110x140/p232859.png,https://fantasy.premierleague.com/dist/img/shirts/standard/shirt_232859.png
Nico González Iglesias,Man City,MID,Bournemouth,Man City (A) vs Bournemouth,1.5,5.9,2.5,0.7,0.0348,1471,0,1,6,0,0.0,59,7,3,False,100.0,465694,N.Gonzalez,Nico González Iglesias,https://images.weserv.nl/?url=resources.premierleague.com/premierleague/photos/players/250x250/p465694.png&w=250&h=250&fit=cover&a=attention,https://resources.premierleague.com/premierleague/photos/players/110x140/p465694.png,https://fantasy.premierleague.com/dist/img/shirts/standard/shirt_465694.png
Noussair Mazraoui,Man Utd,DEF,Nott'm Forest,Man Utd (H) vs Nott'm Forest,1.5,4.9,2.5,3.8,0.011399999999999999,904,0,0,3,0,0.0,47,4,3,True,100.0,230001,Mazraoui,Noussair Mazraoui,https://images.weserv.nl/?url=resources.premierleague.com/premierleague/photos/players/250x250/p230001.png&w=250&h=250&fit=cover&a=attention,https://resources.premierleague.com/premierleague/photos/players/110x140/p230001.png,https://fantasy.premierleague.com/dist/img/shirts/standard/shirt_230001.png
James Ward-Prowse,Burnley,MID,Arsenal,Burnley (A) vs Arsenal,1.4399999999999948,5.6,2.4,2.2,0.0144,1065,1,0,1,0,0.0,38,2,1,False,100.0,101178,Ward-Prowse,James Ward-Prowse,https://images.weserv.nl/?url=resources.premierleague.com/premierleague/photos/players/250x250/p101178.png&w=250&h=250&fit=cover&a=attention,https://resources.premierleague.com/premierleague/photos/players/110x140/p101178.png,https://fantasy.premierleague.com/dist/img/shirts/standard/shirt_101178.png
Lukas Nmecha,Leeds,FWD,Brighton,Leeds (H) vs Brighton,1.4399999999999948,5.0,2.4,0.8,0.4109999999999999,945,1,6,0,0,0.0,70,3,2,True,100.0,174594,Nmecha,Lukas Nmecha,https://images.weserv.nl/?url=resources.premierleague.com/premierleague/photos/players/250x250/p174594.png&w=250&h=250&fit=cover&a=attention,https://resources.premierleague.com/premierleague/photos/players/110x140/p174594.png,https://fantasy.premierleague.com/dist/img/shirts/standard/shirt_174594.png
Antonee Robinson,Fulham,DEF,Wolves,Fulham (A) vs Wolves,1.4399999999999948,4.9,2.4,1.0,0.0156,1307,0,0,4,0,0.0,47,3,4,False,100.0,169528,Robinson,Antonee Robinson,https://images.weserv.nl/?url=resources.premierleague.com/premierleague/photos/players/250x250/p169528.png&w=250&h=250&fit=cover&a=attention,https://resources.premierleague.com/premierleague/photos/players/110x140/p169528.png,https://fantasy.premierleague.com/dist/img/shirts/standard/shirt_169528.png
Sandro Tonali,Newcastle,MID,West Ham,Newcastle (H) vs West Ham,1.4399999999999948,5.3,2.4,1.8,0.10500000000000001,2482,2,0,4,0,0.0,80,7,3,True,100.0,432422,Tonali,Sandro Tonali,https://images.weserv.nl/?url=resources.premierleague.com/premierleague/photos/players/250x250/p432422.png&w=250&h=250&fit=cover&a=attention,https://resources.premierleague.com/premierleague/photos/players/110x140/p432422.png,https://fantasy.premierleague.com/dist/img/shirts/standard/shirt_432422.png
Lewis Cook,Bournemouth,MID,Man City,Bournemouth (H) vs Man City,1.4399999999999948,4.9,2.4,0.0,0.004200000000000001,870,1,0,1,1,0.0,38,1,2,True,25.0,155408,Cook,Lewis Cook,https://images.weserv.nl/?url=resources.premierleague.com/premierleague/photos/players/250x250/p155408.png&w=250&h=250&fit=cover&a=attention,https://resources.premierleague.com/premierleague/photos/players/110x140/p155408.png,https://fantasy.premierleague.com/dist/img/shirts/standard/shirt_155408.png
Callum Wilson,West Ham,FWD,Newcastle,West Ham (A) vs Newcastle,1.4399999999999948,5.8,2.4,1.8,0.4242,1099,2,6,1,0,0.0,73,1,3,False,100.0,75115,Wilson,Callum Wilson,https://images.weserv.nl/?url=resources.premierleague.com/premierleague/photos/players/250x250/p75115.png&w=250&h=250&fit=cover&a=attention,https://resources.premierleague.com/premierleague/photos/players/110x140/p75115.png,https://fantasy.premierleague.com/dist/img/shirts/standard/shirt_75115.png
Alejandro Garnacho Ferreyra,Chelsea,MID,Spurs,Chelsea (H) vs Spurs,1.4399999999999948,6.4,2.4,0.8,0.2064,1260,4,1,2,0,0.0,55,4,3,True,25.0,493105,Garnacho,Alejandro Garnacho Ferreyra,https://images.weserv.nl/?url=resources.premierleague.com/premierleague/photos/players/250x250/p493105.png&w=250&h=250&fit=cover&a=attention,https://resources.premierleague.com/premierleague/photos/players/110x140/p493105.png,https://fantasy.premierleague.com/dist/img/shirts/standard/shirt_493105.png
Bashir Humphreys,Burnley,DEF,Arsenal,Burnley (A) vs Arsenal,1.4399999999999948,3.9,2.4,0.5,0.0252,1476,2,0,6,0,0.0,44,2,1,False,100.0,461188,Humphreys,Bashir Humphreys,https://images.weserv.nl/?url=resources.premierleague.com/premierleague/photos/players/250x250/p461188.png&w=250&h=250&fit=cover&a=attention,https://resources.premierleague.com/premierleague/photos/players/110x140/p461188.png,https://fantasy.premierleague.com/dist/img/shirts/standard/shirt_461188.png
Kevin Danso,Spurs,DEF,Chelsea,Spurs (A) vs Chelsea,1.439849999999995,4.2,2.4,2.8,0.024,1309,0,0,8,0,0.0,52,3,3,False,100.0,135720,Danso,Kevin Danso,https://images.weserv.nl/?url=resources.premierleague.com/premierleague/photos/players/250x250/p135720.png&w=250&h=250&fit=cover&a=attention,https://resources.premierleague.com/premierleague/photos/players/110x140/p135720.png,https://fantasy.premierleague.com/dist/img/shirts/standard/shirt_135720.png
Mateus Mané,Wolves,FWD,Fulham,Wolves (H) vs Fulham,1.439849999999995,4.2,2.4,1.8,0.1026,1607,2,2,0,0,0.0,61,5,3,True,,647671,Mané,Mateus Mané,https://images.weserv.nl/?url=resources.premierleague.com/premierleague/photos/players/250x250/p647671.png&w=250&h=250&fit=cover&a=attention,https://resources.premierleague.com/premierleague/photos/players/110x140/p647671.png,https://fantasy.premierleague.com/dist/img/shirts/standard/shirt_647671.png
Josh Acheampong,Chelsea,DEF,Spurs,Chelsea (H) vs Spurs,1.439849999999995,3.7,2.4,0.6,0.036,579,0,1,1,0,0.0,36,2,3,True,100.0,577016,Acheampong,Josh Acheampong,https://images.weserv.nl/?url=resources.premierleague.com/premierleague/photos/players/250x250/p577016.png&w=250&h=250&fit=cover&a=attention,https://resources.premierleague.com/premierleague/photos/players/110x140/p577016.png,https://fantasy.premierleague.com/dist/img/shirts/standard/shirt_577016.png
Noni Madueke,Arsenal,MID,Burnley,Arsenal (H) vs Burnley,1.439699999999995,6.8,2.4,1.5,0.0636,1122,1,2,0,0,0.0,61,7,4,True,100.0,248857,Madueke,Noni Madueke,https://images.weserv.nl/?url=resources.premierleague.com/premierleague/photos/players/250x250/p248857.png&w=250&h=250&fit=cover&a=attention,https://resources.premierleague.com/premierleague/photos/players/110x140/p248857.png,https://fantasy.premierleague.com/dist/img/shirts/standard/shirt_248857.png
Kai Havertz,Arsenal,FWD,Burnley,Arsenal (H) vs Burnley,1.439549999999995,7.3,2.4,2.8,0.1512,460,2,1,0,0,0.0,24,3,4,True,100.0,219847,Havertz,Kai Havertz,https://images.weserv.nl/?url=resources.premierleague.com/premierleague/photos/players/250x250/p219847.png&w=250&h=250&fit=cover&a=attention,https://resources.premierleague.com/premierleague/photos/players/110x140/p219847.png,https://fantasy.premierleague.com/dist/img/shirts/standard/shirt_219847.png
Omar Marmoush,Man City,MID,Bournemouth,Man City (A) vs Bournemouth,1.439549999999995,8.3,2.4,1.0,0.141,599,3,2,3,0,0.0,46,3,3,False,100.0,438234,Marmoush,Omar Marmoush,https://images.weserv.nl/?url=resources.premierleague.com/premierleague/photos/players/250x250/p438234.png&w=250&h=250&fit=cover&a=attention,https://resources.premierleague.com/premierleague/photos/players/110x140/p438234.png,https://fantasy.premierleague.com/dist/img/shirts/standard/shirt_438234.png
Andrew Robertson,Liverpool,DEF,Aston Villa,Liverpool (A) vs Aston Villa,1.3802400000000041,5.7,2.3,2.5,0.06420000000000001,1083,0,1,0,0,0.0,53,4,3,False,,122798,Robertson,Andrew Robertson,https://images.weserv.nl/?url=resources.premierleague.com/premierleague/photos/players/250x250/p122798.png&w=250&h=250&fit=cover&a=attention,https://resources.premierleague.com/premierleague/photos/players/110x140/p122798.png,https://fantasy.premierleague.com/dist/img/shirts/standard/shirt_122798.png
Yéremy Pino Santos,Crystal Palace,MID,Brentford,Crystal Palace (A) vs Brentford,1.3800900000000038,5.8,2.3,0.8,0.24900000000000003,1925,1,2,4,0,0.0,71,7,3,False,100.0,488024,Yeremy,Yéremy Pino Santos,https://images.weserv.nl/?url=resources.premierleague.com/premierleague/photos/players/250x250/p488024.png&w=250&h=250&fit=cover&a=attention,https://resources.premierleague.com/premierleague/photos/players/110x140/p488024.png,https://fantasy.premierleague.com/dist/img/shirts/standard/shirt_488024.png
Wilson Isidor,Sunderland,FWD,Everton,Sunderland (A) vs Everton,1.379940000000004,5.0,2.3,1.6,0.2652,1106,1,5,1,0,0.0,68,4,3,False,100.0,437505,Isidor,Wilson Isidor,https://images.weserv.nl/?url=resources.premierleague.com/premierleague/photos/players/250x250/p437505.png&w=250&h=250&fit=cover&a=attention,https://resources.premierleague.com/premierleague/photos/players/110x140/p437505.png,https://fantasy.premierleague.com/dist/img/shirts/standard/shirt_437505.png
Marco Bizot,Aston Villa,GKP,Liverpool,Aston Villa (H) vs Liverpool,1.3794900000000037,4.2,2.3,0.6,0.0,495,0,0,2,0,3.09,14,1,2,True,100.0,72147,M.Bizot,Marco Bizot,https://images.weserv.nl/?url=resources.premierleague.com/premierleague/photos/players/250x250/p72147.png&w=250&h=250&fit=cover&a=attention,https://resources.premierleague.com/premierleague/photos/players/110x140/p72147.png,https://fantasy.premierleague.com/dist/img/shirts/standard/shirt_72147.png
Rio Ngumoha,Liverpool,MID,Aston Villa,Liverpool (A) vs Aston Villa,1.379340000000004,4.3,2.3,2.0,0.0654,385,1,2,0,0,0.0,39,2,3,False,,611922,Ngumoha,Rio Ngumoha,https://images.weserv.nl/?url=resources.premierleague.com/premierleague/photos/players/250x250/p611922.png&w=250&h=250&fit=cover&a=attention,https://resources.premierleague.com/premierleague/photos/players/110x140/p611922.png,https://fantasy.premierleague.com/dist/img/shirts/standard/shirt_611922.png
Marcus Edwards,Burnley,MID,Arsenal,Burnley (A) vs Arsenal,1.379190000000004,4.7,2.3,0.8,0.0888,1043,3,1,0,0,0.0,50,1,1,False,100.0,174592,Edwards,Marcus Edwards,https://images.weserv.nl/?url=resources.premierleague.com/premierleague/photos/players/250x250/p174592.png&w=250&h=250&fit=cover&a=attention,https://resources.premierleague.com/premierleague/photos/players/110x140/p174592.png,https://fantasy.premierleague.com/dist/img/shirts/standard/shirt_174592.png
Tim Iroegbunam,Everton,MID,Sunderland,Everton (H) vs Sunderland,1.379190000000004,4.8,2.3,1.2,0.0324,1322,3,0,8,0,0.0,63,8,3,True,100.0,490094,Iroegbunam,Tim Iroegbunam,https://images.weserv.nl/?url=resources.premierleague.com/premierleague/photos/players/250x250/p490094.png&w=250&h=250&fit=cover&a=attention,https://resources.premierleague.com/premierleague/photos/players/110x140/p490094.png,https://fantasy.premierleague.com/dist/img/shirts/standard/shirt_490094.png
Tanaka Ao,Leeds,MID,Brighton,Leeds (H) vs Brighton,1.378740000000004,4.8,2.3,3.4,0.0876,1171,1,2,1,0,0.0,61,3,2,True,100.0,248056,Tanaka,Tanaka Ao,https://images.weserv.nl/?url=resources.premierleague.com/premierleague/photos/players/250x250/p248056.png&w=250&h=250&fit=cover&a=attention,https://resources.premierleague.com/premierleague/photos/players/110x140/p248056.png,https://fantasy.premierleague.com/dist/img/shirts/standard/shirt_248056.png
Hannibal Mejbri,Burnley,MID,Arsenal,Burnley (A) vs Arsenal,1.3767900000000033,4.7,2.3,1.2,0.038400000000000004,1085,5,1,8,0,0.0,57,2,1,False,100.0,465527,Hannibal,Hannibal Mejbri,https://images.weserv.nl/?url=resources.premierleague.com/premierleague/photos/players/250x250/p465527.png&w=250&h=250&fit=cover&a=attention,https://resources.premierleague.com/premierleague/photos/players/110x140/p465527.png,https://fantasy.premierleague.com/dist/img/shirts/standard/shirt_465527.png
Ladislav Krejcí,Wolves,DEF,Fulham,Wolves (H) vs Fulham,1.3764900000000033,4.5,2.3,0.2,0.13019999999999998,2201,1,2,3,1,0.0,60,3,3,True,100.0,431248,Krejčí,Ladislav Krejcí,https://images.weserv.nl/?url=resources.premierleague.com/premierleague/photos/players/250x250/p431248.png&w=250&h=250&fit=cover&a=attention,https://resources.premierleague.com/premierleague/photos/players/110x140/p431248.png,https://fantasy.premierleague.com/dist/img/shirts/standard/shirt_431248.png
Lorenzo Lucca,Nott'm Forest,FWD,Man Utd,Nott'm Forest (A) vs Man Utd,1.3225399999999963,5.3,2.2,0.2,0.0474,126,0,1,0,0,0.0,9,1,2,False,,469130,Lucca,Lorenzo Lucca,https://images.weserv.nl/?url=resources.premierleague.com/premierleague/photos/players/250x250/p469130.png&w=250&h=250&fit=cover&a=attention,https://resources.premierleague.com/premierleague/photos/players/110x140/p469130.png,https://fantasy.premierleague.com/dist/img/shirts/standard/shirt_469130.png
Amine Adli,Bournemouth,MID,Man City,Bournemouth (H) vs Man City,1.3218899999999965,5.4,2.2,0.8,0.156,1057,2,3,2,0,0.0,66,3,2,True,,489888,Adli,Amine Adli,https://images.weserv.nl/?url=resources.premierleague.com/premierleague/photos/players/250x250/p489888.png&w=250&h=250&fit=cover&a=attention,https://resources.premierleague.com/premierleague/photos/players/110x140/p489888.png,https://fantasy.premierleague.com/dist/img/shirts/standard/shirt_489888.png
Evann Guessand,Crystal Palace,MID,Brentford,Crystal Palace (A) vs Brentford,1.3217399999999964,6.2,2.2,0.0,0.09359999999999999,880,3,1,0,0,0.0,42,2,3,False,50.0,485337,Guessand,Evann Guessand,https://images.weserv.nl/?url=resources.premierleague.com/premierleague/photos/players/250x250/p485337.png&w=250&h=250&fit=cover&a=attention,https://resources.premierleague.com/premierleague/photos/players/110x140/p485337.png,https://fantasy.premierleague.com/dist/img/shirts/standard/shirt_485337.png
Jefferson Lerma Solís,Crystal Palace,MID,Brentford,Crystal Palace (A) vs Brentford,1.3215899999999963,4.9,2.2,1.5,0.11040000000000001,1526,5,0,6,0,0.0,63,7,3,False,100.0,152551,Lerma,Jefferson Lerma Solís,https://images.weserv.nl/?url=resources.premierleague.com/premierleague/photos/players/250x250/p152551.png&w=250&h=250&fit=cover&a=attention,https://resources.premierleague.com/premierleague/photos/players/110x140/p152551.png,https://fantasy.premierleague.com/dist/img/shirts/standard/shirt_152551.png
Justin Kluivert,Bournemouth,MID,Man City,Bournemouth (H) vs Man City,1.3206899999999961,6.9,2.2,0.0,0.13440000000000002,914,0,2,4,0,0.0,40,4,2,True,75.0,222683,Kluivert,Justin Kluivert,https://images.weserv.nl/?url=resources.premierleague.com/premierleague/photos/players/250x250/p222683.png&w=250&h=250&fit=cover&a=attention,https://resources.premierleague.com/premierleague/photos/players/110x140/p222683.png,https://fantasy.premierleague.com/dist/img/shirts/standard/shirt_222683.png
Curtis Jones,Liverpool,MID,Aston Villa,Liverpool (A) vs Aston Villa,1.3200899999999962,5.4,2.2,3.5,0.08940000000000001,1743,3,0,2,0,0.0,69,3,3,False,100.0,206915,C.Jones,Curtis Jones,https://images.weserv.nl/?url=resources.premierleague.com/premierleague/photos/players/250x250/p206915.png&w=250&h=250&fit=cover&a=attention,https://resources.premierleague.com/premierleague/photos/players/110x140/p206915.png,https://fantasy.premierleague.com/dist/img/shirts/standard/shirt_206915.png
Lyle Foster,Burnley,FWD,Arsenal,Burnley (A) vs Arsenal,1.3197899999999958,4.9,2.2,0.8,0.19319999999999998,1361,2,3,4,0,0.0,58,4,1,False,100.0,435973,Foster,Lyle Foster,https://images.weserv.nl/?url=resources.premierleague.com/premierleague/photos/players/250x250/p435973.png&w=250&h=250&fit=cover&a=attention,https://resources.premierleague.com/premierleague/photos/players/110x140/p435973.png,https://fantasy.premierleague.com/dist/img/shirts/standard/shirt_435973.png
Rodrigo Martins Gomes,Wolves,DEF,Fulham,Wolves (H) vs Fulham,1.3196399999999955,4.4,2.2,2.2,0.10980000000000001,789,0,3,0,0,0.0,44,1,3,True,100.0,483081,R.Gomes,Rodrigo Martins Gomes,https://images.weserv.nl/?url=resources.premierleague.com/premierleague/photos/players/250x250/p483081.png&w=250&h=250&fit=cover&a=attention,https://resources.premierleague.com/premierleague/photos/players/110x140/p483081.png,https://fantasy.premierleague.com/dist/img/shirts/standard/shirt_483081.png
Toti Gomes,Wolves,DEF,Fulham,Wolves (H) vs Fulham,1.3190399999999955,4.2,2.2,3.0,0.0318,1399,0,0,1,1,0.0,40,1,3,True,100.0,510362,Toti,Toti Gomes,https://images.weserv.nl/?url=resources.premierleague.com/premierleague/photos/players/250x250/p510362.png&w=250&h=250&fit=cover&a=attention,https://resources.premierleague.com/premierleague/photos/players/110x140/p510362.png,https://fantasy.premierleague.com/dist/img/shirts/standard/shirt_510362.png
Yerson Mosquera Valdelamar,Wolves,DEF,Fulham,Wolves (H) vs Fulham,1.3188899999999957,4.3,2.2,1.2,0.11579999999999999,1957,0,0,11,0,0.0,56,4,3,True,100.0,501837,Mosquera,Yerson Mosquera Valdelamar,https://images.weserv.nl/?url=resources.premierleague.com/premierleague/photos/players/250x250/p501837.png&w=250&h=250&fit=cover&a=attention,https://resources.premierleague.com/premierleague/photos/players/110x140/p501837.png,https://fantasy.premierleague.com/dist/img/shirts/standard/shirt_501837.png
Tolu Arokodare,Wolves,FWD,Fulham,Wolves (H) vs Fulham,1.2615000000000036,5.2,2.1,1.0,0.3168,1360,2,3,1,0,0.0,64,3,3,True,,488213,Tolu,Tolu Arokodare,https://images.weserv.nl/?url=resources.premierleague.com/premierleague/photos/players/250x250/p488213.png&w=250&h=250&fit=cover&a=attention,https://resources.premierleague.com/premierleague/photos/players/110x140/p488213.png,https://fantasy.premierleague.com/dist/img/shirts/standard/shirt_488213.png
Lucas Bergvall,Spurs,MID,Chelsea,Spurs (A) vs Chelsea,1.2610500000000038,5.2,2.1,1.8,0.0732,955,3,1,2,0,0.0,49,3,3,False,100.0,570526,Bergvall,Lucas Bergvall,https://images.weserv.nl/?url=resources.premierleague.com/premierleague/photos/players/250x250/p570526.png&w=250&h=250&fit=cover&a=attention,https://resources.premierleague.com/premierleague/photos/players/110x140/p570526.png,https://fantasy.premierleague.com/dist/img/shirts/standard/shirt_570526.png
Kyle Walker-Peters,West Ham,DEF,Newcastle,West Ham (A) vs Newcastle,1.2607500000000036,4.2,2.1,2.2,0.0678,1288,0,1,2,0,0.0,47,3,3,False,,158534,Walker-Peters,Kyle Walker-Peters,https://images.weserv.nl/?url=resources.premierleague.com/premierleague/photos/players/250x250/p158534.png&w=250&h=250&fit=cover&a=attention,https://resources.premierleague.com/premierleague/photos/players/110x140/p158534.png,https://fantasy.premierleague.com/dist/img/shirts/standard/shirt_158534.png
Harrison Reed,Fulham,MID,Wolves,Fulham (A) vs Wolves,1.2607500000000036,4.3,2.1,0.5,0.0078,89,0,1,0,0,0.0,15,0,4,False,100.0,153366,Reed,Harrison Reed,https://images.weserv.nl/?url=resources.premierleague.com/premierleague/photos/players/250x250/p153366.png&w=250&h=250&fit=cover&a=attention,https://resources.premierleague.com/premierleague/photos/players/110x140/p153366.png,https://fantasy.premierleague.com/dist/img/shirts/standard/shirt_153366.png
Emile Smith Rowe,Fulham,MID,Wolves,Fulham (A) vs Wolves,1.260600000000004,5.6,2.1,2.2,0.2766,1760,1,3,1,0,0.0,75,5,4,False,100.0,209289,Smith Rowe,Emile Smith Rowe,https://images.weserv.nl/?url=resources.premierleague.com/premierleague/photos/players/250x250/p209289.png&w=250&h=250&fit=cover&a=attention,https://resources.premierleague.com/premierleague/photos/players/110x140/p209289.png,https://fantasy.premierleague.com/dist/img/shirts/standard/shirt_209289.png
Tosin Adarabioyo,Chelsea,DEF,Spurs,Chelsea (H) vs Spurs,1.260600000000004,4.0,2.1,0.0,0.0066,788,0,0,2,0,0.0,34,2,3,True,100.0,109646,Tosin,Tosin Adarabioyo,https://images.weserv.nl/?url=resources.premierleague.com/premierleague/photos/players/250x250/p109646.png&w=250&h=250&fit=cover&a=attention,https://resources.premierleague.com/premierleague/photos/players/110x140/p109646.png,https://fantasy.premierleague.com/dist/img/shirts/standard/shirt_109646.png
Jørgen Strand Larsen,Crystal Palace,FWD,Brentford,Crystal Palace (A) vs Brentford,1.260600000000004,5.9,2.1,1.3,0.29460000000000003,2135,1,4,4,0,0.0,70,5,3,False,100.0,247412,Strand Larsen,Jørgen Strand Larsen,https://images.weserv.nl/?url=resources.premierleague.com/premierleague/photos/players/250x250/p247412.png&w=250&h=250&fit=cover&a=attention,https://resources.premierleague.com/premierleague/photos/players/110x140/p247412.png,https://fantasy.premierleague.com/dist/img/shirts/standard/shirt_247412.png
Jean-Clair Todibo,West Ham,DEF,Newcastle,West Ham (A) vs Newcastle,1.2606000000000037,4.3,2.1,0.5,0.015,1792,1,0,5,1,0.0,46,1,3,False,100.0,462116,Todibo,Jean-Clair Todibo,https://images.weserv.nl/?url=resources.premierleague.com/premierleague/photos/players/250x250/p462116.png&w=250&h=250&fit=cover&a=attention,https://resources.premierleague.com/premierleague/photos/players/110x140/p462116.png,https://fantasy.premierleague.com/dist/img/shirts/standard/shirt_462116.png
Nathan Aké,Man City,DEF,Bournemouth,Man City (A) vs Bournemouth,1.2604500000000038,5.2,2.1,1.2,0.038400000000000004,578,0,0,1,0,0.0,34,3,3,False,,126184,Aké,Nathan Aké,https://images.weserv.nl/?url=resources.premierleague.com/premierleague/photos/players/250x250/p126184.png&w=250&h=250&fit=cover&a=attention,https://resources.premierleague.com/premierleague/photos/players/110x140/p126184.png,https://fantasy.premierleague.com/dist/img/shirts/standard/shirt_126184.png
Felipe Rodrigues da Silva,Nott'm Forest,DEF,Man Utd,Nott'm Forest (A) vs Man Utd,1.2603000000000038,4.3,2.1,1.0,0.0498,1160,0,0,5,0,0.0,40,2,2,False,,485047,Morato,Felipe Rodrigues da Silva,https://images.weserv.nl/?url=resources.premierleague.com/premierleague/photos/players/250x250/p485047.png&w=250&h=250&fit=cover&a=attention,https://resources.premierleague.com/premierleague/photos/players/110x140/p485047.png,https://fantasy.premierleague.com/dist/img/shirts/standard/shirt_485047.png
Chadi Riad Dnanou,Crystal Palace,DEF,Brentford,Crystal Palace (A) vs Brentford,1.2603000000000035,4.0,2.1,0.2,0.0066,387,1,0,2,0,0.0,15,1,3,False,100.0,515621,Chadi Riad,Chadi Riad Dnanou,https://images.weserv.nl/?url=resources.premierleague.com/premierleague/photos/players/250x250/p515621.png&w=250&h=250&fit=cover&a=attention,https://resources.premierleague.com/premierleague/photos/players/110x140/p515621.png,https://fantasy.premierleague.com/dist/img/shirts/standard/shirt_515621.png
Aaron Ramsdale,Newcastle,GKP,West Ham,Newcastle (H) vs West Ham,1.260200000000004,4.8,2.1,0.4,0.0,1003,0,0,2,0,2.24,25,1,3,True,,225321,Ramsdale,Aaron Ramsdale,https://images.weserv.nl/?url=resources.premierleague.com/premierleague/photos/players/250x250/p225321.png&w=250&h=250&fit=cover&a=attention,https://resources.premierleague.com/premierleague/photos/players/110x140/p225321.png,https://fantasy.premierleague.com/dist/img/shirts/standard/shirt_225321.png
Dan Ndoye,Nott'm Forest,MID,Man Utd,Nott'm Forest (A) vs Man Utd,1.260000000000004,5.5,2.1,0.2,0.063,1167,2,1,1,0,0.0,50,2,2,False,50.0,456512,Ndoye,Dan Ndoye,https://images.weserv.nl/?url=resources.premierleague.com/premierleague/photos/players/250x250/p456512.png&w=250&h=250&fit=cover&a=attention,https://resources.premierleague.com/premierleague/photos/players/110x140/p456512.png,https://fantasy.premierleague.com/dist/img/shirts/standard/shirt_456512.png
Lutsharel Geertruida,Sunderland,DEF,Everton,Sunderland (A) vs Everton,1.2009,4.5,2.0,1.2,0.0444,1501,0,0,1,0,0.0,52,3,3,False,,247955,Geertruida,Lutsharel Geertruida,https://images.weserv.nl/?url=resources.premierleague.com/premierleague/photos/players/250x250/p247955.png&w=250&h=250&fit=cover&a=attention,https://resources.premierleague.com/premierleague/photos/players/110x140/p247955.png,https://fantasy.premierleague.com/dist/img/shirts/standard/shirt_247955.png
Freddie Woodman,Liverpool,GKP,Aston Villa,Liverpool (A) vs Aston Villa,1.20075,3.9,2.0,1.5,0.0,212,0,0,0,0,3.82,6,0,3,False,,155503,Woodman,Freddie Woodman,https://images.weserv.nl/?url=resources.premierleague.com/premierleague/photos/players/250x250/p155503.png&w=250&h=250&fit=cover&a=attention,https://resources.premierleague.com/premierleague/photos/players/110x140/p155503.png,https://fantasy.premierleague.com/dist/img/shirts/standard/shirt_155503.png
Pablo Felipe Pereira de Jesus,West Ham,FWD,Newcastle,West Ham (A) vs Newcastle,1.2001499999999998,5.4,2.0,1.8,0.049199999999999994,747,1,0,0,0,0.0,24,3,3,False,100.0,530335,Pablo,Pablo Felipe Pereira de Jesus,https://images.weserv.nl/?url=resources.premierleague.com/premierleague/photos/players/250x250/p530335.png&w=250&h=250&fit=cover&a=attention,https://resources.premierleague.com/premierleague/photos/players/110x140/p530335.png,https://fantasy.premierleague.com/dist/img/shirts/standard/shirt_530335.png
Daniel Bentley,Wolves,GKP,Fulham,Wolves (H) vs Fulham,1.2001499999999998,3.9,2.0,1.5,0.0,270,0,0,0,0,2.33,6,0,3,True,100.0,79602,Bentley,Daniel Bentley,https://images.weserv.nl/?url=resources.premierleague.com/premierleague/photos/players/250x250/p79602.png&w=250&h=250&fit=cover&a=attention,https://resources.premierleague.com/premierleague/photos/players/110x140/p79602.png,https://fantasy.premierleague.com/dist/img/shirts/standard/shirt_79602.png
Max Weiß,Burnley,GKP,Arsenal,Burnley (A) vs Arsenal,1.2001499999999998,4.2,2.0,0.5,0.0,90,0,0,0,0,5.0,2,0,1,False,,518030,Weiss,Max Weiß,https://images.weserv.nl/?url=resources.premierleague.com/premierleague/photos/players/250x250/p518030.png&w=250&h=250&fit=cover&a=attention,https://resources.premierleague.com/premierleague/photos/players/110x140/p518030.png,https://fantasy.premierleague.com/dist/img/shirts/standard/shirt_518030.png
Mateo Kovačić,Man City,MID,Bournemouth,Man City (A) vs Bournemouth,1.2001499999999998,5.8,2.0,0.8,0.0036,28,1,0,0,0,0.0,6,0,3,False,100.0,91651,Kovačić,Mateo Kovačić,https://images.weserv.nl/?url=resources.premierleague.com/premierleague/photos/players/250x250/p91651.png&w=250&h=250&fit=cover&a=attention,https://resources.premierleague.com/premierleague/photos/players/110x140/p91651.png,https://fantasy.premierleague.com/dist/img/shirts/standard/shirt_91651.png
Hwang Hee-chan,Wolves,MID,Fulham,Wolves (H) vs Fulham,1.2001499999999998,5.6,2.0,0.8,0.1362,1271,1,2,4,0,0.0,48,2,3,True,100.0,184754,Hee Chan,Hwang Hee-chan,https://images.weserv.nl/?url=resources.premierleague.com/premierleague/photos/players/250x250/p184754.png&w=250&h=250&fit=cover&a=attention,https://resources.premierleague.com/premierleague/photos/players/110x140/p184754.png,https://fantasy.premierleague.com/dist/img/shirts/standard/shirt_184754.png
Josh King,Fulham,MID,Wolves,Fulham (A) vs Wolves,1.2,4.4,2.0,0.8,0.14279999999999998,1249,3,1,4,0,0.0,61,5,4,False,100.0,577725,King,Josh King,https://images.weserv.nl/?url=resources.premierleague.com/premierleague/photos/players/250x250/p577725.png&w=250&h=250&fit=cover&a=attention,https://resources.premierleague.com/premierleague/photos/players/110x140/p577725.png,https://fantasy.premierleague.com/dist/img/shirts/standard/shirt_577725.png
Eliezer Mayenda Dossou,Sunderland,FWD,Everton,Sunderland (A) vs Everton,1.1998499999999999,5.1,2.0,0.2,0.12779999999999997,751,0,2,0,0,0.0,40,3,3,False,,564406,Mayenda,Eliezer Mayenda Dossou,https://images.weserv.nl/?url=resources.premierleague.com/premierleague/photos/players/250x250/p564406.png&w=250&h=250&fit=cover&a=attention,https://resources.premierleague.com/premierleague/photos/players/110x140/p564406.png,https://fantasy.premierleague.com/dist/img/shirts/standard/shirt_564406.png
Loum Tchaouna,Burnley,MID,Arsenal,Burnley (A) vs Arsenal,1.140299999999997,4.8,1.9,3.2,0.0726,1104,1,2,2,0,0.0,52,2,1,False,,469272,Tchaouna,Loum Tchaouna,https://images.weserv.nl/?url=resources.premierleague.com/premierleague/photos/players/250x250/p469272.png&w=250&h=250&fit=cover&a=attention,https://resources.premierleague.com/premierleague/photos/players/110x140/p469272.png,https://fantasy.premierleague.com/dist/img/shirts/standard/shirt_469272.png
Brennan Johnson,Crystal Palace,MID,Brentford,Crystal Palace (A) vs Brentford,1.139999999999997,6.5,1.9,1.5,0.147,1591,1,2,6,0,0.0,62,6,3,False,,242898,Johnson,Brennan Johnson,https://images.weserv.nl/?url=resources.premierleague.com/premierleague/photos/players/250x250/p242898.png&w=250&h=250&fit=cover&a=attention,https://resources.premierleague.com/premierleague/photos/players/110x140/p242898.png,https://fantasy.premierleague.com/dist/img/shirts/standard/shirt_242898.png
Nathaniel Clyne,Crystal Palace,DEF,Brentford,Crystal Palace (A) vs Brentford,1.139999999999997,3.8,1.9,0.0,0.0258,494,1,0,1,0,0.0,15,0,3,False,100.0,57328,Clyne,Nathaniel Clyne,https://images.weserv.nl/?url=resources.premierleague.com/premierleague/photos/players/250x250/p57328.png&w=250&h=250&fit=cover&a=attention,https://resources.premierleague.com/premierleague/photos/players/110x140/p57328.png,https://fantasy.premierleague.com/dist/img/shirts/standard/shirt_57328.png
Kyle Walker,Burnley,DEF,Arsenal,Burnley (A) vs Arsenal,1.139999999999997,4.4,1.9,0.8,0.009,2915,2,0,9,0,0.0,66,4,1,False,100.0,58621,Walker,Kyle Walker,https://images.weserv.nl/?url=resources.premierleague.com/premierleague/photos/players/250x250/p58621.png&w=250&h=250&fit=cover&a=attention,https://resources.premierleague.com/premierleague/photos/players/110x140/p58621.png,https://fantasy.premierleague.com/dist/img/shirts/standard/shirt_58621.png
Jacob Ramsey,Newcastle,MID,West Ham,Newcastle (H) vs West Ham,1.139999999999997,5.3,1.9,2.0,0.072,1261,2,2,3,1,0.0,49,1,3,True,100.0,232653,J.Ramsey,Jacob Ramsey,https://images.weserv.nl/?url=resources.premierleague.com/premierleague/photos/players/250x250/p232653.png&w=250&h=250&fit=cover&a=attention,https://resources.premierleague.com/premierleague/photos/players/110x140/p232653.png,https://fantasy.premierleague.com/dist/img/shirts/standard/shirt_232653.png
Dilane Bakwa,Nott'm Forest,MID,Man Utd,Nott'm Forest (A) vs Man Utd,1.139999999999997,5.9,1.9,2.2,0.0324,529,2,0,1,0,0.0,25,2,2,False,100.0,476887,Bakwa,Dilane Bakwa,https://images.weserv.nl/?url=resources.premierleague.com/premierleague/photos/players/250x250/p476887.png&w=250&h=250&fit=cover&a=attention,https://resources.premierleague.com/premierleague/photos/players/110x140/p476887.png,https://fantasy.premierleague.com/dist/img/shirts/standard/shirt_476887.png
Soungoutou Magassa,West Ham,MID,Newcastle,West Ham (A) vs Newcastle,1.139999999999997,5.0,1.9,0.2,0.0264,971,0,1,4,0,0.0,42,2,3,False,,564940,S.Magassa,Soungoutou Magassa,https://images.weserv.nl/?url=resources.premierleague.com/premierleague/photos/players/250x250/p564940.png&w=250&h=250&fit=cover&a=attention,https://resources.premierleague.com/premierleague/photos/players/110x140/p564940.png,https://fantasy.premierleague.com/dist/img/shirts/standard/shirt_564940.png
Chris Rigg,Sunderland,MID,Everton,Sunderland (A) vs Everton,1.139999999999997,4.7,1.9,2.0,0.0516,744,0,1,1,0,0.0,31,3,3,False,,554197,Rigg,Chris Rigg,https://images.weserv.nl/?url=resources.premierleague.com/premierleague/photos/players/250x250/p554197.png&w=250&h=250&fit=cover&a=attention,https://resources.premierleague.com/premierleague/photos/players/110x140/p554197.png,https://fantasy.premierleague.com/dist/img/shirts/standard/shirt_554197.png
Rico Lewis,Man City,DEF,Bournemouth,Man City (A) vs Bournemouth,1.139999999999997,4.6,1.9,0.0,0.0066,311,1,0,1,0,0.0,19,1,3,False,100.0,477064,Lewis,Rico Lewis,https://images.weserv.nl/?url=resources.premierleague.com/premierleague/photos/players/250x250/p477064.png&w=250&h=250&fit=cover&a=attention,https://resources.premierleague.com/premierleague/photos/players/110x140/p477064.png,https://fantasy.premierleague.com/dist/img/shirts/standard/shirt_477064.png
David Brooks,Bournemouth,MID,Man City,Bournemouth (H) vs Man City,1.139999999999997,5.0,1.9,2.2,0.3096,1182,3,1,7,0,0.0,58,5,2,True,100.0,111317,Brooks,David Brooks,https://images.weserv.nl/?url=resources.premierleague.com/premierleague/photos/players/250x250/p111317.png&w=250&h=250&fit=cover&a=attention,https://resources.premierleague.com/premierleague/photos/players/110x140/p111317.png,https://fantasy.premierleague.com/dist/img/shirts/standard/shirt_111317.png
Tammy Abraham,Aston Villa,FWD,Liverpool,Aston Villa (H) vs Liverpool,1.139999999999997,5.8,1.9,1.6,0.12299999999999997,278,0,2,0,0,0.0,23,0,2,True,,173879,Abraham,Tammy Abraham,https://images.weserv.nl/?url=resources.premierleague.com/premierleague/photos/players/250x250/p173879.png&w=250&h=250&fit=cover&a=attention,https://resources.premierleague.com/premierleague/photos/players/110x140/p173879.png,https://fantasy.premierleague.com/dist/img/shirts/standard/shirt_173879.png
Oscar Bobb,Fulham,MID,Wolves,Fulham (A) vs Wolves,1.0800000000000038,5.1,1.8,1.0,0.0882,881,2,0,1,0,0.0,37,3,4,False,100.0,477555,Bobb,Oscar Bobb,https://images.weserv.nl/?url=resources.premierleague.com/premierleague/photos/players/250x250/p477555.png&w=250&h=250&fit=cover&a=attention,https://resources.premierleague.com/premierleague/photos/players/110x140/p477555.png,https://fantasy.premierleague.com/dist/img/shirts/standard/shirt_477555.png
Kevin Santos Lopes de Macedo,Fulham,MID,Wolves,Fulham (A) vs Wolves,1.0800000000000038,5.7,1.8,0.2,0.06899999999999999,926,2,1,1,0,0.0,44,4,4,False,100.0,560552,Kevin,Kevin Santos Lopes de Macedo,https://images.weserv.nl/?url=resources.premierleague.com/premierleague/photos/players/250x250/p560552.png&w=250&h=250&fit=cover&a=attention,https://resources.premierleague.com/premierleague/photos/players/110x140/p560552.png,https://fantasy.premierleague.com/dist/img/shirts/standard/shirt_560552.png
Armando Broja,Burnley,FWD,Arsenal,Burnley (A) vs Arsenal,1.0800000000000038,5.2,1.8,0.8,0.12840000000000001,843,1,1,0,0,0.0,43,1,1,False,100.0,440323,Broja,Armando Broja,https://images.weserv.nl/?url=resources.premierleague.com/premierleague/photos/players/250x250/p440323.png&w=250&h=250&fit=cover&a=attention,https://resources.premierleague.com/premierleague/photos/players/110x140/p440323.png,https://fantasy.premierleague.com/dist/img/shirts/standard/shirt_440323.png
Aaron Hickey,Brentford,DEF,Crystal Palace,Brentford (H) vs Crystal Palace,1.0800000000000038,4.0,1.8,0.8,0.0264,649,0,0,1,0,0.0,36,2,3,True,100.0,472713,Hickey,Aaron Hickey,https://images.weserv.nl/?url=resources.premierleague.com/premierleague/photos/players/250x250/p472713.png&w=250&h=250&fit=cover&a=attention,https://resources.premierleague.com/premierleague/photos/players/110x140/p472713.png,https://fantasy.premierleague.com/dist/img/shirts/standard/shirt_472713.png
Merlin Röhl,Everton,MID,Sunderland,Everton (H) vs Sunderland,1.0800000000000038,5.0,1.8,1.8,0.034199999999999994,527,1,0,0,0,0.0,25,2,3,True,100.0,513466,Röhl,Merlin Röhl,https://images.weserv.nl/?url=resources.premierleague.com/premierleague/photos/players/250x250/p513466.png&w=250&h=250&fit=cover&a=attention,https://resources.premierleague.com/premierleague/photos/players/110x140/p513466.png,https://fantasy.premierleague.com/dist/img/shirts/standard/shirt_513466.png
Joshua Zirkzee,Man Utd,FWD,Nott'm Forest,Man Utd (H) vs Nott'm Forest,1.0800000000000038,5.8,1.8,0.6,0.1356,581,1,2,3,0,0.0,40,2,3,True,100.0,458249,Zirkzee,Joshua Zirkzee,https://images.weserv.nl/?url=resources.premierleague.com/premierleague/photos/players/250x250/p458249.png&w=250&h=250&fit=cover&a=attention,https://resources.premierleague.com/premierleague/photos/players/110x140/p458249.png,https://fantasy.premierleague.com/dist/img/shirts/standard/shirt_458249.png
Gabriel Martinelli Silva,Arsenal,MID,Burnley,Arsenal (H) vs Burnley,1.0800000000000038,6.8,1.8,0.2,0.2394,974,4,1,3,0,0.0,49,2,4,True,100.0,444145,Martinelli,Gabriel Martinelli Silva,https://images.weserv.nl/?url=resources.premierleague.com/premierleague/photos/players/250x250/p444145.png&w=250&h=250&fit=cover&a=attention,https://resources.premierleague.com/premierleague/photos/players/110x140/p444145.png,https://fantasy.premierleague.com/dist/img/shirts/standard/shirt_444145.png
Leny Yoro,Man Utd,DEF,Nott'm Forest,Man Utd (H) vs Nott'm Forest,1.0800000000000038,4.1,1.8,1.0,0.0804,1714,1,0,1,0,0.0,55,2,3,True,100.0,550864,Yoro,Leny Yoro,https://images.weserv.nl/?url=resources.premierleague.com/premierleague/photos/players/250x250/p550864.png&w=250&h=250&fit=cover&a=attention,https://resources.premierleague.com/premierleague/photos/players/110x140/p550864.png,https://fantasy.premierleague.com/dist/img/shirts/standard/shirt_550864.png
Radu Drăgușin,Spurs,DEF,Chelsea,Spurs (A) vs Chelsea,1.0800000000000038,4.5,1.8,0.2,0.0186,514,0,0,0,0,0.0,16,0,3,False,100.0,493125,Dragusin,Radu Drăgușin,https://images.weserv.nl/?url=resources.premierleague.com/premierleague/photos/players/250x250/p493125.png&w=250&h=250&fit=cover&a=attention,https://resources.premierleague.com/premierleague/photos/players/110x140/p493125.png,https://fantasy.premierleague.com/dist/img/shirts/standard/shirt_493125.png
Sebastiaan Bornauw,Leeds,DEF,Brighton,Leeds (H) vs Brighton,1.0800000000000038,3.8,1.8,0.2,0.0,338,0,0,1,0,0.0,18,1,2,True,100.0,437738,Bornauw,Sebastiaan Bornauw,https://images.weserv.nl/?url=resources.premierleague.com/premierleague/photos/players/250x250/p437738.png&w=250&h=250&fit=cover&a=attention,https://resources.premierleague.com/premierleague/photos/players/110x140/p437738.png,https://fantasy.premierleague.com/dist/img/shirts/standard/shirt_437738.png
Filip Jörgensen,Chelsea,GKP,Spurs,Chelsea (H) vs Spurs,1.0800000000000038,4.3,1.8,0.6,0.0,378,0,0,0,0,1.9,9,0,3,True,100.0,508479,Jörgensen,Filip Jörgensen,https://images.weserv.nl/?url=resources.premierleague.com/premierleague/photos/players/250x250/p508479.png&w=250&h=250&fit=cover&a=attention,https://resources.premierleague.com/premierleague/photos/players/110x140/p508479.png,https://fantasy.premierleague.com/dist/img/shirts/standard/shirt_508479.png
Ryan Christie,Bournemouth,MID,Man City,Bournemouth (H) vs Man City,1.0800000000000038,4.9,1.8,0.8,0.1086,978,1,2,3,1,0.0,47,3,2,True,100.0,158499,Christie,Ryan Christie,https://images.weserv.nl/?url=resources.premierleague.com/premierleague/photos/players/250x250/p158499.png&w=250&h=250&fit=cover&a=attention,https://resources.premierleague.com/premierleague/photos/players/110x140/p158499.png,https://fantasy.premierleague.com/dist/img/shirts/standard/shirt_158499.png
Carlos Baleba,Brighton,MID,Leeds,Brighton (A) vs Leeds,1.0800000000000038,4.5,1.8,2.5,0.0414,1534,0,0,5,0,0.0,52,6,3,False,100.0,535301,Baleba,Carlos Baleba,https://images.weserv.nl/?url=resources.premierleague.com/premierleague/photos/players/250x250/p535301.png&w=250&h=250&fit=cover&a=attention,https://resources.premierleague.com/premierleague/photos/players/110x140/p535301.png,https://fantasy.premierleague.com/dist/img/shirts/standard/shirt_535301.png
Luca Netz,Nott'm Forest,DEF,Man Utd,Nott'm Forest (A) vs Man Utd,1.0800000000000038,4.5,1.8,1.4,0.0,243,0,0,0,0,0.0,9,0,2,False,,470315,Netz,Luca Netz,https://images.weserv.nl/?url=resources.premierleague.com/premierleague/photos/players/250x250/p470315.png&w=250&h=250&fit=cover&a=attention,https://resources.premierleague.com/premierleague/photos/players/110x140/p470315.png,https://fantasy.premierleague.com/dist/img/shirts/standard/shirt_470315.png
Dennis Cirkin,Sunderland,DEF,Everton,Sunderland (A) vs Everton,1.0800000000000038,4.0,1.8,0.0,0.0048000000000000004,319,0,0,2,0,0.0,14,1,3,False,100.0,461195,Cirkin,Dennis Cirkin,https://images.weserv.nl/?url=resources.premierleague.com/premierleague/photos/players/250x250/p461195.png&w=250&h=250&fit=cover&a=attention,https://resources.premierleague.com/premierleague/photos/players/110x140/p461195.png,https://fantasy.premierleague.com/dist/img/shirts/standard/shirt_461195.png
Altay Bayındır,Man Utd,GKP,Nott'm Forest,Man Utd (H) vs Nott'm Forest,1.0800000000000038,4.7,1.8,0.0,0.0,540,0,0,0,0,2.17,11,0,3,True,,451302,Bayindir,Altay Bayındır,https://images.weserv.nl/?url=resources.premierleague.com/premierleague/photos/players/250x250/p451302.png&w=250&h=250&fit=cover&a=attention,https://resources.premierleague.com/premierleague/photos/players/110x140/p451302.png,https://fantasy.premierleague.com/dist/img/shirts/standard/shirt_451302.png
James Milner,Brighton,MID,Leeds,Brighton (A) vs Leeds,1.0800000000000038,4.9,1.8,0.0,0.0618,714,1,1,2,0,0.0,34,2,3,False,100.0,15157,Milner,James Milner,https://images.weserv.nl/?url=resources.premierleague.com/premierleague/photos/players/250x250/p15157.png&w=250&h=250&fit=cover&a=attention,https://resources.premierleague.com/premierleague/photos/players/110x140/p15157.png,https://fantasy.premierleague.com/dist/img/shirts/standard/shirt_15157.png
Randal Kolo Muani,Spurs,FWD,Chelsea,Spurs (A) vs Chelsea,1.0800000000000038,6.9,1.8,1.4,0.12299999999999997,1570,1,1,3,0,0.0,49,4,3,False,100.0,247693,Kolo Muani,Randal Kolo Muani,https://images.weserv.nl/?url=resources.premierleague.com/premierleague/photos/players/250x250/p247693.png&w=250&h=250&fit=cover&a=attention,https://resources.premierleague.com/premierleague/photos/players/110x140/p247693.png,https://fantasy.premierleague.com/dist/img/shirts/standard/shirt_247693.png
Joe Worrall,Burnley,DEF,Arsenal,Burnley (A) vs Arsenal,1.0800000000000038,3.8,1.8,0.0,0.0048000000000000004,496,0,0,0,0,0.0,20,0,1,False,100.0,208912,Worrall,Joe Worrall,https://images.weserv.nl/?url=resources.premierleague.com/premierleague/photos/players/250x250/p208912.png&w=250&h=250&fit=cover&a=attention,https://resources.premierleague.com/premierleague/photos/players/110x140/p208912.png,https://fantasy.premierleague.com/dist/img/shirts/standard/shirt_208912.png
Nicolás Domínguez,Nott'm Forest,MID,Man Utd,Nott'm Forest (A) vs Man Utd,1.0800000000000038,5.0,1.8,1.4,0.06899999999999999,1074,1,1,3,0,0.0,45,3,2,False,100.0,250199,Dominguez,Nicolás Domínguez,https://images.weserv.nl/?url=resources.premierleague.com/premierleague/photos/players/250x250/p250199.png&w=250&h=250&fit=cover&a=attention,https://resources.premierleague.com/premierleague/photos/players/110x140/p250199.png,https://fantasy.premierleague.com/dist/img/shirts/standard/shirt_250199.png
Josh Laurent,Burnley,MID,Arsenal,Burnley (A) vs Arsenal,1.0199999999999962,4.8,1.7,1.2,0.0522,1733,0,1,6,1,0.0,55,2,1,False,100.0,167887,Laurent,Josh Laurent,https://images.weserv.nl/?url=resources.premierleague.com/premierleague/photos/players/250x250/p167887.png&w=250&h=250&fit=cover&a=attention,https://resources.premierleague.com/premierleague/photos/players/110x140/p167887.png,https://fantasy.premierleague.com/dist/img/shirts/standard/shirt_167887.png
Jackson Tchatchoua,Wolves,DEF,Fulham,Wolves (H) vs Fulham,1.0199999999999962,4.4,1.7,0.2,0.0198,1834,1,0,3,0,0.0,52,3,3,True,,523705,Tchatchoua,Jackson Tchatchoua,https://images.weserv.nl/?url=resources.premierleague.com/premierleague/photos/players/250x250/p523705.png&w=250&h=250&fit=cover&a=attention,https://resources.premierleague.com/premierleague/photos/players/110x140/p523705.png,https://fantasy.premierleague.com/dist/img/shirts/standard/shirt_523705.png
Harrison Armstrong,Everton,MID,Sunderland,Everton (H) vs Sunderland,1.0199999999999962,4.5,1.7,0.2,0.0474,496,0,0,0,0,0.0,20,1,3,True,100.0,609873,Armstrong,Harrison Armstrong,https://images.weserv.nl/?url=resources.premierleague.com/premierleague/photos/players/250x250/p609873.png&w=250&h=250&fit=cover&a=attention,https://resources.premierleague.com/premierleague/photos/players/110x140/p609873.png,https://fantasy.premierleague.com/dist/img/shirts/standard/shirt_609873.png
Justin Devenny,Crystal Palace,MID,Brentford,Crystal Palace (A) vs Brentford,1.0199999999999962,4.3,1.7,0.8,0.14279999999999998,695,0,1,0,0,0.0,34,1,3,False,100.0,489706,Devenny,Justin Devenny,https://images.weserv.nl/?url=resources.premierleague.com/premierleague/photos/players/250x250/p489706.png&w=250&h=250&fit=cover&a=attention,https://resources.premierleague.com/premierleague/photos/players/110x140/p489706.png,https://fantasy.premierleague.com/dist/img/shirts/standard/shirt_489706.png
Manuel Ugarte Ribeiro,Man Utd,MID,Nott'm Forest,Man Utd (H) vs Nott'm Forest,1.0199999999999962,4.7,1.7,0.8,0.0432,876,0,0,1,0,0.0,38,1,3,True,,232112,Ugarte,Manuel Ugarte Ribeiro,https://images.weserv.nl/?url=resources.premierleague.com/premierleague/photos/players/250x250/p232112.png&w=250&h=250&fit=cover&a=attention,https://resources.premierleague.com/premierleague/photos/players/110x140/p232112.png,https://fantasy.premierleague.com/dist/img/shirts/standard/shirt_232112.png
Cristhian Mosquera,Arsenal,DEF,Burnley,Arsenal (H) vs Burnley,1.019899999999996,5.3,1.7,0.2,0.006,806,0,0,4,0,0.0,30,2,4,True,100.0,500040,Mosquera,Cristhian Mosquera,https://images.weserv.nl/?url=resources.premierleague.com/premierleague/photos/players/250x250/p500040.png&w=250&h=250&fit=cover&a=attention,https://resources.premierleague.com/premierleague/photos/players/110x140/p500040.png,https://fantasy.premierleague.com/dist/img/shirts/standard/shirt_500040.png
Joël Veltman,Brighton,DEF,Leeds,Brighton (A) vs Leeds,1.019899999999996,4.3,1.7,0.8,0.059399999999999994,983,0,1,5,0,0.0,40,1,3,False,100.0,111478,Veltman,Joël Veltman,https://images.weserv.nl/?url=resources.premierleague.com/premierleague/photos/players/250x250/p111478.png&w=250&h=250&fit=cover&a=attention,https://resources.premierleague.com/premierleague/photos/players/110x140/p111478.png,https://fantasy.premierleague.com/dist/img/shirts/standard/shirt_111478.png
Maximilian Kilman,West Ham,DEF,Newcastle,West Ham (A) vs Newcastle,1.0198499999999961,4.1,1.7,0.0,0.033600000000000005,1559,0,0,4,0,0.0,36,1,3,False,,214048,Kilman,Maximilian Kilman,https://images.weserv.nl/?url=resources.premierleague.com/premierleague/photos/players/250x250/p214048.png&w=250&h=250&fit=cover&a=attention,https://resources.premierleague.com/premierleague/photos/players/110x140/p214048.png,https://fantasy.premierleague.com/dist/img/shirts/standard/shirt_214048.png
Nilson Angulo,Sunderland,MID,Everton,Sunderland (A) vs Everton,1.0197999999999963,5.0,1.7,0.2,0.0294,265,0,0,0,0,0.0,10,1,3,False,100.0,536661,Angulo,Nilson Angulo,https://images.weserv.nl/?url=resources.premierleague.com/premierleague/photos/players/250x250/p536661.png&w=250&h=250&fit=cover&a=attention,https://resources.premierleague.com/premierleague/photos/players/110x140/p536661.png,https://fantasy.premierleague.com/dist/img/shirts/standard/shirt_536661.png
Jean-Ricner Bellegarde,Wolves,MID,Fulham,Wolves (H) vs Fulham,1.019774999999996,5.1,1.7,0.8,0.0624,1228,1,1,5,0,0.0,43,3,3,True,100.0,231057,Bellegarde,Jean-Ricner Bellegarde,https://images.weserv.nl/?url=resources.premierleague.com/premierleague/photos/players/250x250/p231057.png&w=250&h=250&fit=cover&a=attention,https://resources.premierleague.com/premierleague/photos/players/110x140/p231057.png,https://fantasy.premierleague.com/dist/img/shirts/standard/shirt_231057.png
Ian Maatsen,Aston Villa,DEF,Liverpool,Aston Villa (H) vs Liverpool,1.019774999999996,4.2,1.7,1.6,0.0744,1495,1,0,2,0,0.0,48,2,2,True,,441302,Maatsen,Ian Maatsen,https://images.weserv.nl/?url=resources.premierleague.com/premierleague/photos/players/250x250/p441302.png&w=250&h=250&fit=cover&a=attention,https://resources.premierleague.com/premierleague/photos/players/110x140/p441302.png,https://fantasy.premierleague.com/dist/img/shirts/standard/shirt_441302.png
Douglas Luiz Soares de Paulo,Aston Villa,MID,Liverpool,Aston Villa (H) vs Liverpool,1.019774999999996,4.9,1.7,0.4,0.0318,840,1,1,3,0,0.0,32,1,2,True,100.0,230046,Douglas Luiz,Douglas Luiz Soares de Paulo,https://images.weserv.nl/?url=resources.premierleague.com/premierleague/photos/players/250x250/p230046.png&w=250&h=250&fit=cover&a=attention,https://resources.premierleague.com/premierleague/photos/players/110x140/p230046.png,https://fantasy.premierleague.com/dist/img/shirts/standard/shirt_230046.png
Timothy Castagne,Fulham,DEF,Wolves,Fulham (A) vs Wolves,1.019774999999996,4.3,1.7,3.8,0.0816,1658,1,0,4,0,0.0,48,2,4,False,,166477,Castagne,Timothy Castagne,https://images.weserv.nl/?url=resources.premierleague.com/premierleague/photos/players/250x250/p166477.png&w=250&h=250&fit=cover&a=attention,https://resources.premierleague.com/premierleague/photos/players/110x140/p166477.png,https://fantasy.premierleague.com/dist/img/shirts/standard/shirt_166477.png
Freddie Potts,West Ham,MID,Newcastle,West Ham (A) vs Newcastle,1.019774999999996,4.3,1.7,0.2,0.0126,1162,1,0,1,0,0.0,37,1,3,False,100.0,490142,Potts,Freddie Potts,https://images.weserv.nl/?url=resources.premierleague.com/premierleague/photos/players/250x250/p490142.png&w=250&h=250&fit=cover&a=attention,https://resources.premierleague.com/premierleague/photos/players/110x140/p490142.png,https://fantasy.premierleague.com/dist/img/shirts/standard/shirt_490142.png
Rodrigo Muniz Carvalho,Fulham,FWD,Wolves,Fulham (A) vs Wolves,1.0196749999999961,5.3,1.7,1.2,0.1794,850,1,1,2,0,0.0,32,2,4,False,100.0,244042,Muniz,Rodrigo Muniz Carvalho,https://images.weserv.nl/?url=resources.premierleague.com/premierleague/photos/players/250x250/p244042.png&w=250&h=250&fit=cover&a=attention,https://resources.premierleague.com/premierleague/photos/players/110x140/p244042.png,https://fantasy.premierleague.com/dist/img/shirts/standard/shirt_244042.png
John Stones,Man City,DEF,Bournemouth,Man City (A) vs Bournemouth,1.0195749999999961,5.4,1.7,0.0,0.0,351,0,0,0,0,0.0,12,1,3,False,100.0,97299,Stones,John Stones,https://images.weserv.nl/?url=resources.premierleague.com/premierleague/photos/players/250x250/p97299.png&w=250&h=250&fit=cover&a=attention,https://resources.premierleague.com/premierleague/photos/players/110x140/p97299.png,https://fantasy.premierleague.com/dist/img/shirts/standard/shirt_97299.png
Victor Lindelöf,Aston Villa,DEF,Liverpool,Aston Villa (H) vs Liverpool,1.0190499999999962,4.5,1.7,0.8,0.016800000000000002,825,1,0,0,0,0.0,26,1,2,True,100.0,184667,Lindelöf,Victor Lindelöf,https://images.weserv.nl/?url=resources.premierleague.com/premierleague/photos/players/250x250/p184667.png&w=250&h=250&fit=cover&a=attention,https://resources.premierleague.com/premierleague/photos/players/110x140/p184667.png,https://fantasy.premierleague.com/dist/img/shirts/standard/shirt_184667.png
Liam Delap,Chelsea,FWD,Spurs,Chelsea (H) vs Spurs,1.0179249999999962,6.2,1.7,1.0,0.26880000000000004,999,2,1,3,0,0.0,43,2,3,True,100.0,463034,Delap,Liam Delap,https://images.weserv.nl/?url=resources.premierleague.com/premierleague/photos/players/250x250/p463034.png&w=250&h=250&fit=cover&a=attention,https://resources.premierleague.com/premierleague/photos/players/110x140/p463034.png,https://fantasy.premierleague.com/dist/img/shirts/standard/shirt_463034.png
Joe Gomez,Liverpool,DEF,Aston Villa,Liverpool (A) vs Aston Villa,1.0176249999999964,4.9,1.7,0.2,0.013800000000000002,528,2,0,3,0,0.0,32,2,3,False,100.0,171287,Gomez,Joe Gomez,https://images.weserv.nl/?url=resources.premierleague.com/premierleague/photos/players/250x250/p171287.png&w=250&h=250&fit=cover&a=attention,https://resources.premierleague.com/premierleague/photos/players/110x140/p171287.png,https://fantasy.premierleague.com/dist/img/shirts/standard/shirt_171287.png
Charalampos Kostoulas,Brighton,FWD,Leeds,Brighton (A) vs Leeds,1.0176249999999964,4.8,1.7,0.8,0.11399999999999999,312,1,2,2,0,0.0,33,1,3,False,,647850,Kostoulas,Charalampos Kostoulas,https://images.weserv.nl/?url=resources.premierleague.com/premierleague/photos/players/250x250/p647850.png&w=250&h=250&fit=cover&a=attention,https://resources.premierleague.com/premierleague/photos/players/110x140/p647850.png,https://fantasy.premierleague.com/dist/img/shirts/standard/shirt_647850.png
Jamie Bynoe-Gittens,Chelsea,MID,Spurs,Chelsea (H) vs Spurs,0.9529350000000006,6.0,1.6,0.0,0.0486,486,2,0,0,0,0.0,25,1,3,True,25.0,463936,Gittens,Jamie Bynoe-Gittens,https://images.weserv.nl/?url=resources.premierleague.com/premierleague/photos/players/250x250/p463936.png&w=250&h=250&fit=cover&a=attention,https://resources.premierleague.com/premierleague/photos/players/110x140/p463936.png,https://fantasy.premierleague.com/dist/img/shirts/standard/shirt_463936.png
Jadon Sancho,Aston Villa,MID,Liverpool,Aston Villa (H) vs Liverpool,0.9527271428571435,5.8,1.6,0.8,0.0366,862,2,0,0,0,0.0,36,2,2,True,100.0,209243,Sancho,Jadon Sancho,https://images.weserv.nl/?url=resources.premierleague.com/premierleague/photos/players/250x250/p209243.png&w=250&h=250&fit=cover&a=attention,https://resources.premierleague.com/premierleague/photos/players/110x140/p209243.png,https://fantasy.premierleague.com/dist/img/shirts/standard/shirt_209243.png
Luke O'Nien,Sunderland,DEF,Everton,Sunderland (A) vs Everton,0.9514271428571431,4.0,1.6,1.2,0.0012000000000000001,408,0,0,1,1,0.0,16,2,3,False,100.0,167512,O'Nien,Luke O'Nien,https://images.weserv.nl/?url=resources.premierleague.com/premierleague/photos/players/250x250/p167512.png&w=250&h=250&fit=cover&a=attention,https://resources.premierleague.com/premierleague/photos/players/110x140/p167512.png,https://fantasy.premierleague.com/dist/img/shirts/standard/shirt_167512.png
Ollie Scarles,West Ham,DEF,Newcastle,West Ham (A) vs Newcastle,0.9503450000000006,4.3,1.6,0.0,0.0108,656,1,0,2,0,0.0,21,0,3,False,100.0,536109,Scarles,Ollie Scarles,https://images.weserv.nl/?url=resources.premierleague.com/premierleague/photos/players/250x250/p536109.png&w=250&h=250&fit=cover&a=attention,https://resources.premierleague.com/premierleague/photos/players/110x140/p536109.png,https://fantasy.premierleague.com/dist/img/shirts/standard/shirt_536109.png
David Møller Wolfe,Wolves,DEF,Fulham,Wolves (H) vs Fulham,0.9501750000000007,4.2,1.6,0.5,0.0078,885,2,0,1,0,0.0,31,1,3,True,,497949,Møller Wolfe,David Møller Wolfe,https://images.weserv.nl/?url=resources.premierleague.com/premierleague/photos/players/250x250/p497949.png&w=250&h=250&fit=cover&a=attention,https://resources.premierleague.com/premierleague/photos/players/110x140/p497949.png,https://fantasy.premierleague.com/dist/img/shirts/standard/shirt_497949.png
Sávio Moreira de Oliveira,Man City,MID,Bournemouth,Man City (A) vs Bournemouth,0.9041021428571427,6.9,1.5,0.7,0.1146,603,2,0,2,0,0.0,31,2,3,False,100.0,510281,Savinho,Sávio Moreira de Oliveira,https://images.weserv.nl/?url=resources.premierleague.com/premierleague/photos/players/250x250/p510281.png&w=250&h=250&fit=cover&a=attention,https://resources.premierleague.com/premierleague/photos/players/110x140/p510281.png,https://fantasy.premierleague.com/dist/img/shirts/standard/shirt_510281.png
Anthony Elanga,Newcastle,MID,West Ham,Newcastle (H) vs West Ham,0.9028750000000003,6.5,1.5,0.8,0.0864,1273,1,0,0,0,0.0,46,2,3,True,100.0,449434,Elanga,Anthony Elanga,https://images.weserv.nl/?url=resources.premierleague.com/premierleague/photos/players/250x250/p449434.png&w=250&h=250&fit=cover&a=attention,https://resources.premierleague.com/premierleague/photos/players/110x140/p449434.png,https://fantasy.premierleague.com/dist/img/shirts/standard/shirt_449434.png
Tom Cairney,Fulham,MID,Wolves,Fulham (A) vs Wolves,0.90237,4.8,1.5,1.5,0.0606,726,0,1,3,0,0.0,35,2,4,False,100.0,76357,Cairney,Tom Cairney,https://images.weserv.nl/?url=resources.premierleague.com/premierleague/photos/players/250x250/p76357.png&w=250&h=250&fit=cover&a=attention,https://resources.premierleague.com/premierleague/photos/players/110x140/p76357.png,https://fantasy.premierleague.com/dist/img/shirts/standard/shirt_76357.png
Gabriel Fernando de Jesus,Arsenal,FWD,Burnley,Arsenal (H) vs Burnley,0.9018499999999999,6.4,1.5,0.2,0.10980000000000001,344,0,2,2,0,0.0,19,0,4,True,100.0,205651,G.Jesus,Gabriel Fernando de Jesus,https://images.weserv.nl/?url=resources.premierleague.com/premierleague/photos/players/250x250/p205651.png&w=250&h=250&fit=cover&a=attention,https://resources.premierleague.com/premierleague/photos/players/110x140/p205651.png,https://fantasy.premierleague.com/dist/img/shirts/standard/shirt_205651.png
Jacob Bruun Larsen,Burnley,MID,Arsenal,Burnley (A) vs Arsenal,0.901675,5.2,1.5,0.5,0.081,1001,1,0,0,0,0.0,39,3,1,False,100.0,179458,Bruun Larsen,Jacob Bruun Larsen,https://images.weserv.nl/?url=resources.premierleague.com/premierleague/photos/players/250x250/p179458.png&w=250&h=250&fit=cover&a=attention,https://resources.premierleague.com/premierleague/photos/players/110x140/p179458.png,https://fantasy.premierleague.com/dist/img/shirts/standard/shirt_179458.png
Yoane Wissa,Newcastle,FWD,West Ham,Newcastle (H) vs West Ham,0.9015749999999999,7.3,1.5,1.2,0.1878,488,1,1,2,0,0.0,26,1,3,True,100.0,216646,Wissa,Yoane Wissa,https://images.weserv.nl/?url=resources.premierleague.com/premierleague/photos/players/250x250/p216646.png&w=250&h=250&fit=cover&a=attention,https://resources.premierleague.com/premierleague/photos/players/110x140/p216646.png,https://fantasy.premierleague.com/dist/img/shirts/standard/shirt_216646.png
Carlos Alcaraz Durán,Everton,MID,Sunderland,Everton (H) vs Sunderland,0.9013499999999999,5.2,1.5,0.5,0.0648,673,1,0,4,0,0.0,28,3,3,True,100.0,502697,Alcaraz,Carlos Alcaraz Durán,https://images.weserv.nl/?url=resources.premierleague.com/premierleague/photos/players/250x250/p502697.png&w=250&h=250&fit=cover&a=attention,https://resources.premierleague.com/premierleague/photos/players/110x140/p502697.png,https://fantasy.premierleague.com/dist/img/shirts/standard/shirt_502697.png
Joe Willock,Newcastle,MID,West Ham,Newcastle (H) vs West Ham,0.9013000000000001,5.0,1.5,0.8,0.0648,845,1,0,3,0,0.0,32,3,3,True,100.0,200089,Willock,Joe Willock,https://images.weserv.nl/?url=resources.premierleague.com/premierleague/photos/players/250x250/p200089.png&w=250&h=250&fit=cover&a=attention,https://resources.premierleague.com/premierleague/photos/players/110x140/p200089.png,https://fantasy.premierleague.com/dist/img/shirts/standard/shirt_200089.png
Igor Julio dos Santos de Paulo,Brighton,DEF,Leeds,Brighton (A) vs Leeds,0.9009750000000001,4.5,1.5,0.0,0.0,103,0,0,0,0,0.0,6,0,3,False,100.0,223434,Igor,Igor Julio dos Santos de Paulo,https://images.weserv.nl/?url=resources.premierleague.com/premierleague/photos/players/250x250/p223434.png&w=250&h=250&fit=cover&a=attention,https://resources.premierleague.com/premierleague/photos/players/110x140/p223434.png,https://fantasy.premierleague.com/dist/img/shirts/standard/shirt_223434.png
Yves Bissouma,Spurs,MID,Chelsea,Spurs (A) vs Chelsea,0.9009449999999999,5.2,1.5,0.8,0.0216,600,0,0,4,0,0.0,17,1,3,False,100.0,227127,Bissouma,Yves Bissouma,https://images.weserv.nl/?url=resources.premierleague.com/premierleague/photos/players/250x250/p227127.png&w=250&h=250&fit=cover&a=attention,https://resources.premierleague.com/premierleague/photos/players/110x140/p227127.png,https://fantasy.premierleague.com/dist/img/shirts/standard/shirt_227127.png
Will Hughes,Crystal Palace,MID,Brentford,Crystal Palace (A) vs Brentford,0.8401000000000008,4.7,1.4,0.5,0.0666,1411,1,0,7,0,0.0,42,5,3,False,100.0,108413,Hughes,Will Hughes,https://images.weserv.nl/?url=resources.premierleague.com/premierleague/photos/players/250x250/p108413.png&w=250&h=250&fit=cover&a=attention,https://resources.premierleague.com/premierleague/photos/players/110x140/p108413.png,https://fantasy.premierleague.com/dist/img/shirts/standard/shirt_108413.png
Andrey Nascimento dos Santos,Chelsea,MID,Spurs,Chelsea (H) vs Spurs,0.8401000000000008,4.4,1.4,1.0,0.1068,1157,0,0,4,0,0.0,37,1,3,True,100.0,532605,Andrey Santos,Andrey Nascimento dos Santos,https://images.weserv.nl/?url=resources.premierleague.com/premierleague/photos/players/250x250/p532605.png&w=250&h=250&fit=cover&a=attention,https://resources.premierleague.com/premierleague/photos/players/110x140/p532605.png,https://fantasy.premierleague.com/dist/img/shirts/standard/shirt_532605.png
Federico Chiesa,Liverpool,MID,Aston Villa,Liverpool (A) vs Aston Villa,0.8401000000000008,6.3,1.4,0.5,0.0816,293,1,2,3,0,0.0,36,0,3,False,100.0,223541,Chiesa,Federico Chiesa,https://images.weserv.nl/?url=resources.premierleague.com/premierleague/photos/players/250x250/p223541.png&w=250&h=250&fit=cover&a=attention,https://resources.premierleague.com/premierleague/photos/players/110x140/p223541.png,https://fantasy.premierleague.com/dist/img/shirts/standard/shirt_223541.png
Lamare Bogarde,Aston Villa,DEF,Liverpool,Aston Villa (H) vs Liverpool,0.840000000000001,4.0,1.4,0.8,0.0,970,0,0,5,0,0.0,38,2,2,True,100.0,515597,Bogarde,Lamare Bogarde,https://images.weserv.nl/?url=resources.premierleague.com/premierleague/photos/players/250x250/p515597.png&w=250&h=250&fit=cover&a=attention,https://resources.premierleague.com/premierleague/photos/players/110x140/p515597.png,https://fantasy.premierleague.com/dist/img/shirts/standard/shirt_515597.png
Ryan Yates,Nott'm Forest,MID,Man Utd,Nott'm Forest (A) vs Man Utd,0.840000000000001,4.7,1.4,1.8,0.0204,577,2,0,3,0,0.0,29,0,2,False,100.0,204968,Yates,Ryan Yates,https://images.weserv.nl/?url=resources.premierleague.com/premierleague/photos/players/250x250/p204968.png&w=250&h=250&fit=cover&a=attention,https://resources.premierleague.com/premierleague/photos/players/110x140/p204968.png,https://fantasy.premierleague.com/dist/img/shirts/standard/shirt_204968.png
Jair Paula da Cunha Filho,Nott'm Forest,DEF,Man Utd,Nott'm Forest (A) vs Man Utd,0.840000000000001,4.2,1.4,1.0,0.0162,446,0,0,0,0,0.0,10,0,2,False,100.0,575458,Jair Cunha,Jair Paula da Cunha Filho,https://images.weserv.nl/?url=resources.premierleague.com/premierleague/photos/players/250x250/p575458.png&w=250&h=250&fit=cover&a=attention,https://resources.premierleague.com/premierleague/photos/players/110x140/p575458.png,https://fantasy.premierleague.com/dist/img/shirts/standard/shirt_575458.png
Wilfried Gnonto,Leeds,MID,Brighton,Leeds (H) vs Brighton,0.840000000000001,5.1,1.4,1.6,0.0216,470,3,0,3,0,0.0,30,1,2,True,100.0,492859,Gnonto,Wilfried Gnonto,https://images.weserv.nl/?url=resources.premierleague.com/premierleague/photos/players/250x250/p492859.png&w=250&h=250&fit=cover&a=attention,https://resources.premierleague.com/premierleague/photos/players/110x140/p492859.png,https://fantasy.premierleague.com/dist/img/shirts/standard/shirt_492859.png
Myles Lewis-Skelly,Arsenal,DEF,Burnley,Arsenal (H) vs Burnley,0.8397000000000009,5.0,1.4,3.2,0.006,590,0,0,3,0,0.0,26,2,4,True,,499169,Lewis-Skelly,Myles Lewis-Skelly,https://images.weserv.nl/?url=resources.premierleague.com/premierleague/photos/players/250x250/p499169.png&w=250&h=250&fit=cover&a=attention,https://resources.premierleague.com/premierleague/photos/players/110x140/p499169.png,https://fantasy.premierleague.com/dist/img/shirts/standard/shirt_499169.png
Ben Gannon-Doak,Bournemouth,MID,Man City,Bournemouth (H) vs Man City,0.8388000000000012,4.8,1.4,0.5,0.0054,72,1,0,0,0,0.0,10,0,2,True,100.0,496208,Gannon-Doak,Ben Gannon-Doak,https://images.weserv.nl/?url=resources.premierleague.com/premierleague/photos/players/250x250/p496208.png&w=250&h=250&fit=cover&a=attention,https://resources.premierleague.com/premierleague/photos/players/110x140/p496208.png,https://fantasy.premierleague.com/dist/img/shirts/standard/shirt_496208.png
Matt Doherty,Wolves,DEF,Fulham,Wolves (H) vs Fulham,0.7788792857142882,4.4,1.3,0.5,0.0054,786,0,0,4,0,0.0,14,1,3,True,100.0,87835,Doherty,Matt Doherty,https://images.weserv.nl/?url=resources.premierleague.com/premierleague/photos/players/250x250/p87835.png&w=250&h=250&fit=cover&a=attention,https://resources.premierleague.com/premierleague/photos/players/110x140/p87835.png,https://fantasy.premierleague.com/dist/img/shirts/standard/shirt_87835.png
Angel Gomes,Wolves,MID,Fulham,Wolves (H) vs Fulham,0.7787792857142884,4.6,1.3,0.8,0.015,392,0,0,1,0,0.0,14,1,3,True,100.0,209041,Angel,Angel Gomes,https://images.weserv.nl/?url=resources.premierleague.com/premierleague/photos/players/250x250/p209041.png&w=250&h=250&fit=cover&a=attention,https://resources.premierleague.com/premierleague/photos/players/110x140/p209041.png,https://fantasy.premierleague.com/dist/img/shirts/standard/shirt_209041.png
Reiss Nelson,Brentford,MID,Crystal Palace,Brentford (H) vs Crystal Palace,0.7780892857142883,4.8,1.3,1.0,0.0426,117,1,0,0,0,0.0,12,0,3,True,100.0,200641,Nelson,Reiss Nelson,https://images.weserv.nl/?url=resources.premierleague.com/premierleague/photos/players/250x250/p200641.png&w=250&h=250&fit=cover&a=attention,https://resources.premierleague.com/premierleague/photos/players/110x140/p200641.png,https://fantasy.premierleague.com/dist/img/shirts/standard/shirt_200641.png
Issa Diop,Fulham,DEF,Wolves,Fulham (A) vs Wolves,0.7771992857142883,4.3,1.3,0.2,0.0012000000000000001,637,0,0,2,0,0.0,14,0,4,False,,219924,Diop,Issa Diop,https://images.weserv.nl/?url=resources.premierleague.com/premierleague/photos/players/250x250/p219924.png&w=250&h=250&fit=cover&a=attention,https://resources.premierleague.com/premierleague/photos/players/110x140/p219924.png,https://fantasy.premierleague.com/dist/img/shirts/standard/shirt_219924.png
Harry Howell,Brighton,MID,Leeds,Brighton (A) vs Leeds,0.7766292857142884,4.5,1.3,0.0,0.0,92,0,0,0,0,0.0,4,0,3,False,,597320,Howell,Harry Howell,https://images.weserv.nl/?url=resources.premierleague.com/premierleague/photos/players/250x250/p597320.png&w=250&h=250&fit=cover&a=attention,https://resources.premierleague.com/premierleague/photos/players/110x140/p597320.png,https://fantasy.premierleague.com/dist/img/shirts/standard/shirt_597320.png
Marc Guiu Paz,Chelsea,FWD,Spurs,Chelsea (H) vs Spurs,0.7756892857142882,4.0,1.3,0.2,0.0924,265,1,0,1,0,0.0,13,0,3,True,100.0,499309,Marc Guiu,Marc Guiu Paz,https://images.weserv.nl/?url=resources.premierleague.com/premierleague/photos/players/250x250/p499309.png&w=250&h=250&fit=cover&a=attention,https://resources.premierleague.com/premierleague/photos/players/110x140/p499309.png,https://fantasy.premierleague.com/dist/img/shirts/standard/shirt_499309.png
Tyler Dibling,Everton,MID,Sunderland,Everton (H) vs Sunderland,0.7744142857142882,5.3,1.3,0.0,0.012,349,0,0,2,0,0.0,18,2,3,True,,496661,Dibling,Tyler Dibling,https://images.weserv.nl/?url=resources.premierleague.com/premierleague/photos/players/250x250/p496661.png&w=250&h=250&fit=cover&a=attention,https://resources.premierleague.com/premierleague/photos/players/110x140/p496661.png,https://fantasy.premierleague.com/dist/img/shirts/standard/shirt_496661.png
Leon Bailey,Aston Villa,MID,Liverpool,Aston Villa (H) vs Liverpool,0.7716242857142881,5.5,1.3,0.6,0.0186,360,1,0,1,0,0.0,16,0,2,True,100.0,215711,Bailey,Leon Bailey,https://images.weserv.nl/?url=resources.premierleague.com/premierleague/photos/players/250x250/p215711.png&w=250&h=250&fit=cover&a=attention,https://resources.premierleague.com/premierleague/photos/players/110x140/p215711.png,https://fantasy.premierleague.com/dist/img/shirts/standard/shirt_215711.png
Lucas Pires Silva,Burnley,DEF,Arsenal,Burnley (A) vs Arsenal,0.7266599567099561,3.8,1.2,0.5,0.0198,1225,0,0,0,1,0.0,22,1,1,False,100.0,549329,Lucas Pires,Lucas Pires Silva,https://images.weserv.nl/?url=resources.premierleague.com/premierleague/photos/players/250x250/p549329.png&w=250&h=250&fit=cover&a=attention,https://resources.premierleague.com/premierleague/photos/players/110x140/p549329.png,https://fantasy.premierleague.com/dist/img/shirts/standard/shirt_549329.png
Destiny Udogie,Spurs,DEF,Chelsea,Spurs (A) vs Chelsea,0.7258099567099559,4.3,1.2,1.6,0.009600000000000001,1178,1,0,3,0,0.0,22,0,3,False,100.0,487053,Udogie,Destiny Udogie,https://images.weserv.nl/?url=resources.premierleague.com/premierleague/photos/players/250x250/p487053.png&w=250&h=250&fit=cover&a=attention,https://resources.premierleague.com/premierleague/photos/players/110x140/p487053.png,https://fantasy.premierleague.com/dist/img/shirts/standard/shirt_487053.png
James McAtee,Nott'm Forest,MID,Man Utd,Nott'm Forest (A) vs Man Utd,0.7233849567099558,5.0,1.2,1.2,0.0108,270,1,0,1,0,0.0,15,0,2,False,,432714,McAtee,James McAtee,https://images.weserv.nl/?url=resources.premierleague.com/premierleague/photos/players/250x250/p432714.png&w=250&h=250&fit=cover&a=attention,https://resources.premierleague.com/premierleague/photos/players/110x140/p432714.png,https://fantasy.premierleague.com/dist/img/shirts/standard/shirt_432714.png
Christantus Uche,Crystal Palace,FWD,Brentford,Crystal Palace (A) vs Brentford,0.7217724567099558,5.5,1.2,0.0,0.0294,159,1,0,0,0,0.0,17,0,3,False,,660392,Uche,Christantus Uche,https://images.weserv.nl/?url=resources.premierleague.com/premierleague/photos/players/250x250/p660392.png&w=250&h=250&fit=cover&a=attention,https://resources.premierleague.com/premierleague/photos/players/110x140/p660392.png,https://fantasy.premierleague.com/dist/img/shirts/standard/shirt_660392.png
Daniel James,Leeds,MID,Brighton,Leeds (H) vs Brighton,0.7214949567099561,5.2,1.2,0.6,0.046799999999999994,468,0,0,0,0,0.0,21,1,2,True,100.0,200617,James,Daniel James,https://images.weserv.nl/?url=resources.premierleague.com/premierleague/photos/players/250x250/p200617.png&w=250&h=250&fit=cover&a=attention,https://resources.premierleague.com/premierleague/photos/players/110x140/p200617.png,https://fantasy.premierleague.com/dist/img/shirts/standard/shirt_200617.png
Enes Ünal,Bournemouth,FWD,Man City,Bournemouth (H) vs Man City,0.7176699567099561,5.4,1.2,0.8,0.11579999999999999,196,0,1,1,0,0.0,25,0,2,True,100.0,168636,Enes Ünal,Enes Ünal,https://images.weserv.nl/?url=resources.premierleague.com/premierleague/photos/players/250x250/p168636.png&w=250&h=250&fit=cover&a=attention,https://resources.premierleague.com/premierleague/photos/players/110x140/p168636.png,https://fantasy.premierleague.com/dist/img/shirts/standard/shirt_168636.png
Pedro Cardoso de Lima,Wolves,DEF,Fulham,Wolves (H) vs Fulham,0.6630463852813843,4.0,1.1,1.2,0.0018,244,0,0,0,0,0.0,8,0,3,True,100.0,641221,Pedro Lima,Pedro Cardoso de Lima,https://images.weserv.nl/?url=resources.premierleague.com/premierleague/photos/players/250x250/p641221.png&w=250&h=250&fit=cover&a=attention,https://resources.premierleague.com/premierleague/photos/players/110x140/p641221.png,https://fantasy.premierleague.com/dist/img/shirts/standard/shirt_641221.png
Tyrique George,Everton,MID,Sunderland,Everton (H) vs Sunderland,0.66036567099567,4.8,1.1,0.8,0.0366,306,0,0,2,0,0.0,14,1,3,True,100.0,550615,George,Tyrique George,https://images.weserv.nl/?url=resources.premierleague.com/premierleague/photos/players/250x250/p550615.png&w=250&h=250&fit=cover&a=attention,https://resources.premierleague.com/premierleague/photos/players/110x140/p550615.png,https://fantasy.premierleague.com/dist/img/shirts/standard/shirt_550615.png
Roméo Lavia,Chelsea,MID,Spurs,Chelsea (H) vs Spurs,0.6595513852813842,4.9,1.1,1.0,0.0126,374,0,0,0,0,0.0,13,0,3,True,100.0,514356,Lavia,Roméo Lavia,https://images.weserv.nl/?url=resources.premierleague.com/premierleague/photos/players/250x250/p514356.png&w=250&h=250&fit=cover&a=attention,https://resources.premierleague.com/premierleague/photos/players/110x140/p514356.png,https://fantasy.premierleague.com/dist/img/shirts/standard/shirt_514356.png
Joël Piroe,Leeds,FWD,Brighton,Leeds (H) vs Brighton,0.6595156709956699,4.9,1.1,0.2,0.0486,216,0,0,0,0,0.0,15,1,2,True,100.0,235826,Piroe,Joël Piroe,https://images.weserv.nl/?url=resources.premierleague.com/premierleague/photos/players/250x250/p235826.png&w=250&h=250&fit=cover&a=attention,https://resources.premierleague.com/premierleague/photos/players/110x140/p235826.png,https://fantasy.premierleague.com/dist/img/shirts/standard/shirt_235826.png
Adama Traoré Diarra,West Ham,MID,Newcastle,West Ham (A) vs Newcastle,0.6025051190476189,5.1,1.0,0.2,0.0414,376,0,0,1,0,0.0,25,0,3,False,100.0,159533,Adama,Adama Traoré Diarra,https://images.weserv.nl/?url=resources.premierleague.com/premierleague/photos/players/250x250/p159533.png&w=250&h=250&fit=cover&a=attention,https://resources.premierleague.com/premierleague/photos/players/110x140/p159533.png,https://fantasy.premierleague.com/dist/img/shirts/standard/shirt_159533.png
Sam Byram,Leeds,DEF,Brighton,Leeds (H) vs Brighton,0.6023750000000001,3.7,1.0,0.0,0.0,7,0,0,0,0,0.0,1,0,2,True,,113564,Byram,Sam Byram,https://images.weserv.nl/?url=resources.premierleague.com/premierleague/photos/players/250x250/p113564.png&w=250&h=250&fit=cover&a=attention,https://resources.premierleague.com/premierleague/photos/players/110x140/p113564.png,https://fantasy.premierleague.com/dist/img/shirts/standard/shirt_113564.png
Tyrell Malacia,Man Utd,DEF,Nott'm Forest,Man Utd (H) vs Nott'm Forest,0.6016250000000001,3.7,1.0,0.0,0.0,7,0,0,0,0,0.0,2,0,3,True,,222690,Malacia,Tyrell Malacia,https://images.weserv.nl/?url=resources.premierleague.com/premierleague/photos/players/250x250/p222690.png&w=250&h=250&fit=cover&a=attention,https://resources.premierleague.com/premierleague/photos/players/110x140/p222690.png,https://fantasy.premierleague.com/dist/img/shirts/standard/shirt_222690.png
Bradley Burrowes,Aston Villa,MID,Liverpool,Aston Villa (H) vs Liverpool,0.6014750000000001,4.3,1.0,0.0,0.0,16,0,0,0,0,0.0,1,0,2,True,,645618,Burrowes,Bradley Burrowes,https://images.weserv.nl/?url=resources.premierleague.com/premierleague/photos/players/250x250/p645618.png&w=250&h=250&fit=cover&a=attention,https://resources.premierleague.com/premierleague/photos/players/110x140/p645618.png,https://fantasy.premierleague.com/dist/img/shirts/standard/shirt_645618.png
Julio Soler Barreto,Bournemouth,DEF,Man City,Bournemouth (H) vs Man City,0.6013499999999999,3.9,1.0,0.0,0.0,34,0,0,0,0,0.0,3,0,2,True,100.0,575901,Soler,Julio Soler Barreto,https://images.weserv.nl/?url=resources.premierleague.com/premierleague/photos/players/250x250/p575901.png&w=250&h=250&fit=cover&a=attention,https://resources.premierleague.com/premierleague/photos/players/110x140/p575901.png,https://fantasy.premierleague.com/dist/img/shirts/standard/shirt_575901.png
Hákon Rafn Valdimarsson,Brentford,GKP,Crystal Palace,Brentford (H) vs Crystal Palace,0.6008749999999999,3.8,1.0,0.0,0.0,90,0,0,0,0,1.0,1,0,3,True,,507433,Valdimarsson,Hákon Rafn Valdimarsson,https://images.weserv.nl/?url=resources.premierleague.com/premierleague/photos/players/250x250/p507433.png&w=250&h=250&fit=cover&a=attention,https://resources.premierleague.com/premierleague/photos/players/110x140/p507433.png,https://fantasy.premierleague.com/dist/img/shirts/standard/shirt_507433.png
Joél Drakes-Thomas,Crystal Palace,MID,Brentford,Crystal Palace (A) vs Brentford,0.6005999999999999,4.5,1.0,0.0,0.0,7,0,0,0,0,0.0,2,0,3,False,,672492,Drakes-Thomas,Joél Drakes-Thomas,https://images.weserv.nl/?url=resources.premierleague.com/premierleague/photos/players/250x250/p672492.png&w=250&h=250&fit=cover&a=attention,https://resources.premierleague.com/premierleague/photos/players/110x140/p672492.png,https://fantasy.premierleague.com/dist/img/shirts/standard/shirt_672492.png
Mamadou Sarr,Chelsea,DEF,Spurs,Chelsea (H) vs Spurs,0.6005,4.5,1.0,0.0,0.020999999999999998,91,0,0,0,0,0.0,2,0,3,True,100.0,574458,M.Sarr,Mamadou Sarr,https://images.weserv.nl/?url=resources.premierleague.com/premierleague/photos/players/250x250/p574458.png&w=250&h=250&fit=cover&a=attention,https://resources.premierleague.com/premierleague/photos/players/110x140/p574458.png,https://fantasy.premierleague.com/dist/img/shirts/standard/shirt_574458.png
Mike Trésor Ndayishimiye,Burnley,MID,Arsenal,Burnley (A) vs Arsenal,0.600475,4.3,1.0,0.2,0.0,37,0,0,0,0,0.0,6,0,1,False,100.0,437748,Trésor,Mike Trésor Ndayishimiye,https://images.weserv.nl/?url=resources.premierleague.com/premierleague/photos/players/250x250/p437748.png&w=250&h=250&fit=cover&a=attention,https://resources.premierleague.com/premierleague/photos/players/110x140/p437748.png,https://fantasy.premierleague.com/dist/img/shirts/standard/shirt_437748.png
Alex Murphy,Newcastle,DEF,West Ham,Newcastle (H) vs West Ham,0.6001499999999999,3.8,1.0,0.0,0.0,1,0,0,0,0,0.0,1,0,3,True,,545477,A.Murphy,Alex Murphy,https://images.weserv.nl/?url=resources.premierleague.com/premierleague/photos/players/250x250/p545477.png&w=250&h=250&fit=cover&a=attention,https://resources.premierleague.com/premierleague/photos/players/110x140/p545477.png,https://fantasy.premierleague.com/dist/img/shirts/standard/shirt_545477.png
Tyler Fredricson,Man Utd,DEF,Nott'm Forest,Man Utd (H) vs Nott'm Forest,0.6000500000000001,3.7,1.0,0.0,0.0,2,0,0,0,0,0.0,1,0,3,True,,547676,Fredricson,Tyler Fredricson,https://images.weserv.nl/?url=resources.premierleague.com/premierleague/photos/players/250x250/p547676.png&w=250&h=250&fit=cover&a=attention,https://resources.premierleague.com/premierleague/photos/players/110x140/p547676.png,https://fantasy.premierleague.com/dist/img/shirts/standard/shirt_547676.png
Alysson Edward Franco da Rocha dos Santos,Aston Villa,MID,Liverpool,Aston Villa (H) vs Liverpool,0.5999833333333332,5.0,1.0,0.0,0.003,47,0,0,0,0,0.0,3,0,2,True,100.0,653481,Alysson,Alysson Edward Franco da Rocha dos Santos,https://images.weserv.nl/?url=resources.premierleague.com/premierleague/photos/players/250x250/p653481.png&w=250&h=250&fit=cover&a=attention,https://resources.premierleague.com/premierleague/photos/players/110x140/p653481.png,https://fantasy.premierleague.com/dist/img/shirts/standard/shirt_653481.png
George Hemmings,Aston Villa,MID,Liverpool,Aston Villa (H) vs Liverpool,0.5997750000000001,4.5,1.0,0.0,0.0024000000000000002,25,0,0,0,0,0.0,2,0,2,True,,577285,George Hemmings,George Hemmings,https://images.weserv.nl/?url=resources.premierleague.com/premierleague/photos/players/250x250/p577285.png&w=250&h=250&fit=cover&a=attention,https://resources.premierleague.com/premierleague/photos/players/110x140/p577285.png,https://fantasy.premierleague.com/dist/img/shirts/standard/shirt_577285.png
Nehemiah Oriola,Brighton,MID,Leeds,Brighton (A) vs Leeds,0.599375,4.5,1.0,0.0,0.0,1,0,0,0,0,0.0,1,0,3,False,,556637,Oriola,Nehemiah Oriola,https://images.weserv.nl/?url=resources.premierleague.com/premierleague/photos/players/250x250/p556637.png&w=250&h=250&fit=cover&a=attention,https://resources.premierleague.com/premierleague/photos/players/110x140/p556637.png,https://fantasy.premierleague.com/dist/img/shirts/standard/shirt_556637.png
Romelle Donovan,Brentford,MID,Crystal Palace,Brentford (H) vs Crystal Palace,0.599375,4.4,1.0,0.0,0.0054,38,0,0,0,0,0.0,4,0,3,True,,606689,Donovan,Romelle Donovan,https://images.weserv.nl/?url=resources.premierleague.com/premierleague/photos/players/250x250/p606689.png&w=250&h=250&fit=cover&a=attention,https://resources.premierleague.com/premierleague/photos/players/110x140/p606689.png,https://fantasy.premierleague.com/dist/img/shirts/standard/shirt_606689.png
Ezra Mayers,West Ham,DEF,Newcastle,West Ham (A) vs Newcastle,0.59937,4.0,1.0,0.0,0.0072,113,0,0,0,0,0.0,6,0,3,False,,602903,Mayers,Ezra Mayers,https://images.weserv.nl/?url=resources.premierleague.com/premierleague/photos/players/250x250/p602903.png&w=250&h=250&fit=cover&a=attention,https://resources.premierleague.com/premierleague/photos/players/110x140/p602903.png,https://fantasy.premierleague.com/dist/img/shirts/standard/shirt_602903.png
Kaden Rodney,Crystal Palace,MID,Brentford,Crystal Palace (A) vs Brentford,0.599175,4.4,1.0,0.0,0.0,3,0,0,0,0,0.0,1,0,3,False,,530318,Rodney,Kaden Rodney,https://images.weserv.nl/?url=resources.premierleague.com/premierleague/photos/players/250x250/p530318.png&w=250&h=250&fit=cover&a=attention,https://resources.premierleague.com/premierleague/photos/players/110x140/p530318.png,https://fantasy.premierleague.com/dist/img/shirts/standard/shirt_530318.png
Shea Lacey,Man Utd,MID,Nott'm Forest,Man Utd (H) vs Nott'm Forest,0.599025,4.5,1.0,0.0,0.004200000000000001,12,0,0,0,0,0.0,2,0,3,True,100.0,576628,Lacey,Shea Lacey,https://images.weserv.nl/?url=resources.premierleague.com/premierleague/photos/players/250x250/p576628.png&w=250&h=250&fit=cover&a=attention,https://resources.premierleague.com/premierleague/photos/players/110x140/p576628.png,https://fantasy.premierleague.com/dist/img/shirts/standard/shirt_576628.png
Séamus Coleman,Everton,DEF,Sunderland,Everton (H) vs Sunderland,0.599,4.2,1.0,0.0,0.0,11,0,0,0,0,0.0,3,0,3,True,100.0,59949,Coleman,Séamus Coleman,https://images.weserv.nl/?url=resources.premierleague.com/premierleague/photos/players/250x250/p59949.png&w=250&h=250&fit=cover&a=attention,https://resources.premierleague.com/premierleague/photos/players/110x140/p59949.png,https://fantasy.premierleague.com/dist/img/shirts/standard/shirt_59949.png
Christian Nørgaard,Arsenal,MID,Burnley,Arsenal (H) vs Burnley,0.5989333333333333,5.1,1.0,0.0,0.003,56,0,0,0,0,0.0,6,0,4,True,100.0,128295,Nørgaard,Christian Nørgaard,https://images.weserv.nl/?url=resources.premierleague.com/premierleague/photos/players/250x250/p128295.png&w=250&h=250&fit=cover&a=attention,https://resources.premierleague.com/premierleague/photos/players/110x140/p128295.png,https://fantasy.premierleague.com/dist/img/shirts/standard/shirt_128295.png
Bendito Mantato,Man Utd,MID,Nott'm Forest,Man Utd (H) vs Nott'm Forest,0.598875,4.5,1.0,0.0,0.0,15,0,0,0,0,0.0,1,0,3,True,,576620,Bendito Mantato,Bendito Mantato,https://images.weserv.nl/?url=resources.premierleague.com/premierleague/photos/players/250x250/p576620.png&w=250&h=250&fit=cover&a=attention,https://resources.premierleague.com/premierleague/photos/players/110x140/p576620.png,https://fantasy.premierleague.com/dist/img/shirts/standard/shirt_576620.png
Angus Gunn,Nott'm Forest,GKP,Man Utd,Nott'm Forest (A) vs Man Utd,0.5985749999999999,4.0,1.0,0.0,0.0,45,0,0,0,0,0.0,1,0,2,False,100.0,107265,Gunn,Angus Gunn,https://images.weserv.nl/?url=resources.premierleague.com/premierleague/photos/players/250x250/p107265.png&w=250&h=250&fit=cover&a=attention,https://resources.premierleague.com/premierleague/photos/players/110x140/p107265.png,https://fantasy.premierleague.com/dist/img/shirts/standard/shirt_107265.png
James Rowswell,Spurs,DEF,Chelsea,Spurs (A) vs Chelsea,0.5985749999999999,4.0,1.0,0.0,0.0,1,0,0,0,0,0.0,1,0,3,False,,499716,Rowswell,James Rowswell,https://images.weserv.nl/?url=resources.premierleague.com/premierleague/photos/players/250x250/p499716.png&w=250&h=250&fit=cover&a=attention,https://resources.premierleague.com/premierleague/photos/players/110x140/p499716.png,https://fantasy.premierleague.com/dist/img/shirts/standard/shirt_499716.png
Tyler Fletcher,Man Utd,MID,Nott'm Forest,Man Utd (H) vs Nott'm Forest,0.5985749999999999,4.4,1.0,0.0,0.0,1,0,0,0,0,0.0,1,0,3,True,,519913,Fletcher,Tyler Fletcher,https://images.weserv.nl/?url=resources.premierleague.com/premierleague/photos/players/250x250/p519913.png&w=250&h=250&fit=cover&a=attention,https://resources.premierleague.com/premierleague/photos/players/110x140/p519913.png,https://fantasy.premierleague.com/dist/img/shirts/standard/shirt_519913.png
Jun'ai Byfield,Spurs,DEF,Chelsea,Spurs (A) vs Chelsea,0.5985749999999999,4.0,1.0,0.0,0.0,1,0,0,0,0,0.0,1,0,3,False,,640419,Byfield,Jun'ai Byfield,https://images.weserv.nl/?url=resources.premierleague.com/premierleague/photos/players/250x250/p640419.png&w=250&h=250&fit=cover&a=attention,https://resources.premierleague.com/premierleague/photos/players/110x140/p640419.png,https://fantasy.premierleague.com/dist/img/shirts/standard/shirt_640419.png
Callum Olusesi,Spurs,MID,Chelsea,Spurs (A) vs Chelsea,0.5985749999999999,4.3,1.0,0.0,0.0,14,0,0,0,0,0.0,1,0,3,False,,499726,Olusesi,Callum Olusesi,https://images.weserv.nl/?url=resources.premierleague.com/premierleague/photos/players/250x250/p499726.png&w=250&h=250&fit=cover&a=attention,https://resources.premierleague.com/premierleague/photos/players/110x140/p499726.png,https://fantasy.premierleague.com/dist/img/shirts/standard/shirt_499726.png
Zeki Amdouni,Burnley,FWD,Arsenal,Burnley (A) vs Arsenal,0.5985,4.8,1.0,0.5,0.0144,25,0,0,0,0,0.0,2,0,1,False,100.0,492831,Amdouni,Zeki Amdouni,https://images.weserv.nl/?url=resources.premierleague.com/premierleague/photos/players/250x250/p492831.png&w=250&h=250&fit=cover&a=attention,https://resources.premierleague.com/premierleague/photos/players/110x140/p492831.png,https://fantasy.premierleague.com/dist/img/shirts/standard/shirt_492831.png
Kaye Furo,Brentford,FWD,Crystal Palace,Brentford (H) vs Crystal Palace,0.598375,4.5,1.0,0.2,0.0,1,0,0,0,0,0.0,1,0,3,True,100.0,593174,Furo,Kaye Furo,https://images.weserv.nl/?url=resources.premierleague.com/premierleague/photos/players/250x250/p593174.png&w=250&h=250&fit=cover&a=attention,https://resources.premierleague.com/premierleague/photos/players/110x140/p593174.png,https://fantasy.premierleague.com/dist/img/shirts/standard/shirt_593174.png
Jack Fletcher,Man Utd,MID,Nott'm Forest,Man Utd (H) vs Nott'm Forest,0.5980500000000001,4.3,1.0,0.0,0.0018,107,0,0,0,0,0.0,3,0,3,True,,547037,J.Fletcher,Jack Fletcher,https://images.weserv.nl/?url=resources.premierleague.com/premierleague/photos/players/250x250/p547037.png&w=250&h=250&fit=cover&a=attention,https://resources.premierleague.com/premierleague/photos/players/110x140/p547037.png,https://fantasy.premierleague.com/dist/img/shirts/standard/shirt_547037.png
Djiamgone Jocelin Ta Bi,Sunderland,MID,Everton,Sunderland (A) vs Everton,0.5976583333333333,4.9,1.0,0.0,0.0,38,0,0,0,0,0.0,1,0,3,False,100.0,699989,Jocelin.T,Djiamgone Jocelin Ta Bi,https://images.weserv.nl/?url=resources.premierleague.com/premierleague/photos/players/250x250/p699989.png&w=250&h=250&fit=cover&a=attention,https://resources.premierleague.com/premierleague/photos/players/110x140/p699989.png,https://fantasy.premierleague.com/dist/img/shirts/standard/shirt_699989.png
Josh Dasilva,Brentford,MID,Crystal Palace,Brentford (H) vs Crystal Palace,0.5971083333333332,4.9,1.0,0.2,0.0,1,0,0,0,0,0.0,1,0,3,True,100.0,183656,Dasilva,Josh Dasilva,https://images.weserv.nl/?url=resources.premierleague.com/premierleague/photos/players/250x250/p183656.png&w=250&h=250&fit=cover&a=attention,https://resources.premierleague.com/premierleague/photos/players/110x140/p183656.png,https://fantasy.premierleague.com/dist/img/shirts/standard/shirt_183656.png
Ashley Barnes,Burnley,FWD,Arsenal,Burnley (A) vs Arsenal,0.5962,4.2,1.0,0.0,0.0066,35,0,0,1,0,0.0,5,0,1,False,,44699,Barnes,Ashley Barnes,https://images.weserv.nl/?url=resources.premierleague.com/premierleague/photos/players/250x250/p44699.png&w=250&h=250&fit=cover&a=attention,https://resources.premierleague.com/premierleague/photos/players/110x140/p44699.png,https://fantasy.premierleague.com/dist/img/shirts/standard/shirt_44699.png
Trey Nyoni,Liverpool,MID,Aston Villa,Liverpool (A) vs Aston Villa,0.5957999999999999,4.3,1.0,0.0,0.0222,14,0,0,0,0,0.0,5,0,3,False,,591386,Nyoni,Trey Nyoni,https://images.weserv.nl/?url=resources.premierleague.com/premierleague/photos/players/250x250/p591386.png&w=250&h=250&fit=cover&a=attention,https://resources.premierleague.com/premierleague/photos/players/110x140/p591386.png,https://fantasy.premierleague.com/dist/img/shirts/standard/shirt_591386.png
Zach Abbott,Nott'm Forest,DEF,Man Utd,Nott'm Forest (A) vs Man Utd,0.5955699999999999,3.8,1.0,0.2,0.0,165,0,0,0,0,0.0,3,0,2,False,50.0,549067,Abbott,Zach Abbott,https://images.weserv.nl/?url=resources.premierleague.com/premierleague/photos/players/250x250/p549067.png&w=250&h=250&fit=cover&a=attention,https://resources.premierleague.com/premierleague/photos/players/110x140/p549067.png,https://fantasy.premierleague.com/dist/img/shirts/standard/shirt_549067.png
Harvey Elliott,Aston Villa,MID,Liverpool,Aston Villa (H) vs Liverpool,0.5938833333333333,5.1,1.0,0.0,0.0174,110,0,0,0,0,0.0,5,0,2,True,100.0,444884,Elliott,Harvey Elliott,https://images.weserv.nl/?url=resources.premierleague.com/premierleague/photos/players/250x250/p444884.png&w=250&h=250&fit=cover&a=attention,https://resources.premierleague.com/premierleague/photos/players/110x140/p444884.png,https://fantasy.premierleague.com/dist/img/shirts/standard/shirt_444884.png
Solly March,Brighton,MID,Leeds,Brighton (A) vs Leeds,0.5899919047619048,5.8,1.0,0.2,0.0,6,0,0,0,0,0.0,2,0,3,False,100.0,109345,March,Solly March,https://images.weserv.nl/?url=resources.premierleague.com/premierleague/photos/players/250x250/p109345.png&w=250&h=250&fit=cover&a=attention,https://resources.premierleague.com/premierleague/photos/players/110x140/p109345.png,https://fantasy.premierleague.com/dist/img/shirts/standard/shirt_109345.png
James Maddison,Spurs,MID,Chelsea,Spurs (A) vs Chelsea,0.5657119047619049,6.8,1.0,0.2,0.0,5,0,0,0,0,0.0,1,0,3,False,100.0,172780,Maddison,James Maddison,https://images.weserv.nl/?url=resources.premierleague.com/premierleague/photos/players/250x250/p172780.png&w=250&h=250&fit=cover&a=attention,https://resources.premierleague.com/premierleague/photos/players/110x140/p172780.png,https://fantasy.premierleague.com/dist/img/shirts/standard/shirt_172780.png
Jorrel Hato,Chelsea,DEF,Spurs,Chelsea (H) vs Spurs,0.5361476190476198,4.6,0.9,1.2,0.018,998,0,0,6,0,0.0,18,0,3,True,100.0,551210,Hato,Jorrel Hato,https://images.weserv.nl/?url=resources.premierleague.com/premierleague/photos/players/250x250/p551210.png&w=250&h=250&fit=cover&a=attention,https://resources.premierleague.com/premierleague/photos/players/110x140/p551210.png,https://fantasy.premierleague.com/dist/img/shirts/standard/shirt_551210.png
Benoît Badiashile Mukinayi,Chelsea,DEF,Spurs,Chelsea (H) vs Spurs,0.53539761904762,4.4,0.9,0.0,0.0,470,0,0,2,0,0.0,7,0,3,True,100.0,242880,B.Badiashile,Benoît Badiashile Mukinayi,https://images.weserv.nl/?url=resources.premierleague.com/premierleague/photos/players/250x250/p242880.png&w=250&h=250&fit=cover&a=attention,https://resources.premierleague.com/premierleague/photos/players/110x140/p242880.png,https://fantasy.premierleague.com/dist/img/shirts/standard/shirt_242880.png
Alex Tóth,Bournemouth,MID,Man City,Bournemouth (H) vs Man City,0.5334176190476198,4.9,0.9,0.8,0.0036,79,0,0,1,0,0.0,7,0,2,True,,614574,Tóth.A,Alex Tóth,https://images.weserv.nl/?url=resources.premierleague.com/premierleague/photos/players/250x250/p614574.png&w=250&h=250&fit=cover&a=attention,https://resources.premierleague.com/premierleague/photos/players/110x140/p614574.png,https://fantasy.premierleague.com/dist/img/shirts/standard/shirt_614574.png
Jonah Kusi-Asare,Fulham,FWD,Wolves,Fulham (A) vs Wolves,0.5332426190476198,4.5,0.9,0.5,0.0,49,0,0,1,0,0.0,6,0,4,False,,631786,Kusi-Asare,Jonah Kusi-Asare,https://images.weserv.nl/?url=resources.premierleague.com/premierleague/photos/players/250x250/p631786.png&w=250&h=250&fit=cover&a=attention,https://resources.premierleague.com/premierleague/photos/players/110x140/p631786.png,https://fantasy.premierleague.com/dist/img/shirts/standard/shirt_631786.png
Mohamadou Kanté,West Ham,MID,Newcastle,West Ham (A) vs Newcastle,0.5301426190476198,4.5,0.9,0.2,0.004200000000000001,38,0,0,1,0,0.0,8,0,3,False,,630699,Mohamadou Kanté,Mohamadou Kanté,https://images.weserv.nl/?url=resources.premierleague.com/premierleague/photos/players/250x250/p630699.png&w=250&h=250&fit=cover&a=attention,https://resources.premierleague.com/premierleague/photos/players/110x140/p630699.png,https://fantasy.premierleague.com/dist/img/shirts/standard/shirt_630699.png
Borna Sosa,Crystal Palace,DEF,Brentford,Crystal Palace (A) vs Brentford,0.5291776190476198,4.8,0.9,0.2,0.0024000000000000002,99,0,0,1,0,0.0,6,0,3,False,50.0,218364,Sosa,Borna Sosa,https://images.weserv.nl/?url=resources.premierleague.com/premierleague/photos/players/250x250/p218364.png&w=250&h=250&fit=cover&a=attention,https://resources.premierleague.com/premierleague/photos/players/110x140/p218364.png,https://fantasy.premierleague.com/dist/img/shirts/standard/shirt_218364.png
Andrés García,Aston Villa,DEF,Liverpool,Aston Villa (H) vs Liverpool,0.46031330086580075,3.9,0.8,0.2,0.0,38,0,0,0,0,0.0,4,0,2,True,100.0,606798,A.García,Andrés García,https://images.weserv.nl/?url=resources.premierleague.com/premierleague/photos/players/250x250/p606798.png&w=250&h=250&fit=cover&a=attention,https://resources.premierleague.com/premierleague/photos/players/110x140/p606798.png,https://fantasy.premierleague.com/dist/img/shirts/standard/shirt_606798.png
João Victor de Souza Menezes,Spurs,DEF,Chelsea,Spurs (A) vs Chelsea,0.4518533008658007,4.0,0.8,0.0,0.0012000000000000001,142,0,0,1,0,0.0,3,0,3,False,,616221,Souza,João Victor de Souza Menezes,https://images.weserv.nl/?url=resources.premierleague.com/premierleague/photos/players/250x250/p616221.png&w=250&h=250&fit=cover&a=attention,https://resources.premierleague.com/premierleague/photos/players/110x140/p616221.png,https://fantasy.premierleague.com/dist/img/shirts/standard/shirt_616221.png
Dário Luís Essugo,Chelsea,MID,Spurs,Chelsea (H) vs Spurs,0.38814746753246737,4.3,0.5,0.2,0.0,25,0,0,1,0,0.0,1,0,3,True,100.0,491007,D.Essugo,Dário Luís Essugo,https://images.weserv.nl/?url=resources.premierleague.com/premierleague/photos/players/250x250/p491007.png&w=250&h=250&fit=cover&a=attention,https://resources.premierleague.com/premierleague/photos/players/110x140/p491007.png,https://fantasy.premierleague.com/dist/img/shirts/standard/shirt_491007.png
Rio Cardines,Crystal Palace,MID,Brentford,Crystal Palace (A) vs Brentford,0.38582246753246746,4.4,0.0,0.0,0.0,0,0,0,0,0,0.0,0,0,3,False,100.0,590014,Cardines,Rio Cardines,https://images.weserv.nl/?url=resources.premierleague.com/premierleague/photos/players/250x250/p590014.png&w=250&h=250&fit=cover&a=attention,https://resources.premierleague.com/premierleague/photos/players/110x140/p590014.png,https://fantasy.premierleague.com/dist/img/shirts/standard/shirt_590014.png
Adam Aznou,Everton,DEF,Sunderland,Everton (H) vs Sunderland,0.38582246753246746,4.2,0.0,0.0,0.0,0,0,0,0,0,0.0,0,0,3,True,100.0,499300,Aznou,Adam Aznou,https://images.weserv.nl/?url=resources.premierleague.com/premierleague/photos/players/250x250/p499300.png&w=250&h=250&fit=cover&a=attention,https://resources.premierleague.com/premierleague/photos/players/110x140/p499300.png,https://fantasy.premierleague.com/dist/img/shirts/standard/shirt_499300.png
Sverre Nypan,Man City,MID,Bournemouth,Man City (A) vs Bournemouth,0.38582246753246746,5.0,0.0,0.0,0.0,0,0,0,0,0,0.0,0,0,3,False,100.0,566164,Nypan,Sverre Nypan,https://images.weserv.nl/?url=resources.premierleague.com/premierleague/photos/players/250x250/p566164.png&w=250&h=250&fit=cover&a=attention,https://resources.premierleague.com/premierleague/photos/players/110x140/p566164.png,https://fantasy.premierleague.com/dist/img/shirts/standard/shirt_566164.png
Matai Akinmboni,Bournemouth,DEF,Man City,Bournemouth (H) vs Man City,0.38582246753246746,3.8,0.0,0.0,0.0,0,0,0,0,0,0.0,0,0,2,True,100.0,541462,Akinmboni,Matai Akinmboni,https://images.weserv.nl/?url=resources.premierleague.com/premierleague/photos/players/250x250/p541462.png&w=250&h=250&fit=cover&a=attention,https://resources.premierleague.com/premierleague/photos/players/110x140/p541462.png,https://fantasy.premierleague.com/dist/img/shirts/standard/shirt_541462.png
Lukasz Fabianski,West Ham,GKP,Newcastle,West Ham (A) vs Newcastle,0.38582246753246746,4.5,0.0,0.0,0.0,0,0,0,0,0,0.0,0,0,3,False,100.0,37096,Fabianski,Lukasz Fabianski,https://images.weserv.nl/?url=resources.premierleague.com/premierleague/photos/players/250x250/p37096.png&w=250&h=250&fit=cover&a=attention,https://resources.premierleague.com/premierleague/photos/players/110x140/p37096.png,https://fantasy.premierleague.com/dist/img/shirts/standard/shirt_37096.png
Mark Travers,Everton,GKP,Sunderland,Everton (H) vs Sunderland,0.38582246753246746,4.2,0.0,0.0,0.0,0,0,0,0,0,0.0,0,0,3,True,100.0,229600,Travers,Mark Travers,https://images.weserv.nl/?url=resources.premierleague.com/premierleague/photos/players/250x250/p229600.png&w=250&h=250&fit=cover&a=attention,https://resources.premierleague.com/premierleague/photos/players/110x140/p229600.png,https://fantasy.premierleague.com/dist/img/shirts/standard/shirt_229600.png
Caleb Kporha,Crystal Palace,DEF,Brentford,Crystal Palace (A) vs Brentford,0.38582246753246746,4.0,0.0,0.0,0.0,0,0,0,0,0,0.0,0,0,3,False,100.0,590012,Kporha,Caleb Kporha,https://images.weserv.nl/?url=resources.premierleague.com/premierleague/photos/players/250x250/p590012.png&w=250&h=250&fit=cover&a=attention,https://resources.premierleague.com/premierleague/photos/players/110x140/p590012.png,https://fantasy.premierleague.com/dist/img/shirts/standard/shirt_590012.png
Eric da Silva Moreira,Nott'm Forest,MID,Man Utd,Nott'm Forest (A) vs Man Utd,0.38582246753246746,4.5,0.0,0.0,0.0,0,0,0,0,0,0.0,0,0,2,False,100.0,569014,Da Silva Moreira,Eric da Silva Moreira,https://images.weserv.nl/?url=resources.premierleague.com/premierleague/photos/players/250x250/p569014.png&w=250&h=250&fit=cover&a=attention,https://resources.premierleague.com/premierleague/photos/players/110x140/p569014.png,https://fantasy.premierleague.com/dist/img/shirts/standard/shirt_569014.png
Milan Aleksić,Sunderland,MID,Everton,Sunderland (A) vs Everton,0.38582246753246746,4.9,0.0,0.0,0.0,0,0,0,0,0,0.0,0,0,3,False,100.0,626844,Aleksić,Milan Aleksić,https://images.weserv.nl/?url=resources.premierleague.com/premierleague/photos/players/250x250/p626844.png&w=250&h=250&fit=cover&a=attention,https://resources.premierleague.com/premierleague/photos/players/110x140/p626844.png,https://fantasy.premierleague.com/dist/img/shirts/standard/shirt_626844.png
Simon Moore,Sunderland,GKP,Everton,Sunderland (A) vs Everton,0.38582246753246746,3.9,0.0,0.0,0.0,0,0,0,0,0,0.0,0,0,3,False,100.0,74854,Moore,Simon Moore,https://images.weserv.nl/?url=resources.premierleague.com/premierleague/photos/players/250x250/p74854.png&w=250&h=250&fit=cover&a=attention,https://resources.premierleague.com/premierleague/photos/players/110x140/p74854.png,https://fantasy.premierleague.com/dist/img/shirts/standard/shirt_74854.png
Godwill Kukonki,Man Utd,DEF,Nott'm Forest,Man Utd (H) vs Nott'm Forest,0.3845624675324674,4.0,0.0,0.0,0.0,0,0,0,0,0,0.0,0,0,3,True,,576637,Kukonki,Godwill Kukonki,https://images.weserv.nl/?url=resources.premierleague.com/premierleague/photos/players/250x250/p576637.png&w=250&h=250&fit=cover&a=attention,https://resources.premierleague.com/premierleague/photos/players/110x140/p576637.png,https://fantasy.premierleague.com/dist/img/shirts/standard/shirt_576637.png
James Wright,Aston Villa,GKP,Liverpool,Aston Villa (H) vs Liverpool,0.3845624675324674,3.9,0.0,0.0,0.0,0,0,0,0,0,0.0,0,0,2,True,,481283,Wright,James Wright,https://images.weserv.nl/?url=resources.premierleague.com/premierleague/photos/players/250x250/p481283.png&w=250&h=250&fit=cover&a=attention,https://resources.premierleague.com/premierleague/photos/players/110x140/p481283.png,https://fantasy.premierleague.com/dist/img/shirts/standard/shirt_481283.png
Diego León Blanco,Man Utd,DEF,Nott'm Forest,Man Utd (H) vs Nott'm Forest,0.3845624675324674,4.1,0.0,0.0,0.0,0,0,0,0,0,0.0,0,0,3,True,,661712,D.Leon,Diego León Blanco,https://images.weserv.nl/?url=resources.premierleague.com/premierleague/photos/players/250x250/p661712.png&w=250&h=250&fit=cover&a=attention,https://resources.premierleague.com/premierleague/photos/players/110x140/p661712.png,https://fantasy.premierleague.com/dist/img/shirts/standard/shirt_661712.png
John Ruddy,Newcastle,GKP,West Ham,Newcastle (H) vs West Ham,0.3845624675324674,4.0,0.0,0.0,0.0,0,0,0,0,0,0.0,0,0,3,True,,19236,Ruddy,John Ruddy,https://images.weserv.nl/?url=resources.premierleague.com/premierleague/photos/players/250x250/p19236.png&w=250&h=250&fit=cover&a=attention,https://resources.premierleague.com/premierleague/photos/players/110x140/p19236.png,https://fantasy.premierleague.com/dist/img/shirts/standard/shirt_19236.png
Ryan McAidoo,Man City,MID,Bournemouth,Man City (A) vs Bournemouth,0.3845624675324674,4.5,0.0,0.0,0.0,0,0,0,0,0,0.0,0,0,3,False,,616288,McAidoo,Ryan McAidoo,https://images.weserv.nl/?url=resources.premierleague.com/premierleague/photos/players/250x250/p616288.png&w=250&h=250&fit=cover&a=attention,https://resources.premierleague.com/premierleague/photos/players/110x140/p616288.png,https://fantasy.premierleague.com/dist/img/shirts/standard/shirt_616288.png
Jim Thwaites,Man Utd,MID,Nott'm Forest,Man Utd (H) vs Nott'm Forest,0.3845624675324674,4.5,0.0,0.0,0.0,0,0,0,0,0,0.0,0,0,3,True,,576634,Thwaites,Jim Thwaites,https://images.weserv.nl/?url=resources.premierleague.com/premierleague/photos/players/250x250/p576634.png&w=250&h=250&fit=cover&a=attention,https://resources.premierleague.com/premierleague/photos/players/110x140/p576634.png,https://fantasy.premierleague.com/dist/img/shirts/standard/shirt_576634.png
Will Wright,Liverpool,FWD,Aston Villa,Liverpool (A) vs Aston Villa,0.3845624675324674,4.5,0.0,0.0,0.0,0,0,0,0,0,0.0,0,0,3,False,,677945,Wright,Will Wright,https://images.weserv.nl/?url=resources.premierleague.com/premierleague/photos/players/250x250/p677945.png&w=250&h=250&fit=cover&a=attention,https://resources.premierleague.com/premierleague/photos/players/110x140/p677945.png,https://fantasy.premierleague.com/dist/img/shirts/standard/shirt_677945.png
TJ Carroll,Aston Villa,DEF,Liverpool,Aston Villa (H) vs Liverpool,0.3845624675324674,4.0,0.0,0.0,0.0,0,0,0,0,0,0.0,0,0,2,True,,618027,Carroll,TJ Carroll,https://images.weserv.nl/?url=resources.premierleague.com/premierleague/photos/players/250x250/p618027.png&w=250&h=250&fit=cover&a=attention,https://resources.premierleague.com/premierleague/photos/players/110x140/p618027.png,https://fantasy.premierleague.com/dist/img/shirts/standard/shirt_618027.png
Leon Routh,Aston Villa,DEF,Liverpool,Aston Villa (H) vs Liverpool,0.3845624675324674,4.0,0.0,0.0,0.0,0,0,0,0,0,0.0,0,0,2,True,,664015,Leon Routh,Leon Routh,https://images.weserv.nl/?url=resources.premierleague.com/premierleague/photos/players/250x250/p664015.png&w=250&h=250&fit=cover&a=attention,https://resources.premierleague.com/premierleague/photos/players/110x140/p664015.png,https://fantasy.premierleague.com/dist/img/shirts/standard/shirt_664015.png
Ronnie Hollingshead,Aston Villa,GKP,Liverpool,Aston Villa (H) vs Liverpool,0.3845624675324674,4.0,0.0,0.0,0.0,0,0,0,0,0,0.0,0,0,2,True,,516875,Hollingshead,Ronnie Hollingshead,https://images.weserv.nl/?url=resources.premierleague.com/premierleague/photos/players/250x250/p516875.png&w=250&h=250&fit=cover&a=attention,https://resources.premierleague.com/premierleague/photos/players/110x140/p516875.png,https://fantasy.premierleague.com/dist/img/shirts/standard/shirt_516875.png
Miodrag Pivaš,Newcastle,DEF,West Ham,Newcastle (H) vs West Ham,0.3845624675324674,3.8,0.0,0.0,0.0,0,0,0,0,0,0.0,0,0,3,True,,578512,Pivas,Miodrag Pivaš,https://images.weserv.nl/?url=resources.premierleague.com/premierleague/photos/players/250x250/p578512.png&w=250&h=250&fit=cover&a=attention,https://resources.premierleague.com/premierleague/photos/players/110x140/p578512.png,https://fantasy.premierleague.com/dist/img/shirts/standard/shirt_578512.png
Sean Neave,Newcastle,FWD,West Ham,Newcastle (H) vs West Ham,0.3845624675324674,4.3,0.0,0.0,0.0,0,0,0,0,0,0.0,0,0,3,True,,599303,Neave,Sean Neave,https://images.weserv.nl/?url=resources.premierleague.com/premierleague/photos/players/250x250/p599303.png&w=250&h=250&fit=cover&a=attention,https://resources.premierleague.com/premierleague/photos/players/110x140/p599303.png,https://fantasy.premierleague.com/dist/img/shirts/standard/shirt_599303.png
Talla Ndiaye,Liverpool,DEF,Aston Villa,Liverpool (A) vs Aston Villa,0.3845624675324674,4.0,0.0,0.0,0.0,0,0,0,0,0,0.0,0,0,3,False,,718875,Ndiaye,Talla Ndiaye,https://images.weserv.nl/?url=resources.premierleague.com/premierleague/photos/players/250x250/p718875.png&w=250&h=250&fit=cover&a=attention,https://resources.premierleague.com/premierleague/photos/players/110x140/p718875.png,https://fantasy.premierleague.com/dist/img/shirts/standard/shirt_718875.png
Travis Patterson,Aston Villa,DEF,Liverpool,Aston Villa (H) vs Liverpool,0.3845624675324674,3.9,0.0,0.0,0.0,0,0,0,0,0,0.0,0,0,2,True,,534836,Patterson,Travis Patterson,https://images.weserv.nl/?url=resources.premierleague.com/premierleague/photos/players/250x250/p534836.png&w=250&h=250&fit=cover&a=attention,https://resources.premierleague.com/premierleague/photos/players/110x140/p534836.png,https://fantasy.premierleague.com/dist/img/shirts/standard/shirt_534836.png
Dermot Mee,Man Utd,GKP,Nott'm Forest,Man Utd (H) vs Nott'm Forest,0.3845624675324674,3.9,0.0,0.0,0.0,0,0,0,0,0,0.0,0,0,3,True,,461537,Mee,Dermot Mee,https://images.weserv.nl/?url=resources.premierleague.com/premierleague/photos/players/250x250/p461537.png&w=250&h=250&fit=cover&a=attention,https://resources.premierleague.com/premierleague/photos/players/110x140/p461537.png,https://fantasy.premierleague.com/dist/img/shirts/standard/shirt_461537.png
Mark Gillespie,Newcastle,GKP,West Ham,Newcastle (H) vs West Ham,0.3845624675324674,3.9,0.0,0.0,0.0,0,0,0,0,0,0.0,0,0,3,True,,81441,Gillespie,Mark Gillespie,https://images.weserv.nl/?url=resources.premierleague.com/premierleague/photos/players/250x250/p81441.png&w=250&h=250&fit=cover&a=attention,https://resources.premierleague.com/premierleague/photos/players/110x140/p81441.png,https://fantasy.premierleague.com/dist/img/shirts/standard/shirt_81441.png
Charlie Gray,Man City,MID,Bournemouth,Man City (A) vs Bournemouth,0.3845624675324674,4.5,0.0,0.0,0.0,0,0,0,0,0,0.0,0,0,3,False,,516234,Gray,Charlie Gray,https://images.weserv.nl/?url=resources.premierleague.com/premierleague/photos/players/250x250/p516234.png&w=250&h=250&fit=cover&a=attention,https://resources.premierleague.com/premierleague/photos/players/110x140/p516234.png,https://fantasy.premierleague.com/dist/img/shirts/standard/shirt_516234.png
Reigan Heskey,Man City,MID,Bournemouth,Man City (A) vs Bournemouth,0.3845624675324674,4.5,0.0,0.0,0.0,0,0,0,0,0,0.0,0,0,3,False,,580921,Heskey,Reigan Heskey,https://images.weserv.nl/?url=resources.premierleague.com/premierleague/photos/players/250x250/p580921.png&w=250&h=250&fit=cover&a=attention,https://resources.premierleague.com/premierleague/photos/players/110x140/p580921.png,https://fantasy.premierleague.com/dist/img/shirts/standard/shirt_580921.png
Wellity Lucky,Liverpool,DEF,Aston Villa,Liverpool (A) vs Aston Villa,0.3845624675324674,4.0,0.0,0.0,0.0,0,0,0,0,0,0.0,0,0,3,False,,519440,Lucky,Wellity Lucky,https://images.weserv.nl/?url=resources.premierleague.com/premierleague/photos/players/250x250/p519440.png&w=250&h=250&fit=cover&a=attention,https://resources.premierleague.com/premierleague/photos/players/110x140/p519440.png,https://fantasy.premierleague.com/dist/img/shirts/standard/shirt_519440.png
Kieran Morrison,Liverpool,MID,Aston Villa,Liverpool (A) vs Aston Villa,0.3845624675324674,4.5,0.0,0.0,0.0,0,0,0,0,0,0.0,0,0,3,False,,596042,Morrison,Kieran Morrison,https://images.weserv.nl/?url=resources.premierleague.com/premierleague/photos/players/250x250/p596042.png&w=250&h=250&fit=cover&a=attention,https://resources.premierleague.com/premierleague/photos/players/110x140/p596042.png,https://fantasy.premierleague.com/dist/img/shirts/standard/shirt_596042.png
Tom Heaton,Man Utd,GKP,Nott'm Forest,Man Utd (H) vs Nott'm Forest,0.3845624675324674,3.8,0.0,0.0,0.0,0,0,0,0,0,0.0,0,0,3,True,,21205,Heaton,Tom Heaton,https://images.weserv.nl/?url=resources.premierleague.com/premierleague/photos/players/250x250/p21205.png&w=250&h=250&fit=cover&a=attention,https://resources.premierleague.com/premierleague/photos/players/110x140/p21205.png,https://fantasy.premierleague.com/dist/img/shirts/standard/shirt_21205.png
Josh Gracey,Wolves,GKP,Fulham,Wolves (H) vs Fulham,0.3845624675324674,4.0,0.0,0.0,0.0,0,0,0,0,0,0.0,0,0,3,True,,627888,Gracey,Josh Gracey,https://images.weserv.nl/?url=resources.premierleague.com/premierleague/photos/players/250x250/p627888.png&w=250&h=250&fit=cover&a=attention,https://resources.premierleague.com/premierleague/photos/players/110x140/p627888.png,https://fantasy.premierleague.com/dist/img/shirts/standard/shirt_627888.png
Coby Ebere,Everton,MID,Sunderland,Everton (H) vs Sunderland,0.3845624675324674,4.4,0.0,0.0,0.0,0,0,0,0,0,0.0,0,0,3,True,,504296,Ebere,Coby Ebere,https://images.weserv.nl/?url=resources.premierleague.com/premierleague/photos/players/250x250/p504296.png&w=250&h=250&fit=cover&a=attention,https://resources.premierleague.com/premierleague/photos/players/110x140/p504296.png,https://fantasy.premierleague.com/dist/img/shirts/standard/shirt_504296.png
Owen Bevan,Bournemouth,DEF,Man City,Bournemouth (H) vs Man City,0.3845624675324674,3.8,0.0,0.0,0.0,0,0,0,0,0,0.0,0,0,2,True,,518906,Bevan,Owen Bevan,https://images.weserv.nl/?url=resources.premierleague.com/premierleague/photos/players/250x250/p518906.png&w=250&h=250&fit=cover&a=attention,https://resources.premierleague.com/premierleague/photos/players/110x140/p518906.png,https://fantasy.premierleague.com/dist/img/shirts/standard/shirt_518906.png
Charlie Tasker,Brighton,DEF,Leeds,Brighton (A) vs Leeds,0.3845624675324674,3.8,0.0,0.0,0.0,0,0,0,0,0,0.0,0,0,3,False,,547720,Tasker,Charlie Tasker,https://images.weserv.nl/?url=resources.premierleague.com/premierleague/photos/players/250x250/p547720.png&w=250&h=250&fit=cover&a=attention,https://resources.premierleague.com/premierleague/photos/players/110x140/p547720.png,https://fantasy.premierleague.com/dist/img/shirts/standard/shirt_547720.png
Keiber Lamadrid,West Ham,MID,Newcastle,West Ham (A) vs Newcastle,0.3845624675324674,5.0,0.0,0.0,0.0,0,0,0,0,0,0.0,0,0,3,False,,572702,Lamadrid,Keiber Lamadrid,https://images.weserv.nl/?url=resources.premierleague.com/premierleague/photos/players/250x250/p572702.png&w=250&h=250&fit=cover&a=attention,https://resources.premierleague.com/premierleague/photos/players/110x140/p572702.png,https://fantasy.premierleague.com/dist/img/shirts/standard/shirt_572702.png
Airidas Golambeckis,West Ham,DEF,Newcastle,West Ham (A) vs Newcastle,0.3845624675324674,4.0,0.0,0.0,0.0,0,0,0,0,0,0.0,0,0,3,False,,643473,Golambeckis,Airidas Golambeckis,https://images.weserv.nl/?url=resources.premierleague.com/premierleague/photos/players/250x250/p643473.png&w=250&h=250&fit=cover&a=attention,https://resources.premierleague.com/premierleague/photos/players/110x140/p643473.png,https://fantasy.premierleague.com/dist/img/shirts/standard/shirt_643473.png
Brayden Clarke,Arsenal,DEF,Burnley,Arsenal (H) vs Burnley,0.3845624675324674,3.7,0.0,0.0,0.0,0,0,0,0,0,0.0,0,0,4,True,,563324,Clarke,Brayden Clarke,https://images.weserv.nl/?url=resources.premierleague.com/premierleague/photos/players/250x250/p563324.png&w=250&h=250&fit=cover&a=attention,https://resources.premierleague.com/premierleague/photos/players/110x140/p563324.png,https://fantasy.premierleague.com/dist/img/shirts/standard/shirt_563324.png
Freddie Simmonds,Brighton,DEF,Leeds,Brighton (A) vs Leeds,0.3845624675324674,4.0,0.0,0.0,0.0,0,0,0,0,0,0.0,0,0,3,False,,604988,Simmonds,Freddie Simmonds,https://images.weserv.nl/?url=resources.premierleague.com/premierleague/photos/players/250x250/p604988.png&w=250&h=250&fit=cover&a=attention,https://resources.premierleague.com/premierleague/photos/players/110x140/p604988.png,https://fantasy.premierleague.com/dist/img/shirts/standard/shirt_604988.png
Gabriel Słonina,Chelsea,GKP,Spurs,Chelsea (H) vs Spurs,0.3845624675324674,3.9,0.0,0.0,0.0,0,0,0,0,0,0.0,0,0,3,True,,471798,Slonina,Gabriel Słonina,https://images.weserv.nl/?url=resources.premierleague.com/premierleague/photos/players/250x250/p471798.png&w=250&h=250&fit=cover&a=attention,https://resources.premierleague.com/premierleague/photos/players/110x140/p471798.png,https://fantasy.premierleague.com/dist/img/shirts/standard/shirt_471798.png
James Wilson,Spurs,FWD,Chelsea,Spurs (A) vs Chelsea,0.3845624675324674,4.5,0.0,0.0,0.0,0,0,0,0,0,0.0,0,0,3,False,,613232,Wilson,James Wilson,https://images.weserv.nl/?url=resources.premierleague.com/premierleague/photos/players/250x250/p613232.png&w=250&h=250&fit=cover&a=attention,https://resources.premierleague.com/premierleague/photos/players/110x140/p613232.png,https://fantasy.premierleague.com/dist/img/shirts/standard/shirt_613232.png
Rio Kyerematen,Spurs,MID,Chelsea,Spurs (A) vs Chelsea,0.3845624675324674,4.5,0.0,0.0,0.0,0,0,0,0,0,0.0,0,0,3,False,,536134,Kyerematen,Rio Kyerematen,https://images.weserv.nl/?url=resources.premierleague.com/premierleague/photos/players/250x250/p536134.png&w=250&h=250&fit=cover&a=attention,https://resources.premierleague.com/premierleague/photos/players/110x140/p536134.png,https://fantasy.premierleague.com/dist/img/shirts/standard/shirt_536134.png
Lucá Williams-Barnett,Spurs,MID,Chelsea,Spurs (A) vs Chelsea,0.3845624675324674,4.5,0.0,0.0,0.0,0,0,0,0,0,0.0,0,0,3,False,,611917,Williams-Barnett,Lucá Williams-Barnett,https://images.weserv.nl/?url=resources.premierleague.com/premierleague/photos/players/250x250/p611917.png&w=250&h=250&fit=cover&a=attention,https://resources.premierleague.com/premierleague/photos/players/110x140/p611917.png,https://fantasy.premierleague.com/dist/img/shirts/standard/shirt_611917.png
Landon Emenalo,Chelsea,MID,Spurs,Chelsea (H) vs Spurs,0.3845624675324674,4.5,0.0,0.0,0.0,0,0,0,0,0,0.0,0,0,3,True,,611912,Emenalo,Landon Emenalo,https://images.weserv.nl/?url=resources.premierleague.com/premierleague/photos/players/250x250/p611912.png&w=250&h=250&fit=cover&a=attention,https://resources.premierleague.com/premierleague/photos/players/110x140/p611912.png,https://fantasy.premierleague.com/dist/img/shirts/standard/shirt_611912.png
Max Merrick,Chelsea,GKP,Spurs,Chelsea (H) vs Spurs,0.3845624675324674,4.0,0.0,0.0,0.0,0,0,0,0,0,0.0,0,0,3,True,,518335,Merrick,Max Merrick,https://images.weserv.nl/?url=resources.premierleague.com/premierleague/photos/players/250x250/p518335.png&w=250&h=250&fit=cover&a=attention,https://resources.premierleague.com/premierleague/photos/players/110x140/p518335.png,https://fantasy.premierleague.com/dist/img/shirts/standard/shirt_518335.png
Teddy Sharman-Lowe,Chelsea,GKP,Spurs,Chelsea (H) vs Spurs,0.3845624675324674,4.0,0.0,0.0,0.0,0,0,0,0,0,0.0,0,0,3,True,,499857,Sharman-Lowe,Teddy Sharman-Lowe,https://images.weserv.nl/?url=resources.premierleague.com/premierleague/photos/players/250x250/p499857.png&w=250&h=250&fit=cover&a=attention,https://resources.premierleague.com/premierleague/photos/players/110x140/p499857.png,https://fantasy.premierleague.com/dist/img/shirts/standard/shirt_499857.png
Mathis Eboué,Chelsea,MID,Spurs,Chelsea (H) vs Spurs,0.3845624675324674,4.5,0.0,0.0,0.0,0,0,0,0,0,0.0,0,0,3,True,,671606,Eboué,Mathis Eboué,https://images.weserv.nl/?url=resources.premierleague.com/premierleague/photos/players/250x250/p671606.png&w=250&h=250&fit=cover&a=attention,https://resources.premierleague.com/premierleague/photos/players/110x140/p671606.png,https://fantasy.premierleague.com/dist/img/shirts/standard/shirt_671606.png
Ryan Kavuma-McQueen,Chelsea,MID,Spurs,Chelsea (H) vs Spurs,0.3845624675324674,4.5,0.0,0.0,0.0,0,0,0,0,0,0.0,0,0,3,True,,616286,Kavuma-McQueen,Ryan Kavuma-McQueen,https://images.weserv.nl/?url=resources.premierleague.com/premierleague/photos/players/250x250/p616286.png&w=250&h=250&fit=cover&a=attention,https://resources.premierleague.com/premierleague/photos/players/110x140/p616286.png,https://fantasy.premierleague.com/dist/img/shirts/standard/shirt_616286.png
Sam Alabi,Newcastle,MID,West Ham,Newcastle (H) vs West Ham,0.3845624675324674,4.5,0.0,0.0,0.0,0,0,0,0,0,0.0,0,0,3,True,,666607,Alabi,Sam Alabi,https://images.weserv.nl/?url=resources.premierleague.com/premierleague/photos/players/250x250/p666607.png&w=250&h=250&fit=cover&a=attention,https://resources.premierleague.com/premierleague/photos/players/110x140/p666607.png,https://fantasy.premierleague.com/dist/img/shirts/standard/shirt_666607.png
Remi Matthews,Crystal Palace,GKP,Brentford,Crystal Palace (A) vs Brentford,0.3845624675324674,3.9,0.0,0.0,0.0,0,0,0,0,0,0.0,0,0,3,False,,169593,Matthews,Remi Matthews,https://images.weserv.nl/?url=resources.premierleague.com/premierleague/photos/players/250x250/p169593.png&w=250&h=250&fit=cover&a=attention,https://resources.premierleague.com/premierleague/photos/players/110x140/p169593.png,https://fantasy.premierleague.com/dist/img/shirts/standard/shirt_169593.png
Finlay Herrick,West Ham,GKP,Newcastle,West Ham (A) vs Newcastle,0.3845624675324674,4.0,0.0,0.0,0.0,0,0,0,0,0,0.0,0,0,3,False,,553742,Herrick,Finlay Herrick,https://images.weserv.nl/?url=resources.premierleague.com/premierleague/photos/players/250x250/p553742.png&w=250&h=250&fit=cover&a=attention,https://resources.premierleague.com/premierleague/photos/players/110x140/p553742.png,https://fantasy.premierleague.com/dist/img/shirts/standard/shirt_553742.png
Remy Rees-Dottin,Bournemouth,MID,Man City,Bournemouth (H) vs Man City,0.3845624675324674,4.3,0.0,0.0,0.0,0,0,0,0,0,0.0,0,0,2,True,,606774,Rees-Dottin,Remy Rees-Dottin,https://images.weserv.nl/?url=resources.premierleague.com/premierleague/photos/players/250x250/p606774.png&w=250&h=250&fit=cover&a=attention,https://resources.premierleague.com/premierleague/photos/players/110x140/p606774.png,https://fantasy.premierleague.com/dist/img/shirts/standard/shirt_606774.png
Jaydon Jones,Sunderland,MID,Everton,Sunderland (A) vs Everton,0.3845624675324674,4.5,0.0,0.0,0.0,0,0,0,0,0,0.0,0,0,3,False,,571087,Jones,Jaydon Jones,https://images.weserv.nl/?url=resources.premierleague.com/premierleague/photos/players/250x250/p571087.png&w=250&h=250&fit=cover&a=attention,https://resources.premierleague.com/premierleague/photos/players/110x140/p571087.png,https://fantasy.premierleague.com/dist/img/shirts/standard/shirt_571087.png
Tom McGill,Brighton,GKP,Leeds,Brighton (A) vs Leeds,0.3845624675324674,3.9,0.0,0.0,0.0,0,0,0,0,0,0.0,0,0,3,False,,209288,McGill,Tom McGill,https://images.weserv.nl/?url=resources.premierleague.com/premierleague/photos/players/250x250/p209288.png&w=250&h=250&fit=cover&a=attention,https://resources.premierleague.com/premierleague/photos/players/110x140/p209288.png,https://fantasy.premierleague.com/dist/img/shirts/standard/shirt_209288.png
Alfie Brooks,Wolves,GKP,Fulham,Wolves (H) vs Fulham,0.3845624675324674,4.0,0.0,0.0,0.0,0,0,0,0,0,0.0,0,0,3,True,,491460,Brooks,Alfie Brooks,https://images.weserv.nl/?url=resources.premierleague.com/premierleague/photos/players/250x250/p491460.png&w=250&h=250&fit=cover&a=attention,https://resources.premierleague.com/premierleague/photos/players/110x140/p491460.png,https://fantasy.premierleague.com/dist/img/shirts/standard/shirt_491460.png
Christos Mandas,Bournemouth,GKP,Man City,Bournemouth (H) vs Man City,0.3845624675324674,4.0,0.0,0.0,0.0,0,0,0,0,0,0.0,0,0,2,True,,436416,Mandas,Christos Mandas,https://images.weserv.nl/?url=resources.premierleague.com/premierleague/photos/players/250x250/p436416.png&w=250&h=250&fit=cover&a=attention,https://resources.premierleague.com/premierleague/photos/players/110x140/p436416.png,https://fantasy.premierleague.com/dist/img/shirts/standard/shirt_436416.png
Jerome Abbey,Wolves,MID,Fulham,Wolves (H) vs Fulham,0.3845624675324674,4.5,0.0,0.0,0.0,0,0,0,0,0,0.0,0,0,3,True,,685628,Abbey,Jerome Abbey,https://images.weserv.nl/?url=resources.premierleague.com/premierleague/photos/players/250x250/p685628.png&w=250&h=250&fit=cover&a=attention,https://resources.premierleague.com/premierleague/photos/players/110x140/p685628.png,https://fantasy.premierleague.com/dist/img/shirts/standard/shirt_685628.png
Ethan Sutherland,Wolves,MID,Fulham,Wolves (H) vs Fulham,0.3845624675324674,4.5,0.0,0.0,0.0,0,0,0,0,0,0.0,0,0,3,True,,589121,Sutherland,Ethan Sutherland,https://images.weserv.nl/?url=resources.premierleague.com/premierleague/photos/players/250x250/p589121.png&w=250&h=250&fit=cover&a=attention,https://resources.premierleague.com/premierleague/photos/players/110x140/p589121.png,https://fantasy.premierleague.com/dist/img/shirts/standard/shirt_589121.png
Saheed Olagunju,Wolves,DEF,Fulham,Wolves (H) vs Fulham,0.3845624675324674,4.0,0.0,0.0,0.0,0,0,0,0,0,0.0,0,0,3,True,,601956,Olagunju,Saheed Olagunju,https://images.weserv.nl/?url=resources.premierleague.com/premierleague/photos/players/250x250/p601956.png&w=250&h=250&fit=cover&a=attention,https://resources.premierleague.com/premierleague/photos/players/110x140/p601956.png,https://fantasy.premierleague.com/dist/img/shirts/standard/shirt_601956.png
Charlie Stevens,Bournemouth,MID,Man City,Bournemouth (H) vs Man City,0.3845624675324674,4.5,0.0,0.0,0.0,0,0,0,0,0,0.0,0,0,2,True,,658013,Stevens,Charlie Stevens,https://images.weserv.nl/?url=resources.premierleague.com/premierleague/photos/players/250x250/p658013.png&w=250&h=250&fit=cover&a=attention,https://resources.premierleague.com/premierleague/photos/players/110x140/p658013.png,https://fantasy.premierleague.com/dist/img/shirts/standard/shirt_658013.png
Fraser Forster,Bournemouth,GKP,Man City,Bournemouth (H) vs Man City,0.3845624675324674,4.0,0.0,0.0,0.0,0,0,0,0,0,0.0,0,0,2,True,,40383,Forster,Fraser Forster,https://images.weserv.nl/?url=resources.premierleague.com/premierleague/photos/players/250x250/p40383.png&w=250&h=250&fit=cover&a=attention,https://resources.premierleague.com/premierleague/photos/players/110x140/p40383.png,https://fantasy.premierleague.com/dist/img/shirts/standard/shirt_40383.png
Malcom DaCosta,Bournemouth,MID,Man City,Bournemouth (H) vs Man City,0.3845624675324674,4.5,0.0,0.0,0.0,0,0,0,0,0,0.0,0,0,2,True,,678552,DaCosta,Malcom DaCosta,https://images.weserv.nl/?url=resources.premierleague.com/premierleague/photos/players/250x250/p678552.png&w=250&h=250&fit=cover&a=attention,https://resources.premierleague.com/premierleague/photos/players/110x140/p678552.png,https://fantasy.premierleague.com/dist/img/shirts/standard/shirt_678552.png
Enso González Medina,Wolves,MID,Fulham,Wolves (H) vs Fulham,0.3845624675324674,4.3,0.0,0.0,0.0,0,0,0,0,0,0.0,0,0,3,True,,593001,Gonzalez,Enso González Medina,https://images.weserv.nl/?url=resources.premierleague.com/premierleague/photos/players/250x250/p593001.png&w=250&h=250&fit=cover&a=attention,https://resources.premierleague.com/premierleague/photos/players/110x140/p593001.png,https://fantasy.premierleague.com/dist/img/shirts/standard/shirt_593001.png
Luka Bentt,Brentford,MID,Crystal Palace,Brentford (H) vs Crystal Palace,0.3845624675324674,4.5,0.0,0.0,0.0,0,0,0,0,0,0.0,0,0,3,True,,559610,Bentt,Luka Bentt,https://images.weserv.nl/?url=resources.premierleague.com/premierleague/photos/players/250x250/p559610.png&w=250&h=250&fit=cover&a=attention,https://resources.premierleague.com/premierleague/photos/players/110x140/p559610.png,https://fantasy.premierleague.com/dist/img/shirts/standard/shirt_559610.png
Ollie Shield,Brentford,DEF,Crystal Palace,Brentford (H) vs Crystal Palace,0.3845624675324674,4.0,0.0,0.0,0.0,0,0,0,0,0,0.0,0,0,3,True,,494556,Shield,Ollie Shield,https://images.weserv.nl/?url=resources.premierleague.com/premierleague/photos/players/250x250/p494556.png&w=250&h=250&fit=cover&a=attention,https://resources.premierleague.com/premierleague/photos/players/110x140/p494556.png,https://fantasy.premierleague.com/dist/img/shirts/standard/shirt_494556.png
Joshua Stephenson,Brentford,DEF,Crystal Palace,Brentford (H) vs Crystal Palace,0.3845624675324674,4.0,0.0,0.0,0.0,0,0,0,0,0,0.0,0,0,3,True,,649240,Stephenson,Joshua Stephenson,https://images.weserv.nl/?url=resources.premierleague.com/premierleague/photos/players/250x250/p649240.png&w=250&h=250&fit=cover&a=attention,https://resources.premierleague.com/premierleague/photos/players/110x140/p649240.png,https://fantasy.premierleague.com/dist/img/shirts/standard/shirt_649240.png
Conor McManus,Brentford,DEF,Crystal Palace,Brentford (H) vs Crystal Palace,0.3845624675324674,4.0,0.0,0.0,0.0,0,0,0,0,0,0.0,0,0,3,True,,587433,McManus,Conor McManus,https://images.weserv.nl/?url=resources.premierleague.com/premierleague/photos/players/250x250/p587433.png&w=250&h=250&fit=cover&a=attention,https://resources.premierleague.com/premierleague/photos/players/110x140/p587433.png,https://fantasy.premierleague.com/dist/img/shirts/standard/shirt_587433.png
Riley Owen,Brentford,MID,Crystal Palace,Brentford (H) vs Crystal Palace,0.3845624675324674,4.5,0.0,0.0,0.0,0,0,0,0,0,0.0,0,0,3,True,,547671,Owen,Riley Owen,https://images.weserv.nl/?url=resources.premierleague.com/premierleague/photos/players/250x250/p547671.png&w=250&h=250&fit=cover&a=attention,https://resources.premierleague.com/premierleague/photos/players/110x140/p547671.png,https://fantasy.premierleague.com/dist/img/shirts/standard/shirt_547671.png
Jason Steele,Brighton,GKP,Leeds,Brighton (A) vs Leeds,0.3845624675324674,4.2,0.0,0.0,0.0,0,0,0,0,0,0.0,0,0,3,False,,49262,Steele,Jason Steele,https://images.weserv.nl/?url=resources.premierleague.com/premierleague/photos/players/250x250/p49262.png&w=250&h=250&fit=cover&a=attention,https://resources.premierleague.com/premierleague/photos/players/110x140/p49262.png,https://fantasy.premierleague.com/dist/img/shirts/standard/shirt_49262.png
Brandon Austin,Spurs,GKP,Chelsea,Spurs (A) vs Chelsea,0.3845624675324674,3.9,0.0,0.0,0.0,0,0,0,0,0,0.0,0,0,3,False,,214572,Austin,Brandon Austin,https://images.weserv.nl/?url=resources.premierleague.com/premierleague/photos/players/250x250/p214572.png&w=250&h=250&fit=cover&a=attention,https://resources.premierleague.com/premierleague/photos/players/110x140/p214572.png,https://fantasy.premierleague.com/dist/img/shirts/standard/shirt_214572.png
Jayce Fitzgerald,Man Utd,MID,Nott'm Forest,Man Utd (H) vs Nott'm Forest,0.3845624675324674,4.3,0.0,0.0,0.0,0,0,0,0,0,0.0,0,0,3,True,,556639,Fitzgerald,Jayce Fitzgerald,https://images.weserv.nl/?url=resources.premierleague.com/premierleague/photos/players/250x250/p556639.png&w=250&h=250&fit=cover&a=attention,https://resources.premierleague.com/premierleague/photos/players/110x140/p556639.png,https://fantasy.premierleague.com/dist/img/shirts/standard/shirt_556639.png
Zach Marsh,Crystal Palace,FWD,Brentford,Crystal Palace (A) vs Brentford,0.3845624675324674,4.4,0.0,0.0,0.0,0,0,0,0,0,0.0,0,0,3,False,,576980,Marsh,Zach Marsh,https://images.weserv.nl/?url=resources.premierleague.com/premierleague/photos/players/250x250/p576980.png&w=250&h=250&fit=cover&a=attention,https://resources.premierleague.com/premierleague/photos/players/110x140/p576980.png,https://fantasy.premierleague.com/dist/img/shirts/standard/shirt_576980.png
Harrison Jones,Sunderland,MID,Everton,Sunderland (A) vs Everton,0.3845624675324674,4.3,0.0,0.0,0.0,0,0,0,0,0,0.0,0,0,3,False,,547410,H.Jones,Harrison Jones,https://images.weserv.nl/?url=resources.premierleague.com/premierleague/photos/players/250x250/p547410.png&w=250&h=250&fit=cover&a=attention,https://resources.premierleague.com/premierleague/photos/players/110x140/p547410.png,https://fantasy.premierleague.com/dist/img/shirts/standard/shirt_547410.png
Calvin Ramsay,Liverpool,DEF,Aston Villa,Liverpool (A) vs Aston Villa,0.3845624675324674,3.7,0.0,0.0,0.0,0,0,0,0,0,0.0,0,0,3,False,,489580,Ramsay,Calvin Ramsay,https://images.weserv.nl/?url=resources.premierleague.com/premierleague/photos/players/250x250/p489580.png&w=250&h=250&fit=cover&a=attention,https://resources.premierleague.com/premierleague/photos/players/110x140/p489580.png,https://fantasy.premierleague.com/dist/img/shirts/standard/shirt_489580.png
Ármin Pécsi,Liverpool,GKP,Aston Villa,Liverpool (A) vs Aston Villa,0.3845624675324674,3.8,0.0,0.0,0.0,0,0,0,0,0,0.0,0,0,3,False,,586268,Pécsi,Ármin Pécsi,https://images.weserv.nl/?url=resources.premierleague.com/premierleague/photos/players/250x250/p586268.png&w=250&h=250&fit=cover&a=attention,https://resources.premierleague.com/premierleague/photos/players/110x140/p586268.png,https://fantasy.premierleague.com/dist/img/shirts/standard/shirt_586268.png
Rhys Chadwick,Leeds,MID,Brighton,Leeds (H) vs Brighton,0.3845624675324674,4.5,0.0,0.0,0.0,0,0,0,0,0,0.0,0,0,2,True,,577978,Chadwick,Rhys Chadwick,https://images.weserv.nl/?url=resources.premierleague.com/premierleague/photos/players/250x250/p577978.png&w=250&h=250&fit=cover&a=attention,https://resources.premierleague.com/premierleague/photos/players/110x140/p577978.png,https://fantasy.premierleague.com/dist/img/shirts/standard/shirt_577978.png
Jayden Lienou,Leeds,DEF,Brighton,Leeds (H) vs Brighton,0.3845624675324674,4.0,0.0,0.0,0.0,0,0,0,0,0,0.0,0,0,2,True,,643970,Lienou,Jayden Lienou,https://images.weserv.nl/?url=resources.premierleague.com/premierleague/photos/players/250x250/p643970.png&w=250&h=250&fit=cover&a=attention,https://resources.premierleague.com/premierleague/photos/players/110x140/p643970.png,https://fantasy.premierleague.com/dist/img/shirts/standard/shirt_643970.png
Sam Chambers,Leeds,MID,Brighton,Leeds (H) vs Brighton,0.3845624675324674,4.4,0.0,0.0,0.0,0,0,0,0,0,0.0,0,0,2,True,,565863,Chambers,Sam Chambers,https://images.weserv.nl/?url=resources.premierleague.com/premierleague/photos/players/250x250/p565863.png&w=250&h=250&fit=cover&a=attention,https://resources.premierleague.com/premierleague/photos/players/110x140/p565863.png,https://fantasy.premierleague.com/dist/img/shirts/standard/shirt_565863.png
Enock Agyei,Burnley,MID,Arsenal,Burnley (A) vs Arsenal,0.3845624675324674,4.7,0.0,0.0,0.0,0,0,0,0,0,0.0,0,0,1,False,,578614,Boateng,Enock Agyei,https://images.weserv.nl/?url=resources.premierleague.com/premierleague/photos/players/250x250/p578614.png&w=250&h=250&fit=cover&a=attention,https://resources.premierleague.com/premierleague/photos/players/110x140/p578614.png,https://fantasy.premierleague.com/dist/img/shirts/standard/shirt_578614.png
Archie Whitehall,Nott'm Forest,MID,Man Utd,Nott'm Forest (A) vs Man Utd,0.3845624675324674,4.5,0.0,0.0,0.0,0,0,0,0,0,0.0,0,0,2,False,,568159,Whitehall,Archie Whitehall,https://images.weserv.nl/?url=resources.premierleague.com/premierleague/photos/players/250x250/p568159.png&w=250&h=250&fit=cover&a=attention,https://resources.premierleague.com/premierleague/photos/players/110x140/p568159.png,https://fantasy.premierleague.com/dist/img/shirts/standard/shirt_568159.png
Jimmy Sinclair,Nott'm Forest,MID,Man Utd,Nott'm Forest (A) vs Man Utd,0.3845624675324674,4.5,0.0,0.0,0.0,0,0,0,0,0,0.0,0,0,2,False,,590040,Sinclair,Jimmy Sinclair,https://images.weserv.nl/?url=resources.premierleague.com/premierleague/photos/players/250x250/p590040.png&w=250&h=250&fit=cover&a=attention,https://resources.premierleague.com/premierleague/photos/players/110x140/p590040.png,https://fantasy.premierleague.com/dist/img/shirts/standard/shirt_590040.png
Kepa Arrizabalaga Revuelta,Arsenal,GKP,Burnley,Arsenal (H) vs Burnley,0.3845624675324674,4.0,0.0,0.0,0.0,0,0,0,0,0,0.0,0,0,4,True,,109745,Arrizabalaga,Kepa Arrizabalaga Revuelta,https://images.weserv.nl/?url=resources.premierleague.com/premierleague/photos/players/250x250/p109745.png&w=250&h=250&fit=cover&a=attention,https://resources.premierleague.com/premierleague/photos/players/110x140/p109745.png,https://fantasy.premierleague.com/dist/img/shirts/standard/shirt_109745.png
Illan Meslier,Leeds,GKP,Brighton,Leeds (H) vs Brighton,0.3845624675324674,4.1,0.0,0.0,0.0,0,0,0,0,0,0.0,0,0,2,True,,437495,Meslier,Illan Meslier,https://images.weserv.nl/?url=resources.premierleague.com/premierleague/photos/players/250x250/p437495.png&w=250&h=250&fit=cover&a=attention,https://resources.premierleague.com/premierleague/photos/players/110x140/p437495.png,https://fantasy.premierleague.com/dist/img/shirts/standard/shirt_437495.png
Alfie McNally,Fulham,GKP,Wolves,Fulham (A) vs Wolves,0.3845624675324674,4.0,0.0,0.0,0.0,0,0,0,0,0,0.0,0,0,4,False,,505079,McNally,Alfie McNally,https://images.weserv.nl/?url=resources.premierleague.com/premierleague/photos/players/250x250/p505079.png&w=250&h=250&fit=cover&a=attention,https://resources.premierleague.com/premierleague/photos/players/110x140/p505079.png,https://fantasy.premierleague.com/dist/img/shirts/standard/shirt_505079.png
Kian McMahon-Brown,Burnley,MID,Arsenal,Burnley (A) vs Arsenal,0.3845624675324674,4.5,0.0,0.0,0.0,0,0,0,0,0,0.0,0,0,1,False,,644593,McMahon-Brown,Kian McMahon-Brown,https://images.weserv.nl/?url=resources.premierleague.com/premierleague/photos/players/250x250/p644593.png&w=250&h=250&fit=cover&a=attention,https://resources.premierleague.com/premierleague/photos/players/110x140/p644593.png,https://fantasy.premierleague.com/dist/img/shirts/standard/shirt_644593.png
Ian Poveda-Ocampo,Sunderland,MID,Everton,Sunderland (A) vs Everton,0.3845624675324674,4.7,0.0,0.0,0.0,0,0,0,0,0,0.0,0,0,3,False,,215460,Poveda,Ian Poveda-Ocampo,https://images.weserv.nl/?url=resources.premierleague.com/premierleague/photos/players/250x250/p215460.png&w=250&h=250&fit=cover&a=attention,https://resources.premierleague.com/premierleague/photos/players/110x140/p215460.png,https://fantasy.premierleague.com/dist/img/shirts/standard/shirt_215460.png
Marli Salmon,Arsenal,DEF,Burnley,Arsenal (H) vs Burnley,0.3845624675324674,4.0,0.0,0.0,0.0,0,0,0,0,0,0.0,0,0,4,True,,616065,Salmon,Marli Salmon,https://images.weserv.nl/?url=resources.premierleague.com/premierleague/photos/players/250x250/p616065.png&w=250&h=250&fit=cover&a=attention,https://resources.premierleague.com/premierleague/photos/players/110x140/p616065.png,https://fantasy.premierleague.com/dist/img/shirts/standard/shirt_616065.png
Seth Ridgeon,Fulham,MID,Wolves,Fulham (A) vs Wolves,0.3845624675324674,4.5,0.0,0.0,0.0,0,0,0,0,0,0.0,0,0,4,False,,619536,Ridgeon,Seth Ridgeon,https://images.weserv.nl/?url=resources.premierleague.com/premierleague/photos/players/250x250/p619536.png&w=250&h=250&fit=cover&a=attention,https://resources.premierleague.com/premierleague/photos/players/110x140/p619536.png,https://fantasy.premierleague.com/dist/img/shirts/standard/shirt_619536.png
Callum Bates,Everton,MID,Sunderland,Everton (H) vs Sunderland,0.3845624675324674,4.3,0.0,0.0,0.0,0,0,0,0,0,0.0,0,0,3,True,,547801,Bates,Callum Bates,https://images.weserv.nl/?url=resources.premierleague.com/premierleague/photos/players/250x250/p547801.png&w=250&h=250&fit=cover&a=attention,https://resources.premierleague.com/premierleague/photos/players/110x140/p547801.png,https://fantasy.premierleague.com/dist/img/shirts/standard/shirt_547801.png
Oliver Pimlott,Burnley,MID,Arsenal,Burnley (A) vs Arsenal,0.3845624675324674,4.5,0.0,0.0,0.0,0,0,0,0,0,0.0,0,0,1,False,,647960,Pimlott,Oliver Pimlott,https://images.weserv.nl/?url=resources.premierleague.com/premierleague/photos/players/250x250/p647960.png&w=250&h=250&fit=cover&a=attention,https://resources.premierleague.com/premierleague/photos/players/110x140/p647960.png,https://fantasy.premierleague.com/dist/img/shirts/standard/shirt_647960.png
Dean Benamar,Crystal Palace,DEF,Brentford,Crystal Palace (A) vs Brentford,0.3845624675324674,4.0,0.0,0.0,0.0,0,0,0,0,0,0.0,0,0,3,False,,643426,Benamar,Dean Benamar,https://images.weserv.nl/?url=resources.premierleague.com/premierleague/photos/players/250x250/p643426.png&w=250&h=250&fit=cover&a=attention,https://resources.premierleague.com/premierleague/photos/players/110x140/p643426.png,https://fantasy.premierleague.com/dist/img/shirts/standard/shirt_643426.png
Braiden Graham,Everton,FWD,Sunderland,Everton (H) vs Sunderland,0.3845624675324674,4.5,0.0,0.0,0.0,0,0,0,0,0,0.0,0,0,3,True,,629068,Graham,Braiden Graham,https://images.weserv.nl/?url=resources.premierleague.com/premierleague/photos/players/250x250/p629068.png&w=250&h=250&fit=cover&a=attention,https://resources.premierleague.com/premierleague/photos/players/110x140/p629068.png,https://fantasy.premierleague.com/dist/img/shirts/standard/shirt_629068.png
George King,Crystal Palace,DEF,Brentford,Crystal Palace (A) vs Brentford,0.3845624675324674,4.0,0.0,0.0,0.0,0,0,0,0,0,0.0,0,0,3,False,,591384,King,George King,https://images.weserv.nl/?url=resources.premierleague.com/premierleague/photos/players/250x250/p591384.png&w=250&h=250&fit=cover&a=attention,https://resources.premierleague.com/premierleague/photos/players/110x140/p591384.png,https://fantasy.premierleague.com/dist/img/shirts/standard/shirt_591384.png
Jack Whittaker,Sunderland,MID,Everton,Sunderland (A) vs Everton,0.3845624675324674,4.5,0.0,0.0,0.0,0,0,0,0,0,0.0,0,0,3,False,,570929,Whittaker,Jack Whittaker,https://images.weserv.nl/?url=resources.premierleague.com/premierleague/photos/players/250x250/p570929.png&w=250&h=250&fit=cover&a=attention,https://resources.premierleague.com/premierleague/photos/players/110x140/p570929.png,https://fantasy.premierleague.com/dist/img/shirts/standard/shirt_570929.png
Andre Harriman-Annous,Arsenal,MID,Burnley,Arsenal (H) vs Burnley,0.3845624675324674,4.4,0.0,0.0,0.0,0,0,0,0,0,0.0,0,0,4,True,,646243,Harriman-Annous,Andre Harriman-Annous,https://images.weserv.nl/?url=resources.premierleague.com/premierleague/photos/players/250x250/p646243.png&w=250&h=250&fit=cover&a=attention,https://resources.premierleague.com/premierleague/photos/players/110x140/p646243.png,https://fantasy.premierleague.com/dist/img/shirts/standard/shirt_646243.png
George Brierley,Burnley,MID,Arsenal,Burnley (A) vs Arsenal,0.3845624675324674,4.5,0.0,0.0,0.0,0,0,0,0,0,0.0,0,0,1,False,,704232,Brierley,George Brierley,https://images.weserv.nl/?url=resources.premierleague.com/premierleague/photos/players/250x250/p704232.png&w=250&h=250&fit=cover&a=attention,https://resources.premierleague.com/premierleague/photos/players/110x140/p704232.png,https://fantasy.premierleague.com/dist/img/shirts/standard/shirt_704232.png
Tom King,Everton,GKP,Sunderland,Everton (H) vs Sunderland,0.3845624675324674,3.9,0.0,0.0,0.0,0,0,0,0,0,0.0,0,0,3,True,,138001,King,Tom King,https://images.weserv.nl/?url=resources.premierleague.com/premierleague/photos/players/250x250/p138001.png&w=250&h=250&fit=cover&a=attention,https://resources.premierleague.com/premierleague/photos/players/110x140/p138001.png,https://fantasy.premierleague.com/dist/img/shirts/standard/shirt_138001.png
Ben Casey,Crystal Palace,FWD,Brentford,Crystal Palace (A) vs Brentford,0.3845624675324674,4.5,0.0,0.0,0.0,0,0,0,0,0,0.0,0,0,3,False,,631106,Casey,Ben Casey,https://images.weserv.nl/?url=resources.premierleague.com/premierleague/photos/players/250x250/p631106.png&w=250&h=250&fit=cover&a=attention,https://resources.premierleague.com/premierleague/photos/players/110x140/p631106.png,https://fantasy.premierleague.com/dist/img/shirts/standard/shirt_631106.png
Jenson Jones,Sunderland,DEF,Everton,Sunderland (A) vs Everton,0.3845624675324674,4.0,0.0,0.0,0.0,0,0,0,0,0,0.0,0,0,3,False,,232356,Jenson Jones,Jenson Jones,https://images.weserv.nl/?url=resources.premierleague.com/premierleague/photos/players/250x250/p232356.png&w=250&h=250&fit=cover&a=attention,https://resources.premierleague.com/premierleague/photos/players/110x140/p232356.png,https://fantasy.premierleague.com/dist/img/shirts/standard/shirt_232356.png
Luke Rawlings,Wolves,MID,Fulham,Wolves (H) vs Fulham,0.38346246753246743,4.5,0.0,0.0,0.0,0,0,0,0,0,0.0,0,0,3,True,,605319,Rawlings,Luke Rawlings,https://images.weserv.nl/?url=resources.premierleague.com/premierleague/photos/players/250x250/p605319.png&w=250&h=250&fit=cover&a=attention,https://resources.premierleague.com/premierleague/photos/players/110x140/p605319.png,https://fantasy.premierleague.com/dist/img/shirts/standard/shirt_605319.png
Reece Welch,Everton,DEF,Sunderland,Everton (H) vs Sunderland,0.38346246753246743,3.8,0.0,0.0,0.0,0,0,0,0,0,0.0,0,0,3,True,,474907,Welch,Reece Welch,https://images.weserv.nl/?url=resources.premierleague.com/premierleague/photos/players/250x250/p474907.png&w=250&h=250&fit=cover&a=attention,https://resources.premierleague.com/premierleague/photos/players/110x140/p474907.png,https://fantasy.premierleague.com/dist/img/shirts/standard/shirt_474907.png
Facundo Buonanotte,Leeds,MID,Brighton,Leeds (H) vs Brighton,0.38273746753246746,4.6,0.7,0.0,0.0024000000000000002,69,0,0,1,0,0.0,2,0,2,True,100.0,536916,Buonanotte,Facundo Buonanotte,https://images.weserv.nl/?url=resources.premierleague.com/premierleague/photos/players/250x250/p536916.png&w=250&h=250&fit=cover&a=attention,https://resources.premierleague.com/premierleague/photos/players/110x140/p536916.png,https://fantasy.premierleague.com/dist/img/shirts/standard/shirt_536916.png
Amara Nallo,Liverpool,DEF,Aston Villa,Liverpool (A) vs Aston Villa,0.38202246753246744,3.7,0.0,0.0,0.0,0,0,0,0,0,0.0,0,0,3,False,100.0,611926,Nallo,Amara Nallo,https://images.weserv.nl/?url=resources.premierleague.com/premierleague/photos/players/250x250/p611926.png&w=250&h=250&fit=cover&a=attention,https://resources.premierleague.com/premierleague/photos/players/110x140/p611926.png,https://fantasy.premierleague.com/dist/img/shirts/standard/shirt_611926.png
Marcus Bettinelli,Man City,GKP,Bournemouth,Man City (A) vs Bournemouth,0.38202246753246744,3.8,0.0,0.0,0.0,0,0,0,0,0,0.0,0,0,3,False,100.0,122074,Bettinelli,Marcus Bettinelli,https://images.weserv.nl/?url=resources.premierleague.com/premierleague/photos/players/250x250/p122074.png&w=250&h=250&fit=cover&a=attention,https://resources.premierleague.com/premierleague/photos/players/110x140/p122074.png,https://fantasy.premierleague.com/dist/img/shirts/standard/shirt_122074.png
Leon Chiwome,Wolves,FWD,Fulham,Wolves (H) vs Fulham,0.38202246753246744,4.4,0.0,0.0,0.0,0,0,0,0,0,0.0,0,0,3,True,100.0,589507,Chiwome,Leon Chiwome,https://images.weserv.nl/?url=resources.premierleague.com/premierleague/photos/players/250x250/p589507.png&w=250&h=250&fit=cover&a=attention,https://resources.premierleague.com/premierleague/photos/players/110x140/p589507.png,https://fantasy.premierleague.com/dist/img/shirts/standard/shirt_589507.png
Chido Obi,Man Utd,FWD,Nott'm Forest,Man Utd (H) vs Nott'm Forest,0.38076246753246745,4.2,0.0,0.0,0.0,0,0,0,0,0,0.0,0,0,3,True,,596047,Obi,Chido Obi,https://images.weserv.nl/?url=resources.premierleague.com/premierleague/photos/players/250x250/p596047.png&w=250&h=250&fit=cover&a=attention,https://resources.premierleague.com/premierleague/photos/players/110x140/p596047.png,https://fantasy.premierleague.com/dist/img/shirts/standard/shirt_596047.png
Seung-Soo Park,Newcastle,MID,West Ham,Newcastle (H) vs West Ham,0.38076246753246745,4.3,0.0,0.0,0.0,0,0,0,0,0,0.0,0,0,3,True,,623110,Seung soo,Seung-Soo Park,https://images.weserv.nl/?url=resources.premierleague.com/premierleague/photos/players/250x250/p623110.png&w=250&h=250&fit=cover&a=attention,https://resources.premierleague.com/premierleague/photos/players/110x140/p623110.png,https://fantasy.premierleague.com/dist/img/shirts/standard/shirt_623110.png
Abdoullah Ba,Sunderland,MID,Everton,Sunderland (A) vs Everton,0.38076246753246745,4.3,0.0,0.0,0.0,0,0,0,0,0,0.0,0,0,3,False,,477851,Ba,Abdoullah Ba,https://images.weserv.nl/?url=resources.premierleague.com/premierleague/photos/players/250x250/p477851.png&w=250&h=250&fit=cover&a=attention,https://resources.premierleague.com/premierleague/photos/players/110x140/p477851.png,https://fantasy.premierleague.com/dist/img/shirts/standard/shirt_477851.png
Nathan Fraser,Wolves,FWD,Fulham,Wolves (H) vs Fulham,0.38076246753246745,4.2,0.0,0.0,0.0,0,0,0,0,0,0.0,0,0,3,True,,531363,Fraser,Nathan Fraser,https://images.weserv.nl/?url=resources.premierleague.com/premierleague/photos/players/250x250/p531363.png&w=250&h=250&fit=cover&a=attention,https://resources.premierleague.com/premierleague/photos/players/110x140/p531363.png,https://fantasy.premierleague.com/dist/img/shirts/standard/shirt_531363.png
Ahmed Abdullahi,Sunderland,FWD,Everton,Sunderland (A) vs Everton,0.38076246753246745,4.2,0.0,0.0,0.0,0,0,0,0,0,0.0,0,0,3,False,,611975,Abdullahi,Ahmed Abdullahi,https://images.weserv.nl/?url=resources.premierleague.com/premierleague/photos/players/250x250/p611975.png&w=250&h=250&fit=cover&a=attention,https://resources.premierleague.com/premierleague/photos/players/110x140/p611975.png,https://fantasy.premierleague.com/dist/img/shirts/standard/shirt_611975.png
Josh Nichols,Arsenal,DEF,Burnley,Arsenal (H) vs Burnley,0.38076246753246745,3.7,0.0,0.0,0.0,0,0,0,0,0,0.0,0,0,4,True,,499167,Nichols,Josh Nichols,https://images.weserv.nl/?url=resources.premierleague.com/premierleague/photos/players/250x250/p499167.png&w=250&h=250&fit=cover&a=attention,https://resources.premierleague.com/premierleague/photos/players/110x140/p499167.png,https://fantasy.premierleague.com/dist/img/shirts/standard/shirt_499167.png
Tommy Setford,Arsenal,GKP,Burnley,Arsenal (H) vs Burnley,0.38076246753246745,3.9,0.0,0.0,0.0,0,0,0,0,0,0.0,0,0,4,True,,551221,Setford,Tommy Setford,https://images.weserv.nl/?url=resources.premierleague.com/premierleague/photos/players/250x250/p551221.png&w=250&h=250&fit=cover&a=attention,https://resources.premierleague.com/premierleague/photos/players/110x140/p551221.png,https://fantasy.premierleague.com/dist/img/shirts/standard/shirt_551221.png
Leo Shahar,Newcastle,DEF,West Ham,Newcastle (H) vs West Ham,0.38076246753246745,4.0,0.0,0.0,0.0,0,0,0,0,0,0.0,0,0,3,True,,553746,Shahar,Leo Shahar,https://images.weserv.nl/?url=resources.premierleague.com/premierleague/photos/players/250x250/p553746.png&w=250&h=250&fit=cover&a=attention,https://resources.premierleague.com/premierleague/photos/players/110x140/p553746.png,https://fantasy.premierleague.com/dist/img/shirts/standard/shirt_553746.png
Julian Eyestone,Brentford,GKP,Crystal Palace,Brentford (H) vs Crystal Palace,0.38076246753246745,3.9,0.0,0.0,0.0,0,0,0,0,0,0.0,0,0,3,True,,535017,Eyestone,Julian Eyestone,https://images.weserv.nl/?url=resources.premierleague.com/premierleague/photos/players/250x250/p535017.png&w=250&h=250&fit=cover&a=attention,https://resources.premierleague.com/premierleague/photos/players/110x140/p535017.png,https://fantasy.premierleague.com/dist/img/shirts/standard/shirt_535017.png
Callan McKenna,Bournemouth,GKP,Man City,Bournemouth (H) vs Man City,0.38076246753246745,3.9,0.0,0.0,0.0,0,0,0,0,0,0.0,0,0,2,True,,568791,McKenna,Callan McKenna,https://images.weserv.nl/?url=resources.premierleague.com/premierleague/photos/players/250x250/p568791.png&w=250&h=250&fit=cover&a=attention,https://resources.premierleague.com/premierleague/photos/players/110x140/p568791.png,https://fantasy.premierleague.com/dist/img/shirts/standard/shirt_568791.png
Benjamin Lecomte,Fulham,GKP,Wolves,Fulham (A) vs Wolves,0.38076246753246745,3.9,0.0,0.0,0.0,0,0,0,0,0,0.0,0,0,4,False,,86873,Lecomte,Benjamin Lecomte,https://images.weserv.nl/?url=resources.premierleague.com/premierleague/photos/players/250x250/p86873.png&w=250&h=250&fit=cover&a=attention,https://resources.premierleague.com/premierleague/photos/players/110x140/p86873.png,https://fantasy.premierleague.com/dist/img/shirts/standard/shirt_86873.png
Alex Cairns,Leeds,GKP,Brighton,Leeds (H) vs Brighton,0.38076246753246745,3.9,0.0,0.0,0.0,0,0,0,0,0,0.0,0,0,2,True,,97846,Cairns,Alex Cairns,https://images.weserv.nl/?url=resources.premierleague.com/premierleague/photos/players/250x250/p97846.png&w=250&h=250&fit=cover&a=attention,https://resources.premierleague.com/premierleague/photos/players/110x140/p97846.png,https://fantasy.premierleague.com/dist/img/shirts/standard/shirt_97846.png
Sam Proctor,Aston Villa,GKP,Liverpool,Aston Villa (H) vs Liverpool,0.38076246753246745,3.9,0.0,0.0,0.0,0,0,0,0,0,0.0,0,0,2,True,,564505,Proctor,Sam Proctor,https://images.weserv.nl/?url=resources.premierleague.com/premierleague/photos/players/250x250/p564505.png&w=250&h=250&fit=cover&a=attention,https://resources.premierleague.com/premierleague/photos/players/110x140/p564505.png,https://fantasy.premierleague.com/dist/img/shirts/standard/shirt_564505.png
Asher Agbinone,Crystal Palace,MID,Brentford,Crystal Palace (A) vs Brentford,0.38076246753246745,4.3,0.0,0.0,0.0,0,0,0,0,0,0.0,0,0,3,False,,579075,Agbinone,Asher Agbinone,https://images.weserv.nl/?url=resources.premierleague.com/premierleague/photos/players/250x250/p579075.png&w=250&h=250&fit=cover&a=attention,https://resources.premierleague.com/premierleague/photos/players/110x140/p579075.png,https://fantasy.premierleague.com/dist/img/shirts/standard/shirt_579075.png
Rhys Williams,Liverpool,DEF,Aston Villa,Liverpool (A) vs Aston Villa,0.38076246753246745,3.7,0.0,0.0,0.0,0,0,0,0,0,0.0,0,0,3,False,,219937,R.Williams,Rhys Williams,https://images.weserv.nl/?url=resources.premierleague.com/premierleague/photos/players/250x250/p219937.png&w=250&h=250&fit=cover&a=attention,https://resources.premierleague.com/premierleague/photos/players/110x140/p219937.png,https://fantasy.premierleague.com/dist/img/shirts/standard/shirt_219937.png
Václav Hladký,Burnley,GKP,Arsenal,Burnley (A) vs Arsenal,0.38076246753246745,3.9,0.0,0.0,0.0,0,0,0,0,0,0.0,0,0,1,False,,51943,Hladký,Václav Hladký,https://images.weserv.nl/?url=resources.premierleague.com/premierleague/photos/players/250x250/p51943.png&w=250&h=250&fit=cover&a=attention,https://resources.premierleague.com/premierleague/photos/players/110x140/p51943.png,https://fantasy.premierleague.com/dist/img/shirts/standard/shirt_51943.png
Ellery Balcombe,Brentford,GKP,Crystal Palace,Brentford (H) vs Crystal Palace,0.38076246753246745,3.9,0.0,0.0,0.0,0,0,0,0,0,0.0,0,0,3,True,,235448,Balcombe,Ellery Balcombe,https://images.weserv.nl/?url=resources.premierleague.com/premierleague/photos/players/250x250/p235448.png&w=250&h=250&fit=cover&a=attention,https://resources.premierleague.com/premierleague/photos/players/110x140/p235448.png,https://fantasy.premierleague.com/dist/img/shirts/standard/shirt_235448.png
Samuel Amissah,Fulham,DEF,Wolves,Fulham (A) vs Wolves,0.38076246753246745,3.8,0.0,0.0,0.0,0,0,0,0,0,0.0,0,0,4,False,,591385,Amissah,Samuel Amissah,https://images.weserv.nl/?url=resources.premierleague.com/premierleague/photos/players/250x250/p591385.png&w=250&h=250&fit=cover&a=attention,https://resources.premierleague.com/premierleague/photos/players/110x140/p591385.png,https://fantasy.premierleague.com/dist/img/shirts/standard/shirt_591385.png
Dane Scarlett,Spurs,FWD,Chelsea,Spurs (A) vs Chelsea,0.0,4.3,1.0,0.0,0.0,7,0,0,0,0,0.0,2,0,3,False,0.0,490145,Scarlett,Dane Scarlett,https://images.weserv.nl/?url=resources.premierleague.com/premierleague/photos/players/250x250/p490145.png&w=250&h=250&fit=cover&a=attention,https://resources.premierleague.com/premierleague/photos/players/110x140/p490145.png,https://fantasy.premierleague.com/dist/img/shirts/standard/shirt_490145.png
Fábio Ferreira Vieira,Arsenal,MID,Burnley,Arsenal (H) vs Burnley,0.0,5.4,0.0,0.0,0.0,0,0,0,0,0,0.0,0,0,4,True,0.0,438098,Fábio Vieira,Fábio Ferreira Vieira,https://images.weserv.nl/?url=resources.premierleague.com/premierleague/photos/players/250x250/p438098.png&w=250&h=250&fit=cover&a=attention,https://resources.premierleague.com/premierleague/photos/players/110x140/p438098.png,https://fantasy.premierleague.com/dist/img/shirts/standard/shirt_438098.png
Xavi Simons,Spurs,MID,Chelsea,Spurs (A) vs Chelsea,0.0,6.4,2.9,3.0,0.18359999999999999,1747,5,2,5,1,0.0,80,4,3,False,0.0,493362,Xavi,Xavi Simons,https://images.weserv.nl/?url=resources.premierleague.com/premierleague/photos/players/250x250/p493362.png&w=250&h=250&fit=cover&a=attention,https://resources.premierleague.com/premierleague/photos/players/110x140/p493362.png,https://fantasy.premierleague.com/dist/img/shirts/standard/shirt_493362.png
Kendry Páez Andrade,Chelsea,MID,Spurs,Chelsea (H) vs Spurs,0.0,4.5,0.0,0.0,0.0,0,0,0,0,0,0.0,0,0,3,True,0.0,611134,Paez,Kendry Páez Andrade,https://images.weserv.nl/?url=resources.premierleague.com/premierleague/photos/players/250x250/p611134.png&w=250&h=250&fit=cover&a=attention,https://resources.premierleague.com/premierleague/photos/players/110x140/p611134.png,https://fantasy.premierleague.com/dist/img/shirts/standard/shirt_611134.png
Illia Zabarnyi,Bournemouth,DEF,Man City,Bournemouth (H) vs Man City,0.0,5.0,0.0,0.0,0.0,0,0,0,0,0,0.0,0,0,2,True,0.0,477580,Zabarnyi,Illia Zabarnyi,https://images.weserv.nl/?url=resources.premierleague.com/premierleague/photos/players/250x250/p477580.png&w=250&h=250&fit=cover&a=attention,https://resources.premierleague.com/premierleague/photos/players/110x140/p477580.png,https://fantasy.premierleague.com/dist/img/shirts/standard/shirt_477580.png
Julián Araujo Zúñiga,Bournemouth,DEF,Man City,Bournemouth (H) vs Man City,0.0,3.8,0.0,0.0,0.0,0,0,0,0,0,0.0,0,0,2,True,0.0,436893,J.Araujo,Julián Araujo Zúñiga,https://images.weserv.nl/?url=resources.premierleague.com/premierleague/photos/players/250x250/p436893.png&w=250&h=250&fit=cover&a=attention,https://resources.premierleague.com/premierleague/photos/players/110x140/p436893.png,https://fantasy.premierleague.com/dist/img/shirts/standard/shirt_436893.png
Jesse Derry,Chelsea,MID,Spurs,Chelsea (H) vs Spurs,0.0,4.5,1.0,0.2,0.006,45,0,0,0,0,0.0,1,0,3,True,0.0,619734,Derry,Jesse Derry,https://images.weserv.nl/?url=resources.premierleague.com/premierleague/photos/players/250x250/p619734.png&w=250&h=250&fit=cover&a=attention,https://resources.premierleague.com/premierleague/photos/players/110x140/p619734.png,https://fantasy.premierleague.com/dist/img/shirts/standard/shirt_619734.png
Will Lankshear,Spurs,FWD,Chelsea,Spurs (A) vs Chelsea,0.0,4.5,0.0,0.0,0.0,0,0,0,0,0,0.0,0,0,3,False,0.0,552427,Lankshear,Will Lankshear,https://images.weserv.nl/?url=resources.premierleague.com/premierleague/photos/players/250x250/p552427.png&w=250&h=250&fit=cover&a=attention,https://resources.premierleague.com/premierleague/photos/players/110x140/p552427.png,https://fantasy.premierleague.com/dist/img/shirts/standard/shirt_552427.png
Yusuf Akhamrich,Spurs,MID,Chelsea,Spurs (A) vs Chelsea,0.0,4.5,0.0,0.0,0.0,0,0,0,0,0,0.0,0,0,3,False,0.0,590035,Akhamrich,Yusuf Akhamrich,https://images.weserv.nl/?url=resources.premierleague.com/premierleague/photos/players/250x250/p590035.png&w=250&h=250&fit=cover&a=attention,https://resources.premierleague.com/premierleague/photos/players/110x140/p590035.png,https://fantasy.premierleague.com/dist/img/shirts/standard/shirt_590035.png
Nicolas Jackson,Chelsea,FWD,Spurs,Chelsea (H) vs Spurs,0.0,6.5,0.0,0.0,0.0,0,0,0,0,0,0.0,0,0,3,True,0.0,517052,N.Jackson,Nicolas Jackson,https://images.weserv.nl/?url=resources.premierleague.com/premierleague/photos/players/250x250/p517052.png&w=250&h=250&fit=cover&a=attention,https://resources.premierleague.com/premierleague/photos/players/110x140/p517052.png,https://fantasy.premierleague.com/dist/img/shirts/standard/shirt_517052.png
Chris Mepham,Bournemouth,DEF,Man City,Bournemouth (H) vs Man City,0.0,4.0,0.0,0.0,0.0,0,0,0,0,0,0.0,0,0,2,True,0.0,223911,Mepham,Chris Mepham,https://images.weserv.nl/?url=resources.premierleague.com/premierleague/photos/players/250x250/p223911.png&w=250&h=250&fit=cover&a=attention,https://resources.premierleague.com/premierleague/photos/players/110x140/p223911.png,https://fantasy.premierleague.com/dist/img/shirts/standard/shirt_223911.png
Alex Paulsen,Bournemouth,GKP,Man City,Bournemouth (H) vs Man City,0.0,4.0,0.0,0.0,0.0,0,0,0,0,0,0.0,0,0,2,True,0.0,495145,Paulsen,Alex Paulsen,https://images.weserv.nl/?url=resources.premierleague.com/premierleague/photos/players/250x250/p495145.png&w=250&h=250&fit=cover&a=attention,https://resources.premierleague.com/premierleague/photos/players/110x140/p495145.png,https://fantasy.premierleague.com/dist/img/shirts/standard/shirt_495145.png
Sékou Koné,Man Utd,MID,Nott'm Forest,Man Utd (H) vs Nott'm Forest,0.0,4.3,0.0,0.0,0.0,0,0,0,0,0,0.0,0,0,3,True,0.0,618873,Kone,Sékou Koné,https://images.weserv.nl/?url=resources.premierleague.com/premierleague/photos/players/250x250/p618873.png&w=250&h=250&fit=cover&a=attention,https://resources.premierleague.com/premierleague/photos/players/110x140/p618873.png,https://fantasy.premierleague.com/dist/img/shirts/standard/shirt_618873.png
Mykhailo Mudryk,Chelsea,MID,Spurs,Chelsea (H) vs Spurs,0.0,4.9,0.0,0.0,0.0,0,0,0,0,0,0.0,0,0,3,True,0.0,465920,Mudryk,Mykhailo Mudryk,https://images.weserv.nl/?url=resources.premierleague.com/premierleague/photos/players/250x250/p465920.png&w=250&h=250&fit=cover&a=attention,https://resources.premierleague.com/premierleague/photos/players/110x140/p465920.png,https://fantasy.premierleague.com/dist/img/shirts/standard/shirt_465920.png
Nayef Aguerd,West Ham,DEF,Newcastle,West Ham (A) vs Newcastle,0.0,4.4,1.5,0.0,0.006,180,0,0,0,0,0.0,3,0,3,False,0.0,210494,N.Aguerd,Nayef Aguerd,https://images.weserv.nl/?url=resources.premierleague.com/premierleague/photos/players/250x250/p210494.png&w=250&h=250&fit=cover&a=attention,https://resources.premierleague.com/premierleague/photos/players/110x140/p210494.png,https://fantasy.premierleague.com/dist/img/shirts/standard/shirt_210494.png
Stefanos Tzimas,Brighton,FWD,Leeds,Brighton (A) vs Leeds,0.0,5.2,1.8,0.0,0.0264,132,1,1,0,0,0.0,16,0,3,False,0.0,608181,Tzimas,Stefanos Tzimas,https://images.weserv.nl/?url=resources.premierleague.com/premierleague/photos/players/250x250/p608181.png&w=250&h=250&fit=cover&a=attention,https://resources.premierleague.com/premierleague/photos/players/110x140/p608181.png,https://fantasy.premierleague.com/dist/img/shirts/standard/shirt_608181.png
Lucas Tolentino Coelho de Lima,West Ham,MID,Newcastle,West Ham (A) vs Newcastle,0.0,5.9,3.8,0.0,0.17099999999999999,1513,2,4,5,1,0.0,69,3,3,False,0.0,224024,L.Paquetá,Lucas Tolentino Coelho de Lima,https://images.weserv.nl/?url=resources.premierleague.com/premierleague/photos/players/250x250/p224024.png&w=250&h=250&fit=cover&a=attention,https://resources.premierleague.com/premierleague/photos/players/110x140/p224024.png,https://fantasy.premierleague.com/dist/img/shirts/standard/shirt_224024.png
Kaelan Casey,West Ham,DEF,Newcastle,West Ham (A) vs Newcastle,0.0,4.0,0.0,0.0,0.0,0,0,0,0,0,0.0,0,0,3,False,0.0,518438,Casey,Kaelan Casey,https://images.weserv.nl/?url=resources.premierleague.com/premierleague/photos/players/250x250/p518438.png&w=250&h=250&fit=cover&a=attention,https://resources.premierleague.com/premierleague/photos/players/110x140/p518438.png,https://fantasy.premierleague.com/dist/img/shirts/standard/shirt_518438.png
Romain Faivre,Bournemouth,MID,Man City,Bournemouth (H) vs Man City,0.0,4.5,0.0,0.0,0.0,0,0,0,0,0,0.0,0,0,2,True,0.0,441240,Faivre,Romain Faivre,https://images.weserv.nl/?url=resources.premierleague.com/premierleague/photos/players/250x250/p441240.png&w=250&h=250&fit=cover&a=attention,https://resources.premierleague.com/premierleague/photos/players/110x140/p441240.png,https://fantasy.premierleague.com/dist/img/shirts/standard/shirt_441240.png
Robert Lynch Sánchez,Chelsea,GKP,Spurs,Chelsea (H) vs Spurs,0.0,4.8,3.3,1.4,0.0,2860,1,0,3,1,2.86,109,9,3,True,0.0,215059,Sánchez,Robert Lynch Sánchez,https://images.weserv.nl/?url=resources.premierleague.com/premierleague/photos/players/250x250/p215059.png&w=250&h=250&fit=cover&a=attention,https://resources.premierleague.com/premierleague/photos/players/110x140/p215059.png,https://fantasy.premierleague.com/dist/img/shirts/standard/shirt_215059.png
Mike Penders,Chelsea,GKP,Spurs,Chelsea (H) vs Spurs,0.0,4.0,0.0,0.0,0.0,0,0,0,0,0,0.0,0,0,3,True,0.0,549939,Penders,Mike Penders,https://images.weserv.nl/?url=resources.premierleague.com/premierleague/photos/players/250x250/p549939.png&w=250&h=250&fit=cover&a=attention,https://resources.premierleague.com/premierleague/photos/players/110x140/p549939.png,https://fantasy.premierleague.com/dist/img/shirts/standard/shirt_549939.png
Luis Sinisterra Lucumí,Bournemouth,MID,Man City,Bournemouth (H) vs Man City,0.0,5.0,0.0,0.0,0.0,0,0,0,0,0,0.0,0,0,2,True,0.0,224995,Sinisterra,Luis Sinisterra Lucumí,https://images.weserv.nl/?url=resources.premierleague.com/premierleague/photos/players/250x250/p224995.png&w=250&h=250&fit=cover&a=attention,https://resources.premierleague.com/premierleague/photos/players/110x140/p224995.png,https://fantasy.premierleague.com/dist/img/shirts/standard/shirt_224995.png
Estêvão Almeida de Oliveira Gonçalves,Chelsea,MID,Spurs,Chelsea (H) vs Spurs,0.0,6.4,2.6,0.4,0.1746,839,5,2,4,0,0.0,58,4,3,True,0.0,624773,Estêvão,Estêvão Almeida de Oliveira Gonçalves,https://images.weserv.nl/?url=resources.premierleague.com/premierleague/photos/players/250x250/p624773.png&w=250&h=250&fit=cover&a=attention,https://resources.premierleague.com/premierleague/photos/players/110x140/p624773.png,https://fantasy.premierleague.com/dist/img/shirts/standard/shirt_624773.png
Philip Billing,Bournemouth,MID,Man City,Bournemouth (H) vs Man City,0.0,4.9,0.0,0.0,0.0,0,0,0,0,0,0.0,0,0,2,True,0.0,168991,Philip,Philip Billing,https://images.weserv.nl/?url=resources.premierleague.com/premierleague/photos/players/250x250/p168991.png&w=250&h=250&fit=cover&a=attention,https://resources.premierleague.com/premierleague/photos/players/110x140/p168991.png,https://fantasy.premierleague.com/dist/img/shirts/standard/shirt_168991.png
Emerson Palmieri dos Santos,West Ham,DEF,Newcastle,West Ham (A) vs Newcastle,0.0,4.4,0.0,0.0,0.0,0,0,0,0,0,0.0,0,0,3,False,0.0,109533,Emerson,Emerson Palmieri dos Santos,https://images.weserv.nl/?url=resources.premierleague.com/premierleague/photos/players/250x250/p109533.png&w=250&h=250&fit=cover&a=attention,https://resources.premierleague.com/premierleague/photos/players/110x140/p109533.png,https://fantasy.premierleague.com/dist/img/shirts/standard/shirt_109533.png
Mikel Merino Zazón,Arsenal,MID,Burnley,Arsenal (H) vs Burnley,0.0,5.3,3.1,0.0,0.1794,996,3,4,1,0,0.0,66,4,4,True,0.0,195384,Merino,Mikel Merino Zazón,https://images.weserv.nl/?url=resources.premierleague.com/premierleague/photos/players/250x250/p195384.png&w=250&h=250&fit=cover&a=attention,https://resources.premierleague.com/premierleague/photos/players/110x140/p195384.png,https://fantasy.premierleague.com/dist/img/shirts/standard/shirt_195384.png
Krisztián Hegyi,West Ham,GKP,Newcastle,West Ham (A) vs Newcastle,0.0,3.9,0.0,0.0,0.0,0,0,0,0,0,0.0,0,0,3,False,0.0,483364,Hegyi,Krisztián Hegyi,https://images.weserv.nl/?url=resources.premierleague.com/premierleague/photos/players/250x250/p483364.png&w=250&h=250&fit=cover&a=attention,https://resources.premierleague.com/premierleague/photos/players/110x140/p483364.png,https://fantasy.premierleague.com/dist/img/shirts/standard/shirt_483364.png
Wes Foderingham,West Ham,GKP,Newcastle,West Ham (A) vs Newcastle,0.0,4.0,0.0,0.0,0.0,0,0,0,0,0,0.0,0,0,3,False,0.0,82143,Foderingham,Wes Foderingham,https://images.weserv.nl/?url=resources.premierleague.com/premierleague/photos/players/250x250/p82143.png&w=250&h=250&fit=cover&a=attention,https://resources.premierleague.com/premierleague/photos/players/110x140/p82143.png,https://fantasy.premierleague.com/dist/img/shirts/standard/shirt_82143.png
Aarón Anselmino,Chelsea,DEF,Spurs,Chelsea (H) vs Spurs,0.0,4.0,0.0,0.0,0.0,0,0,0,0,0,0.0,0,0,3,True,0.0,622758,Anselmino,Aarón Anselmino,https://images.weserv.nl/?url=resources.premierleague.com/premierleague/photos/players/250x250/p622758.png&w=250&h=250&fit=cover&a=attention,https://resources.premierleague.com/premierleague/photos/players/110x140/p622758.png,https://fantasy.premierleague.com/dist/img/shirts/standard/shirt_622758.png
Christopher Nkunku,Chelsea,MID,Spurs,Chelsea (H) vs Spurs,0.0,5.9,0.0,0.0,0.0,0,0,0,0,0,0.0,0,0,3,True,0.0,213198,Nkunku,Christopher Nkunku,https://images.weserv.nl/?url=resources.premierleague.com/premierleague/photos/players/250x250/p213198.png&w=250&h=250&fit=cover&a=attention,https://resources.premierleague.com/premierleague/photos/players/110x140/p213198.png,https://fantasy.premierleague.com/dist/img/shirts/standard/shirt_213198.png
Cheick Doucouré,Crystal Palace,MID,Brentford,Crystal Palace (A) vs Brentford,0.0,4.9,0.0,0.0,0.0,0,0,0,0,0,0.0,0,0,3,False,0.0,438464,Doucouré,Cheick Doucouré,https://images.weserv.nl/?url=resources.premierleague.com/premierleague/photos/players/250x250/p438464.png&w=250&h=250&fit=cover&a=attention,https://resources.premierleague.com/premierleague/photos/players/110x140/p438464.png,https://fantasy.premierleague.com/dist/img/shirts/standard/shirt_438464.png
Rob Holding,Crystal Palace,DEF,Brentford,Crystal Palace (A) vs Brentford,0.0,4.0,0.0,0.0,0.0,0,0,0,0,0,0.0,0,0,3,False,0.0,156074,Holding,Rob Holding,https://images.weserv.nl/?url=resources.premierleague.com/premierleague/photos/players/250x250/p156074.png&w=250&h=250&fit=cover&a=attention,https://resources.premierleague.com/premierleague/photos/players/110x140/p156074.png,https://fantasy.premierleague.com/dist/img/shirts/standard/shirt_156074.png
Yang Min-hyeok,Spurs,MID,Chelsea,Spurs (A) vs Chelsea,0.0,4.5,0.0,0.0,0.0,0,0,0,0,0,0.0,0,0,3,False,0.0,623095,Min-hyeok,Yang Min-hyeok,https://images.weserv.nl/?url=resources.premierleague.com/premierleague/photos/players/250x250/p623095.png&w=250&h=250&fit=cover&a=attention,https://resources.premierleague.com/premierleague/photos/players/110x140/p623095.png,https://fantasy.premierleague.com/dist/img/shirts/standard/shirt_623095.png
Danny Imray,Crystal Palace,DEF,Brentford,Crystal Palace (A) vs Brentford,0.0,4.0,0.0,0.0,0.0,0,0,0,0,0,0.0,0,0,3,False,0.0,502988,Imray,Danny Imray,https://images.weserv.nl/?url=resources.premierleague.com/premierleague/photos/players/250x250/p502988.png&w=250&h=250&fit=cover&a=attention,https://resources.premierleague.com/premierleague/photos/players/110x140/p502988.png,https://fantasy.premierleague.com/dist/img/shirts/standard/shirt_502988.png
Odsonne Édouard,Crystal Palace,FWD,Brentford,Crystal Palace (A) vs Brentford,0.0,5.0,1.0,0.0,0.0,2,0,0,0,0,0.0,1,0,3,False,0.0,199670,Édouard,Odsonne Édouard,https://images.weserv.nl/?url=resources.premierleague.com/premierleague/photos/players/250x250/p199670.png&w=250&h=250&fit=cover&a=attention,https://resources.premierleague.com/premierleague/photos/players/110x140/p199670.png,https://fantasy.premierleague.com/dist/img/shirts/standard/shirt_199670.png
Guglielmo Vicario,Spurs,GKP,Chelsea,Spurs (A) vs Chelsea,0.0,4.7,2.9,0.0,0.0,2790,0,0,1,0,2.68,90,7,3,False,0.0,184254,Vicario,Guglielmo Vicario,https://images.weserv.nl/?url=resources.premierleague.com/premierleague/photos/players/250x250/p184254.png&w=250&h=250&fit=cover&a=attention,https://resources.premierleague.com/premierleague/photos/players/110x140/p184254.png,https://fantasy.premierleague.com/dist/img/shirts/standard/shirt_184254.png
Eddie Nketiah,Crystal Palace,FWD,Brentford,Crystal Palace (A) vs Brentford,0.0,5.4,1.9,0.0,0.1062,414,0,2,2,0,0.0,23,0,3,False,0.0,205533,Nketiah,Eddie Nketiah,https://images.weserv.nl/?url=resources.premierleague.com/premierleague/photos/players/250x250/p205533.png&w=250&h=250&fit=cover&a=attention,https://resources.premierleague.com/premierleague/photos/players/110x140/p205533.png,https://fantasy.premierleague.com/dist/img/shirts/standard/shirt_205533.png
Norberto Murara Neto,Bournemouth,GKP,Man City,Bournemouth (H) vs Man City,0.0,4.5,0.0,0.0,0.0,0,0,0,0,0,0.0,0,0,2,True,0.0,69752,Neto,Norberto Murara Neto,https://images.weserv.nl/?url=resources.premierleague.com/premierleague/photos/players/250x250/p69752.png&w=250&h=250&fit=cover&a=attention,https://resources.premierleague.com/premierleague/photos/players/110x140/p69752.png,https://fantasy.premierleague.com/dist/img/shirts/standard/shirt_69752.png
Albert Sambi Lokonga,Arsenal,MID,Burnley,Arsenal (H) vs Burnley,0.0,4.5,0.0,0.0,0.0,0,0,0,0,0,0.0,0,0,4,True,0.0,437742,Sambi,Albert Sambi Lokonga,https://images.weserv.nl/?url=resources.premierleague.com/premierleague/photos/players/250x250/p437742.png&w=250&h=250&fit=cover&a=attention,https://resources.premierleague.com/premierleague/photos/players/110x140/p437742.png,https://fantasy.premierleague.com/dist/img/shirts/standard/shirt_437742.png
Cristian Romero,Spurs,DEF,Chelsea,Spurs (A) vs Chelsea,0.0,5.0,4.0,0.2,0.0834,1869,1,4,9,2,0.0,91,5,3,False,0.0,221632,Romero,Cristian Romero,https://images.weserv.nl/?url=resources.premierleague.com/premierleague/photos/players/250x250/p221632.png&w=250&h=250&fit=cover&a=attention,https://resources.premierleague.com/premierleague/photos/players/110x140/p221632.png,https://fantasy.premierleague.com/dist/img/shirts/standard/shirt_221632.png
Franco Umeh-Chibueze,Crystal Palace,MID,Brentford,Crystal Palace (A) vs Brentford,0.0,4.5,0.0,0.0,0.0,0,0,0,0,0,0.0,0,0,3,False,0.0,574398,Umeh,Franco Umeh-Chibueze,https://images.weserv.nl/?url=resources.premierleague.com/premierleague/photos/players/250x250/p574398.png&w=250&h=250&fit=cover&a=attention,https://resources.premierleague.com/premierleague/photos/players/110x140/p574398.png,https://fantasy.premierleague.com/dist/img/shirts/standard/shirt_574398.png
Ben Davies,Spurs,DEF,Chelsea,Spurs (A) vs Chelsea,0.0,4.3,3.3,0.0,0.0294,136,0,1,1,0,0.0,10,0,3,False,0.0,115556,Davies,Ben Davies,https://images.weserv.nl/?url=resources.premierleague.com/premierleague/photos/players/250x250/p115556.png&w=250&h=250&fit=cover&a=attention,https://resources.premierleague.com/premierleague/photos/players/110x140/p115556.png,https://fantasy.premierleague.com/dist/img/shirts/standard/shirt_115556.png
David Ozoh,Crystal Palace,MID,Brentford,Crystal Palace (A) vs Brentford,0.0,4.5,0.0,0.0,0.0,0,0,0,0,0,0.0,0,0,3,False,0.0,531989,Ozoh,David Ozoh,https://images.weserv.nl/?url=resources.premierleague.com/premierleague/photos/players/250x250/p531989.png&w=250&h=250&fit=cover&a=attention,https://resources.premierleague.com/premierleague/photos/players/110x140/p531989.png,https://fantasy.premierleague.com/dist/img/shirts/standard/shirt_531989.png
Matheus França de Oliveira,Crystal Palace,MID,Brentford,Crystal Palace (A) vs Brentford,0.0,4.5,0.0,0.0,0.0,0,0,0,0,0,0.0,0,0,3,False,0.0,536694,M.França,Matheus França de Oliveira,https://images.weserv.nl/?url=resources.premierleague.com/premierleague/photos/players/250x250/p536694.png&w=250&h=250&fit=cover&a=attention,https://resources.premierleague.com/premierleague/photos/players/110x140/p536694.png,https://fantasy.premierleague.com/dist/img/shirts/standard/shirt_536694.png
Jesurun Rak-Sakyi,Crystal Palace,MID,Brentford,Crystal Palace (A) vs Brentford,0.0,4.4,0.0,0.0,0.0,0,0,0,0,0,0.0,0,0,3,False,0.0,450542,J.Rak-Sakyi,Jesurun Rak-Sakyi,https://images.weserv.nl/?url=resources.premierleague.com/premierleague/photos/players/250x250/p450542.png&w=250&h=250&fit=cover&a=attention,https://resources.premierleague.com/premierleague/photos/players/110x140/p450542.png,https://fantasy.premierleague.com/dist/img/shirts/standard/shirt_450542.png
Ismeal Kabia,Arsenal,MID,Burnley,Arsenal (H) vs Burnley,0.0,4.5,0.0,0.0,0.0,0,0,0,0,0,0.0,0,0,4,True,0.0,588796,Kabia,Ismeal Kabia,https://images.weserv.nl/?url=resources.premierleague.com/premierleague/photos/players/250x250/p588796.png&w=250&h=250&fit=cover&a=attention,https://resources.premierleague.com/premierleague/photos/players/110x140/p588796.png,https://fantasy.premierleague.com/dist/img/shirts/standard/shirt_588796.png
Ashley Phillips,Spurs,DEF,Chelsea,Spurs (A) vs Chelsea,0.0,4.0,0.0,0.0,0.0,0,0,0,0,0,0.0,0,0,3,False,0.0,548308,Phillips,Ashley Phillips,https://images.weserv.nl/?url=resources.premierleague.com/premierleague/photos/players/250x250/p548308.png&w=250&h=250&fit=cover&a=attention,https://resources.premierleague.com/premierleague/photos/players/110x140/p548308.png,https://fantasy.premierleague.com/dist/img/shirts/standard/shirt_548308.png
Takai Kōta,Spurs,DEF,Chelsea,Spurs (A) vs Chelsea,0.0,4.0,0.0,0.0,0.0,0,0,0,0,0,0.0,0,0,3,False,0.0,553299,Takai,Takai Kōta,https://images.weserv.nl/?url=resources.premierleague.com/premierleague/photos/players/250x250/p553299.png&w=250&h=250&fit=cover&a=attention,https://resources.premierleague.com/premierleague/photos/players/110x140/p553299.png,https://fantasy.premierleague.com/dist/img/shirts/standard/shirt_553299.png
Luka Vušković,Spurs,DEF,Chelsea,Spurs (A) vs Chelsea,0.0,3.9,0.0,0.0,0.0,0,0,0,0,0,0.0,0,0,3,False,0.0,610799,Vuskovic,Luka Vušković,https://images.weserv.nl/?url=resources.premierleague.com/premierleague/photos/players/250x250/p610799.png&w=250&h=250&fit=cover&a=attention,https://resources.premierleague.com/premierleague/photos/players/110x140/p610799.png,https://fantasy.premierleague.com/dist/img/shirts/standard/shirt_610799.png
Son Heung-min,Spurs,MID,Chelsea,Spurs (A) vs Chelsea,0.0,8.5,0.0,0.0,0.0,0,0,0,0,0,0.0,0,0,3,False,0.0,85971,Son,Son Heung-min,https://images.weserv.nl/?url=resources.premierleague.com/premierleague/photos/players/250x250/p85971.png&w=250&h=250&fit=cover&a=attention,https://resources.premierleague.com/premierleague/photos/players/110x140/p85971.png,https://fantasy.premierleague.com/dist/img/shirts/standard/shirt_85971.png
Malcolm Ebiowei,Crystal Palace,MID,Brentford,Crystal Palace (A) vs Brentford,0.0,4.5,0.0,0.0,0.0,0,0,0,0,0,0.0,0,0,3,False,0.0,450535,Ebiowei,Malcolm Ebiowei,https://images.weserv.nl/?url=resources.premierleague.com/premierleague/photos/players/250x250/p450535.png&w=250&h=250&fit=cover&a=attention,https://resources.premierleague.com/premierleague/photos/players/110x140/p450535.png,https://fantasy.premierleague.com/dist/img/shirts/standard/shirt_450535.png
Mohammed Kudus,Spurs,MID,Chelsea,Spurs (A) vs Chelsea,0.0,6.4,3.9,0.0,0.1152,1535,6,2,3,0,0.0,75,7,3,False,0.0,460842,Kudus,Mohammed Kudus,https://images.weserv.nl/?url=resources.premierleague.com/premierleague/photos/players/250x250/p460842.png&w=250&h=250&fit=cover&a=attention,https://resources.premierleague.com/premierleague/photos/players/110x140/p460842.png,https://fantasy.premierleague.com/dist/img/shirts/standard/shirt_460842.png
Dejan Kulusevski,Spurs,MID,Chelsea,Spurs (A) vs Chelsea,0.0,6.4,0.0,0.0,0.0,0,0,0,0,0,0.0,0,0,3,False,0.0,445044,Kulusevski,Dejan Kulusevski,https://images.weserv.nl/?url=resources.premierleague.com/premierleague/photos/players/250x250/p445044.png&w=250&h=250&fit=cover&a=attention,https://resources.premierleague.com/premierleague/photos/players/110x140/p445044.png,https://fantasy.premierleague.com/dist/img/shirts/standard/shirt_445044.png
Naouirou Ahamada,Crystal Palace,MID,Brentford,Crystal Palace (A) vs Brentford,0.0,4.3,0.0,0.0,0.0,0,0,0,0,0,0.0,0,0,3,False,0.0,466117,Ahamada,Naouirou Ahamada,https://images.weserv.nl/?url=resources.premierleague.com/premierleague/photos/players/250x250/p466117.png&w=250&h=250&fit=cover&a=attention,https://resources.premierleague.com/premierleague/photos/players/110x140/p466117.png,https://fantasy.premierleague.com/dist/img/shirts/standard/shirt_466117.png
Ethan Nwaneri,Arsenal,MID,Burnley,Arsenal (H) vs Burnley,0.0,5.0,1.3,0.0,0.013800000000000002,165,0,0,0,0,0.0,8,1,4,True,0.0,499175,Nwaneri,Ethan Nwaneri,https://images.weserv.nl/?url=resources.premierleague.com/premierleague/photos/players/250x250/p499175.png&w=250&h=250&fit=cover&a=attention,https://resources.premierleague.com/premierleague/photos/players/110x140/p499175.png,https://fantasy.premierleague.com/dist/img/shirts/standard/shirt_499175.png
Will Dennis,Bournemouth,GKP,Man City,Bournemouth (H) vs Man City,0.0,4.0,0.0,0.0,0.0,0,0,0,0,0,0.0,0,0,2,True,0.0,444172,Dennis,Will Dennis,https://images.weserv.nl/?url=resources.premierleague.com/premierleague/photos/players/250x250/p444172.png&w=250&h=250&fit=cover&a=attention,https://resources.premierleague.com/premierleague/photos/players/110x140/p444172.png,https://fantasy.premierleague.com/dist/img/shirts/standard/shirt_444172.png
Wilson Odobert,Spurs,MID,Chelsea,Spurs (A) vs Chelsea,0.0,5.3,1.9,0.0,0.1152,972,2,0,0,0,0.0,46,2,3,False,0.0,550839,Odobert,Wilson Odobert,https://images.weserv.nl/?url=resources.premierleague.com/premierleague/photos/players/250x250/p550839.png&w=250&h=250&fit=cover&a=attention,https://resources.premierleague.com/premierleague/photos/players/110x140/p550839.png,https://fantasy.premierleague.com/dist/img/shirts/standard/shirt_550839.png
Manor Solomon,Spurs,MID,Chelsea,Spurs (A) vs Chelsea,0.0,5.4,0.0,0.0,0.0,0,0,0,0,0,0.0,0,0,3,False,0.0,235674,Solomon,Manor Solomon,https://images.weserv.nl/?url=resources.premierleague.com/premierleague/photos/players/250x250/p235674.png&w=250&h=250&fit=cover&a=attention,https://resources.premierleague.com/premierleague/photos/players/110x140/p235674.png,https://fantasy.premierleague.com/dist/img/shirts/standard/shirt_235674.png
Bryan Gil Salvatierra,Spurs,MID,Chelsea,Spurs (A) vs Chelsea,0.0,4.9,0.0,0.0,0.0,0,0,0,0,0,0.0,0,0,3,False,0.0,436234,Bryan,Bryan Gil Salvatierra,https://images.weserv.nl/?url=resources.premierleague.com/premierleague/photos/players/250x250/p436234.png&w=250&h=250&fit=cover&a=attention,https://resources.premierleague.com/premierleague/photos/players/110x140/p436234.png,https://fantasy.premierleague.com/dist/img/shirts/standard/shirt_436234.png
Romain Esse,Crystal Palace,MID,Brentford,Crystal Palace (A) vs Brentford,0.0,4.7,1.0,0.0,0.0,40,0,0,0,0,0.0,4,0,3,False,0.0,606921,Esse,Romain Esse,https://images.weserv.nl/?url=resources.premierleague.com/premierleague/photos/players/250x250/p606921.png&w=250&h=250&fit=cover&a=attention,https://resources.premierleague.com/premierleague/photos/players/110x140/p606921.png,https://fantasy.premierleague.com/dist/img/shirts/standard/shirt_606921.png
Mikey Moore,Spurs,MID,Chelsea,Spurs (A) vs Chelsea,0.0,5.0,0.0,0.0,0.0,0,0,0,0,0,0.0,0,0,3,False,0.0,499721,Moore,Mikey Moore,https://images.weserv.nl/?url=resources.premierleague.com/premierleague/photos/players/250x250/p499721.png&w=250&h=250&fit=cover&a=attention,https://resources.premierleague.com/premierleague/photos/players/110x140/p499721.png,https://fantasy.premierleague.com/dist/img/shirts/standard/shirt_499721.png
Edson Álvarez Velázquez,West Ham,MID,Newcastle,West Ham (A) vs Newcastle,0.0,4.9,0.0,0.0,0.0,0,0,0,0,0,0.0,0,0,3,False,0.0,213999,Álvarez,Edson Álvarez Velázquez,https://images.weserv.nl/?url=resources.premierleague.com/premierleague/photos/players/250x250/p213999.png&w=250&h=250&fit=cover&a=attention,https://resources.premierleague.com/premierleague/photos/players/110x140/p213999.png,https://fantasy.premierleague.com/dist/img/shirts/standard/shirt_213999.png
Evan Ferguson,Brighton,FWD,Leeds,Brighton (A) vs Leeds,0.0,5.5,0.0,0.0,0.0,0,0,0,0,0,0.0,0,0,3,False,0.0,487117,Ferguson,Evan Ferguson,https://images.weserv.nl/?url=resources.premierleague.com/premierleague/photos/players/250x250/p487117.png&w=250&h=250&fit=cover&a=attention,https://resources.premierleague.com/premierleague/photos/players/110x140/p487117.png,https://fantasy.premierleague.com/dist/img/shirts/standard/shirt_487117.png
Luis Guilherme Lira dos Santos,West Ham,MID,Newcastle,West Ham (A) vs Newcastle,0.0,4.9,1.0,0.0,0.004200000000000001,121,0,0,0,0,0.0,5,0,3,False,0.0,577114,L.Guilherme,Luis Guilherme Lira dos Santos,https://images.weserv.nl/?url=resources.premierleague.com/premierleague/photos/players/250x250/p577114.png&w=250&h=250&fit=cover&a=attention,https://resources.premierleague.com/premierleague/photos/players/110x140/p577114.png,https://fantasy.premierleague.com/dist/img/shirts/standard/shirt_577114.png
Maxwel Cornet,West Ham,MID,Newcastle,West Ham (A) vs Newcastle,0.0,4.9,0.0,0.0,0.0,0,0,0,0,0,0.0,0,0,3,False,0.0,149519,Cornet,Maxwel Cornet,https://images.weserv.nl/?url=resources.premierleague.com/premierleague/photos/players/250x250/p149519.png&w=250&h=250&fit=cover&a=attention,https://resources.premierleague.com/premierleague/photos/players/110x140/p149519.png,https://fantasy.premierleague.com/dist/img/shirts/standard/shirt_149519.png
Gonçalo Manuel Ganchinho Guedes,Wolves,MID,Fulham,Wolves (H) vs Fulham,0.0,5.5,0.0,0.0,0.0,0,0,0,0,0,0.0,0,0,3,True,0.0,181284,Guedes,Gonçalo Manuel Ganchinho Guedes,https://images.weserv.nl/?url=resources.premierleague.com/premierleague/photos/players/250x250/p181284.png&w=250&h=250&fit=cover&a=attention,https://resources.premierleague.com/premierleague/photos/players/110x140/p181284.png,https://fantasy.premierleague.com/dist/img/shirts/standard/shirt_181284.png
Joe Hodge,Wolves,MID,Fulham,Wolves (H) vs Fulham,0.0,4.5,0.0,0.0,0.0,0,0,0,0,0,0.0,0,0,3,True,0.0,240299,Hodge,Joe Hodge,https://images.weserv.nl/?url=resources.premierleague.com/premierleague/photos/players/250x250/p240299.png&w=250&h=250&fit=cover&a=attention,https://resources.premierleague.com/premierleague/photos/players/110x140/p240299.png,https://fantasy.premierleague.com/dist/img/shirts/standard/shirt_240299.png
Myles Peart-Harris,Brentford,MID,Crystal Palace,Brentford (H) vs Crystal Palace,0.0,4.4,1.0,0.0,0.0,1,0,0,0,0,0.0,1,0,3,True,0.0,450539,Peart-Harris,Myles Peart-Harris,https://images.weserv.nl/?url=resources.premierleague.com/premierleague/photos/players/250x250/p450539.png&w=250&h=250&fit=cover&a=attention,https://resources.premierleague.com/premierleague/photos/players/110x140/p450539.png,https://fantasy.premierleague.com/dist/img/shirts/standard/shirt_450539.png
Ryan Trevitt,Brentford,MID,Crystal Palace,Brentford (H) vs Crystal Palace,0.0,4.5,0.0,0.0,0.0,0,0,0,0,0,0.0,0,0,3,True,0.0,591357,Trevitt,Ryan Trevitt,https://images.weserv.nl/?url=resources.premierleague.com/premierleague/photos/players/250x250/p591357.png&w=250&h=250&fit=cover&a=attention,https://resources.premierleague.com/premierleague/photos/players/110x140/p591357.png,https://fantasy.premierleague.com/dist/img/shirts/standard/shirt_591357.png
Tawanda Chirewa,Wolves,MID,Fulham,Wolves (H) vs Fulham,0.0,4.3,1.0,0.0,0.0,25,0,0,0,0,0.0,2,0,3,True,0.0,497606,Chirewa,Tawanda Chirewa,https://images.weserv.nl/?url=resources.premierleague.com/premierleague/photos/players/250x250/p497606.png&w=250&h=250&fit=cover&a=attention,https://resources.premierleague.com/premierleague/photos/players/110x140/p497606.png,https://fantasy.premierleague.com/dist/img/shirts/standard/shirt_497606.png
Boubacar Traoré,Wolves,MID,Fulham,Wolves (H) vs Fulham,0.0,5.0,0.0,0.0,0.0,0,0,0,0,0,0.0,0,0,3,True,0.0,476502,B.Traore,Boubacar Traoré,https://images.weserv.nl/?url=resources.premierleague.com/premierleague/photos/players/250x250/p476502.png&w=250&h=250&fit=cover&a=attention,https://resources.premierleague.com/premierleague/photos/players/110x140/p476502.png,https://fantasy.premierleague.com/dist/img/shirts/standard/shirt_476502.png
Marshall Munetsi,Wolves,MID,Fulham,Wolves (H) vs Fulham,0.0,5.3,2.9,0.0,0.09839999999999999,872,2,1,2,0,0.0,38,0,3,True,0.0,433312,Munetsi,Marshall Munetsi,https://images.weserv.nl/?url=resources.premierleague.com/premierleague/photos/players/250x250/p433312.png&w=250&h=250&fit=cover&a=attention,https://resources.premierleague.com/premierleague/photos/players/110x140/p433312.png,https://fantasy.premierleague.com/dist/img/shirts/standard/shirt_433312.png
Karl Hein,Arsenal,GKP,Burnley,Arsenal (H) vs Burnley,0.0,4.0,0.0,0.0,0.0,0,0,0,0,0,0.0,0,0,4,True,0.0,463748,Hein,Karl Hein,https://images.weserv.nl/?url=resources.premierleague.com/premierleague/photos/players/250x250/p463748.png&w=250&h=250&fit=cover&a=attention,https://resources.premierleague.com/premierleague/photos/players/110x140/p463748.png,https://fantasy.premierleague.com/dist/img/shirts/standard/shirt_463748.png
Guido Rodríguez,West Ham,MID,Newcastle,West Ham (A) vs Newcastle,0.0,4.8,1.3,0.0,0.0018,175,0,0,1,0,0.0,8,1,3,False,0.0,197024,G.Rodriguez,Guido Rodríguez,https://images.weserv.nl/?url=resources.premierleague.com/premierleague/photos/players/250x250/p197024.png&w=250&h=250&fit=cover&a=attention,https://resources.premierleague.com/premierleague/photos/players/110x140/p197024.png,https://fantasy.premierleague.com/dist/img/shirts/standard/shirt_197024.png
Fer López González,Wolves,MID,Fulham,Wolves (H) vs Fulham,0.0,5.1,1.3,0.0,0.009600000000000001,228,1,0,1,0,0.0,12,0,3,True,0.0,643135,Fer López,Fer López González,https://images.weserv.nl/?url=resources.premierleague.com/premierleague/photos/players/250x250/p643135.png&w=250&h=250&fit=cover&a=attention,https://resources.premierleague.com/premierleague/photos/players/110x140/p643135.png,https://fantasy.premierleague.com/dist/img/shirts/standard/shirt_643135.png
Iwan Morgan,Brentford,FWD,Crystal Palace,Brentford (H) vs Crystal Palace,0.0,4.4,0.0,0.0,0.0,0,0,0,0,0,0.0,0,0,3,True,0.0,533710,Morgan,Iwan Morgan,https://images.weserv.nl/?url=resources.premierleague.com/premierleague/photos/players/250x250/p533710.png&w=250&h=250&fit=cover&a=attention,https://resources.premierleague.com/premierleague/photos/players/110x140/p533710.png,https://fantasy.premierleague.com/dist/img/shirts/standard/shirt_533710.png
Álex Jiménez Sánchez,Bournemouth,DEF,Man City,Bournemouth (H) vs Man City,0.0,4.5,2.4,2.0,0.0654,2315,2,1,10,0,0.0,74,6,2,True,0.0,551483,A.Jimenez,Álex Jiménez Sánchez,https://images.weserv.nl/?url=resources.premierleague.com/premierleague/photos/players/250x250/p551483.png&w=250&h=250&fit=cover&a=attention,https://resources.premierleague.com/premierleague/photos/players/110x140/p551483.png,https://fantasy.premierleague.com/dist/img/shirts/standard/shirt_551483.png
Carl Rushworth,Brighton,GKP,Leeds,Brighton (A) vs Leeds,0.0,4.0,0.0,0.0,0.0,0,0,0,0,0,0.0,0,0,3,False,0.0,472739,Rushworth,Carl Rushworth,https://images.weserv.nl/?url=resources.premierleague.com/premierleague/photos/players/250x250/p472739.png&w=250&h=250&fit=cover&a=attention,https://resources.premierleague.com/premierleague/photos/players/110x140/p472739.png,https://fantasy.premierleague.com/dist/img/shirts/standard/shirt_472739.png
Alfie Pond,Wolves,DEF,Fulham,Wolves (H) vs Fulham,0.0,3.9,0.0,0.0,0.0,0,0,0,0,0,0.0,0,0,3,True,0.0,517179,Pond,Alfie Pond,https://images.weserv.nl/?url=resources.premierleague.com/premierleague/photos/players/250x250/p517179.png&w=250&h=250&fit=cover&a=attention,https://resources.premierleague.com/premierleague/photos/players/110x140/p517179.png,https://fantasy.premierleague.com/dist/img/shirts/standard/shirt_517179.png
Kjell Scherpen,Brighton,GKP,Leeds,Brighton (A) vs Leeds,0.0,4.0,0.0,0.0,0.0,0,0,0,0,0,0.0,0,0,3,False,0.0,240514,Scherpen,Kjell Scherpen,https://images.weserv.nl/?url=resources.premierleague.com/premierleague/photos/players/250x250/p240514.png&w=250&h=250&fit=cover&a=attention,https://resources.premierleague.com/premierleague/photos/players/110x140/p240514.png,https://fantasy.premierleague.com/dist/img/shirts/standard/shirt_240514.png
Fábio Soares Silva,Wolves,FWD,Fulham,Wolves (H) vs Fulham,0.0,4.9,0.0,0.0,0.0,0,0,0,0,0,0.0,0,0,3,True,0.0,449988,Fábio Silva,Fábio Soares Silva,https://images.weserv.nl/?url=resources.premierleague.com/premierleague/photos/players/250x250/p449988.png&w=250&h=250&fit=cover&a=attention,https://resources.premierleague.com/premierleague/photos/players/110x140/p449988.png,https://fantasy.premierleague.com/dist/img/shirts/standard/shirt_449988.png
Saša Kalajdžić,Wolves,FWD,Fulham,Wolves (H) vs Fulham,0.0,4.9,1.0,0.0,0.0,14,0,0,0,0,0.0,1,0,3,True,0.0,429414,Kalajdžić,Saša Kalajdžić,https://images.weserv.nl/?url=resources.premierleague.com/premierleague/photos/players/250x250/p429414.png&w=250&h=250&fit=cover&a=attention,https://resources.premierleague.com/premierleague/photos/players/110x140/p429414.png,https://fantasy.premierleague.com/dist/img/shirts/standard/shirt_429414.png
Paris Maghoma,Brentford,MID,Crystal Palace,Brentford (H) vs Crystal Palace,0.0,4.5,0.0,0.0,0.0,0,0,0,0,0,0.0,0,0,3,True,0.0,220695,Maghoma,Paris Maghoma,https://images.weserv.nl/?url=resources.premierleague.com/premierleague/photos/players/250x250/p220695.png&w=250&h=250&fit=cover&a=attention,https://resources.premierleague.com/premierleague/photos/players/110x140/p220695.png,https://fantasy.premierleague.com/dist/img/shirts/standard/shirt_220695.png
Yunus Emre Konak,Brentford,MID,Crystal Palace,Brentford (H) vs Crystal Palace,0.0,4.3,0.0,0.0,0.0,0,0,0,0,0,0.0,0,0,3,True,0.0,628204,Konak,Yunus Emre Konak,https://images.weserv.nl/?url=resources.premierleague.com/premierleague/photos/players/250x250/p628204.png&w=250&h=250&fit=cover&a=attention,https://resources.premierleague.com/premierleague/photos/players/110x140/p628204.png,https://fantasy.premierleague.com/dist/img/shirts/standard/shirt_628204.png
Jhon Arias,Wolves,MID,Fulham,Wolves (H) vs Fulham,0.0,4.9,2.0,0.0,0.2028,1117,0,1,1,0,0.0,45,2,3,True,0.0,230376,J.Arias,Jhon Arias,https://images.weserv.nl/?url=resources.premierleague.com/premierleague/photos/players/250x250/p230376.png&w=250&h=250&fit=cover&a=attention,https://resources.premierleague.com/premierleague/photos/players/110x140/p230376.png,https://fantasy.premierleague.com/dist/img/shirts/standard/shirt_230376.png
Frank Onyeka,Brentford,MID,Crystal Palace,Brentford (H) vs Crystal Palace,0.0,4.8,2.0,0.0,0.0,88,2,0,0,0,0.0,12,0,3,True,0.0,428580,Onyeka,Frank Onyeka,https://images.weserv.nl/?url=resources.premierleague.com/premierleague/photos/players/250x250/p428580.png&w=250&h=250&fit=cover&a=attention,https://resources.premierleague.com/premierleague/photos/players/110x140/p428580.png,https://fantasy.premierleague.com/dist/img/shirts/standard/shirt_428580.png
Gustavo Nunes Fernandes Gomes,Brentford,MID,Crystal Palace,Brentford (H) vs Crystal Palace,0.0,4.9,0.0,0.0,0.0,0,0,0,0,0,0.0,0,0,3,True,0.0,626464,Nunes,Gustavo Nunes Fernandes Gomes,https://images.weserv.nl/?url=resources.premierleague.com/premierleague/photos/players/250x250/p626464.png&w=250&h=250&fit=cover&a=attention,https://resources.premierleague.com/premierleague/photos/players/110x140/p626464.png,https://fantasy.premierleague.com/dist/img/shirts/standard/shirt_626464.png
Fábio Freitas Gouveia Carvalho,Brentford,MID,Crystal Palace,Brentford (H) vs Crystal Palace,0.0,4.6,2.2,0.0,0.041999999999999996,100,0,1,0,0,0.0,13,0,3,True,0.0,244858,Carvalho,Fábio Freitas Gouveia Carvalho,https://images.weserv.nl/?url=resources.premierleague.com/premierleague/photos/players/250x250/p244858.png&w=250&h=250&fit=cover&a=attention,https://resources.premierleague.com/premierleague/photos/players/110x140/p244858.png,https://fantasy.premierleague.com/dist/img/shirts/standard/shirt_244858.png
Antoni Milambo,Brentford,MID,Crystal Palace,Brentford (H) vs Crystal Palace,0.0,5.2,1.0,0.0,0.0,45,0,0,0,0,0.0,1,0,3,True,0.0,543295,Milambo,Antoni Milambo,https://images.weserv.nl/?url=resources.premierleague.com/premierleague/photos/players/250x250/p543295.png&w=250&h=250&fit=cover&a=attention,https://resources.premierleague.com/premierleague/photos/players/110x140/p543295.png,https://fantasy.premierleague.com/dist/img/shirts/standard/shirt_543295.png
Jayden Meghoma,Brentford,DEF,Crystal Palace,Brentford (H) vs Crystal Palace,0.0,4.0,0.0,0.0,0.0,0,0,0,0,0,0.0,0,0,3,True,0.0,499717,Meghoma,Jayden Meghoma,https://images.weserv.nl/?url=resources.premierleague.com/premierleague/photos/players/250x250/p499717.png&w=250&h=250&fit=cover&a=attention,https://resources.premierleague.com/premierleague/photos/players/110x140/p499717.png,https://fantasy.premierleague.com/dist/img/shirts/standard/shirt_499717.png
Kim Ji-soo,Brentford,DEF,Crystal Palace,Brentford (H) vs Crystal Palace,0.0,3.9,0.0,0.0,0.0,0,0,0,0,0,0.0,0,0,3,True,0.0,570241,Ji-soo,Kim Ji-soo,https://images.weserv.nl/?url=resources.premierleague.com/premierleague/photos/players/250x250/p570241.png&w=250&h=250&fit=cover&a=attention,https://resources.premierleague.com/premierleague/photos/players/110x140/p570241.png,https://fantasy.premierleague.com/dist/img/shirts/standard/shirt_570241.png
Benjamin Fredrick,Brentford,DEF,Crystal Palace,Brentford (H) vs Crystal Palace,0.0,4.0,0.0,0.0,0.0,0,0,0,0,0,0.0,0,0,3,True,0.0,612534,Fredrick,Benjamin Fredrick,https://images.weserv.nl/?url=resources.premierleague.com/premierleague/photos/players/250x250/p612534.png&w=250&h=250&fit=cover&a=attention,https://resources.premierleague.com/premierleague/photos/players/110x140/p612534.png,https://fantasy.premierleague.com/dist/img/shirts/standard/shirt_612534.png
Temple Ojinnaka,Wolves,MID,Fulham,Wolves (H) vs Fulham,0.0,4.5,0.0,0.0,0.0,0,0,0,0,0,0.0,0,0,3,True,0.0,514362,Ojinnaka,Temple Ojinnaka,https://images.weserv.nl/?url=resources.premierleague.com/premierleague/photos/players/250x250/p514362.png&w=250&h=250&fit=cover&a=attention,https://resources.premierleague.com/premierleague/photos/players/110x140/p514362.png,https://fantasy.premierleague.com/dist/img/shirts/standard/shirt_514362.png
Benjamin Arthur,Brentford,DEF,Crystal Palace,Brentford (H) vs Crystal Palace,0.0,3.8,0.0,0.0,0.0,0,0,0,0,0,0.0,0,0,3,True,0.0,622536,Arthur,Benjamin Arthur,https://images.weserv.nl/?url=resources.premierleague.com/premierleague/photos/players/250x250/p622536.png&w=250&h=250&fit=cover&a=attention,https://resources.premierleague.com/premierleague/photos/players/110x140/p622536.png,https://fantasy.premierleague.com/dist/img/shirts/standard/shirt_622536.png
Mads Roerslev Rasmussen,Brentford,DEF,Crystal Palace,Brentford (H) vs Crystal Palace,0.0,4.5,0.0,0.0,0.0,0,0,0,0,0,0.0,0,0,3,True,0.0,226956,Roerslev,Mads Roerslev Rasmussen,https://images.weserv.nl/?url=resources.premierleague.com/premierleague/photos/players/250x250/p226956.png&w=250&h=250&fit=cover&a=attention,https://resources.premierleague.com/premierleague/photos/players/110x140/p226956.png,https://fantasy.premierleague.com/dist/img/shirts/standard/shirt_226956.png
Rico Henry,Brentford,DEF,Crystal Palace,Brentford (H) vs Crystal Palace,0.0,4.3,2.1,0.0,0.0108,1322,2,0,2,0,0.0,52,4,3,True,0.0,194010,Henry,Rico Henry,https://images.weserv.nl/?url=resources.premierleague.com/premierleague/photos/players/250x250/p194010.png&w=250&h=250&fit=cover&a=attention,https://resources.premierleague.com/premierleague/photos/players/110x140/p194010.png,https://fantasy.premierleague.com/dist/img/shirts/standard/shirt_194010.png
Matthew Cox,Brentford,GKP,Crystal Palace,Brentford (H) vs Crystal Palace,0.0,3.9,0.0,0.0,0.0,0,0,0,0,0,0.0,0,0,3,True,0.0,503300,Cox,Matthew Cox,https://images.weserv.nl/?url=resources.premierleague.com/premierleague/photos/players/250x250/p503300.png&w=250&h=250&fit=cover&a=attention,https://resources.premierleague.com/premierleague/photos/players/110x140/p503300.png,https://fantasy.premierleague.com/dist/img/shirts/standard/shirt_503300.png
Bastien Meupiyou Menadjou,Wolves,DEF,Fulham,Wolves (H) vs Fulham,0.0,4.0,0.0,0.0,0.0,0,0,0,0,0,0.0,0,0,3,True,0.0,560248,Meupiyou,Bastien Meupiyou Menadjou,https://images.weserv.nl/?url=resources.premierleague.com/premierleague/photos/players/250x250/p560248.png&w=250&h=250&fit=cover&a=attention,https://resources.premierleague.com/premierleague/photos/players/110x140/p560248.png,https://fantasy.premierleague.com/dist/img/shirts/standard/shirt_560248.png
Ki-Jana Hoever,Wolves,DEF,Fulham,Wolves (H) vs Fulham,0.0,3.8,1.2,0.0,0.0012000000000000001,423,0,0,0,0,0.0,10,0,3,True,0.0,441271,Hoever,Ki-Jana Hoever,https://images.weserv.nl/?url=resources.premierleague.com/premierleague/photos/players/250x250/p441271.png&w=250&h=250&fit=cover&a=attention,https://resources.premierleague.com/premierleague/photos/players/110x140/p441271.png,https://fantasy.premierleague.com/dist/img/shirts/standard/shirt_441271.png
Diego Coppola,Brighton,DEF,Leeds,Brighton (A) vs Leeds,0.0,4.2,2.0,0.0,0.0,193,0,0,2,0,0.0,10,1,3,False,0.0,550090,Coppola,Diego Coppola,https://images.weserv.nl/?url=resources.premierleague.com/premierleague/photos/players/250x250/p550090.png&w=250&h=250&fit=cover&a=attention,https://resources.premierleague.com/premierleague/photos/players/110x140/p550090.png,https://fantasy.premierleague.com/dist/img/shirts/standard/shirt_550090.png
Jeremy Sarmiento Morante,Brighton,MID,Leeds,Brighton (A) vs Leeds,0.0,4.9,0.0,0.0,0.0,0,0,0,0,0,0.0,0,0,3,False,0.0,441192,Sarmiento,Jeremy Sarmiento Morante,https://images.weserv.nl/?url=resources.premierleague.com/premierleague/photos/players/250x250/p441192.png&w=250&h=250&fit=cover&a=attention,https://resources.premierleague.com/premierleague/photos/players/110x140/p441192.png,https://fantasy.premierleague.com/dist/img/shirts/standard/shirt_441192.png
Jarrad Branthwaite,Everton,DEF,Sunderland,Everton (H) vs Sunderland,0.0,5.3,3.2,1.0,0.0204,678,1,1,1,0,0.0,32,1,3,True,0.0,480455,Branthwaite,Jarrad Branthwaite,https://images.weserv.nl/?url=resources.premierleague.com/premierleague/photos/players/250x250/p480455.png&w=250&h=250&fit=cover&a=attention,https://resources.premierleague.com/premierleague/photos/players/110x140/p480455.png,https://fantasy.premierleague.com/dist/img/shirts/standard/shirt_480455.png
George Earthy,West Ham,MID,Newcastle,West Ham (A) vs Newcastle,0.0,4.5,1.0,0.0,0.0,8,0,0,0,0,0.0,1,0,3,False,0.0,490885,Earthy,George Earthy,https://images.weserv.nl/?url=resources.premierleague.com/premierleague/photos/players/250x250/p490885.png&w=250&h=250&fit=cover&a=attention,https://resources.premierleague.com/premierleague/photos/players/110x140/p490885.png,https://fantasy.premierleague.com/dist/img/shirts/standard/shirt_490885.png
Andy Irving,West Ham,MID,Newcastle,West Ham (A) vs Newcastle,0.0,4.3,1.3,0.0,0.0,156,0,0,0,0,0.0,9,0,3,False,0.0,229384,Irving,Andy Irving,https://images.weserv.nl/?url=resources.premierleague.com/premierleague/photos/players/250x250/p229384.png&w=250&h=250&fit=cover&a=attention,https://resources.premierleague.com/premierleague/photos/players/110x140/p229384.png,https://fantasy.premierleague.com/dist/img/shirts/standard/shirt_229384.png
Lewis Orford,West Ham,MID,Newcastle,West Ham (A) vs Newcastle,0.0,4.4,0.0,0.0,0.0,0,0,0,0,0,0.0,0,0,3,False,0.0,518442,Orford,Lewis Orford,https://images.weserv.nl/?url=resources.premierleague.com/premierleague/photos/players/250x250/p518442.png&w=250&h=250&fit=cover&a=attention,https://resources.premierleague.com/premierleague/photos/players/110x140/p518442.png,https://fantasy.premierleague.com/dist/img/shirts/standard/shirt_518442.png
Hamed Traorè,Bournemouth,MID,Man City,Bournemouth (H) vs Man City,0.0,4.5,4.0,0.0,0.0,16,1,0,0,0,0.0,4,0,2,True,0.0,424044,H.Traorè,Hamed Traorè,https://images.weserv.nl/?url=resources.premierleague.com/premierleague/photos/players/250x250/p424044.png&w=250&h=250&fit=cover&a=attention,https://resources.premierleague.com/premierleague/photos/players/110x140/p424044.png,https://fantasy.premierleague.com/dist/img/shirts/standard/shirt_424044.png
Maldini Kacurri,Arsenal,DEF,Burnley,Arsenal (H) vs Burnley,0.0,3.9,0.0,0.0,0.0,0,0,0,0,0,0.0,0,0,4,True,0.0,588793,Kacurri,Maldini Kacurri,https://images.weserv.nl/?url=resources.premierleague.com/premierleague/photos/players/250x250/p588793.png&w=250&h=250&fit=cover&a=attention,https://resources.premierleague.com/premierleague/photos/players/110x140/p588793.png,https://fantasy.premierleague.com/dist/img/shirts/standard/shirt_588793.png
Niclas Füllkrug,West Ham,FWD,Newcastle,West Ham (A) vs Newcastle,0.0,5.6,1.5,0.0,0.0558,407,0,0,0,0,0.0,12,1,3,False,0.0,91889,Füllkrug,Niclas Füllkrug,https://images.weserv.nl/?url=resources.premierleague.com/premierleague/photos/players/250x250/p91889.png&w=250&h=250&fit=cover&a=attention,https://resources.premierleague.com/premierleague/photos/players/110x140/p91889.png,https://fantasy.premierleague.com/dist/img/shirts/standard/shirt_91889.png
Callum Marshall,West Ham,FWD,Newcastle,West Ham (A) vs Newcastle,0.0,4.3,1.0,0.0,0.0078,58,0,0,0,0,0.0,2,0,3,False,0.0,565431,Marshall,Callum Marshall,https://images.weserv.nl/?url=resources.premierleague.com/premierleague/photos/players/250x250/p565431.png&w=250&h=250&fit=cover&a=attention,https://resources.premierleague.com/premierleague/photos/players/110x140/p565431.png,https://fantasy.premierleague.com/dist/img/shirts/standard/shirt_565431.png
Andrew Moran,Brighton,MID,Leeds,Brighton (A) vs Leeds,0.0,4.5,0.0,0.0,0.0,0,0,0,0,0,0.0,0,0,3,False,0.0,513834,Moran,Andrew Moran,https://images.weserv.nl/?url=resources.premierleague.com/premierleague/photos/players/250x250/p513834.png&w=250&h=250&fit=cover&a=attention,https://resources.premierleague.com/premierleague/photos/players/110x140/p513834.png,https://fantasy.premierleague.com/dist/img/shirts/standard/shirt_513834.png
Adrian Mazilu,Brighton,MID,Leeds,Brighton (A) vs Leeds,0.0,4.5,0.0,0.0,0.0,0,0,0,0,0,0.0,0,0,3,False,0.0,550141,Mazilu,Adrian Mazilu,https://images.weserv.nl/?url=resources.premierleague.com/premierleague/photos/players/250x250/p550141.png&w=250&h=250&fit=cover&a=attention,https://resources.premierleague.com/premierleague/photos/players/110x140/p550141.png,https://fantasy.premierleague.com/dist/img/shirts/standard/shirt_550141.png
Joe Knight,Brighton,MID,Leeds,Brighton (A) vs Leeds,0.0,4.4,1.0,0.0,0.0,1,0,0,0,0,0.0,1,0,3,False,0.0,567121,Knight,Joe Knight,https://images.weserv.nl/?url=resources.premierleague.com/premierleague/photos/players/250x250/p567121.png&w=250&h=250&fit=cover&a=attention,https://resources.premierleague.com/premierleague/photos/players/110x140/p567121.png,https://fantasy.premierleague.com/dist/img/shirts/standard/shirt_567121.png
Malick Yalcouyé,Brighton,MID,Leeds,Brighton (A) vs Leeds,0.0,5.0,0.0,0.0,0.0,0,0,0,0,0,0.0,0,0,3,False,0.0,611695,Yalcouye,Malick Yalcouyé,https://images.weserv.nl/?url=resources.premierleague.com/premierleague/photos/players/250x250/p611695.png&w=250&h=250&fit=cover&a=attention,https://resources.premierleague.com/premierleague/photos/players/110x140/p611695.png,https://fantasy.premierleague.com/dist/img/shirts/standard/shirt_611695.png
Dominic Sadi,Bournemouth,MID,Man City,Bournemouth (H) vs Man City,0.0,4.5,0.0,0.0,0.0,0,0,0,0,0,0.0,0,0,2,True,0.0,550596,Sadi,Dominic Sadi,https://images.weserv.nl/?url=resources.premierleague.com/premierleague/photos/players/250x250/p550596.png&w=250&h=250&fit=cover&a=attention,https://resources.premierleague.com/premierleague/photos/players/110x140/p550596.png,https://fantasy.premierleague.com/dist/img/shirts/standard/shirt_550596.png
Tom Watson,Brighton,MID,Leeds,Brighton (A) vs Leeds,0.0,4.8,0.8,0.0,0.0024000000000000002,57,0,0,1,0,0.0,5,0,3,False,0.0,549074,Watson,Tom Watson,https://images.weserv.nl/?url=resources.premierleague.com/premierleague/photos/players/250x250/p549074.png&w=250&h=250&fit=cover&a=attention,https://resources.premierleague.com/premierleague/photos/players/110x140/p549074.png,https://fantasy.premierleague.com/dist/img/shirts/standard/shirt_549074.png
Zain Silcott-Duberry,Bournemouth,MID,Man City,Bournemouth (H) vs Man City,0.0,4.4,0.0,0.0,0.0,0,0,0,0,0,0.0,0,0,2,True,0.0,530121,Silcott-Duberry,Zain Silcott-Duberry,https://images.weserv.nl/?url=resources.premierleague.com/premierleague/photos/players/250x250/p530121.png&w=250&h=250&fit=cover&a=attention,https://resources.premierleague.com/premierleague/photos/players/110x140/p530121.png,https://fantasy.premierleague.com/dist/img/shirts/standard/shirt_530121.png
Pervis Estupiñán Tenorio,Brighton,DEF,Leeds,Brighton (A) vs Leeds,0.0,4.5,0.0,0.0,0.0,0,0,0,0,0,0.0,0,0,3,False,0.0,204214,Estupiñan,Pervis Estupiñán Tenorio,https://images.weserv.nl/?url=resources.premierleague.com/premierleague/photos/players/250x250/p204214.png&w=250&h=250&fit=cover&a=attention,https://resources.premierleague.com/premierleague/photos/players/110x140/p204214.png,https://fantasy.premierleague.com/dist/img/shirts/standard/shirt_204214.png
Ben Winterburn,Bournemouth,MID,Man City,Bournemouth (H) vs Man City,0.0,4.5,1.0,0.0,0.0,6,0,0,0,0,0.0,1,0,2,True,0.0,606775,Winterburn,Ben Winterburn,https://images.weserv.nl/?url=resources.premierleague.com/premierleague/photos/players/250x250/p606775.png&w=250&h=250&fit=cover&a=attention,https://resources.premierleague.com/premierleague/photos/players/110x140/p606775.png,https://fantasy.premierleague.com/dist/img/shirts/standard/shirt_606775.png
Abdallah Sima,Brighton,MID,Leeds,Brighton (A) vs Leeds,0.0,5.4,0.0,0.0,0.0,0,0,0,0,0,0.0,0,0,3,False,0.0,516211,Sima,Abdallah Sima,https://images.weserv.nl/?url=resources.premierleague.com/premierleague/photos/players/250x250/p516211.png&w=250&h=250&fit=cover&a=attention,https://resources.premierleague.com/premierleague/photos/players/110x140/p516211.png,https://fantasy.premierleague.com/dist/img/shirts/standard/shirt_516211.png
Jakub Kiwior,Arsenal,DEF,Burnley,Arsenal (H) vs Burnley,0.0,5.4,0.0,0.0,0.0,0,0,0,0,0,0.0,0,0,4,True,0.0,440854,Kiwior,Jakub Kiwior,https://images.weserv.nl/?url=resources.premierleague.com/premierleague/photos/players/250x250/p440854.png&w=250&h=250&fit=cover&a=attention,https://resources.premierleague.com/premierleague/photos/players/110x140/p440854.png,https://fantasy.premierleague.com/dist/img/shirts/standard/shirt_440854.png
Brajan Gruda,Brighton,MID,Leeds,Brighton (A) vs Leeds,0.0,5.4,1.9,0.0,0.1116,708,1,1,2,0,0.0,35,2,3,False,0.0,513433,Gruda,Brajan Gruda,https://images.weserv.nl/?url=resources.premierleague.com/premierleague/photos/players/250x250/p513433.png&w=250&h=250&fit=cover&a=attention,https://resources.premierleague.com/premierleague/photos/players/110x140/p513433.png,https://fantasy.premierleague.com/dist/img/shirts/standard/shirt_513433.png
Jurriën Timber,Arsenal,DEF,Burnley,Arsenal (H) vs Burnley,0.0,6.0,5.0,0.0,0.2826,2452,6,3,5,0,0.0,149,13,4,True,0.0,445122,J.Timber,Jurriën Timber,https://images.weserv.nl/?url=resources.premierleague.com/premierleague/photos/players/250x250/p445122.png&w=250&h=250&fit=cover&a=attention,https://resources.premierleague.com/premierleague/photos/players/110x140/p445122.png,https://fantasy.premierleague.com/dist/img/shirts/standard/shirt_445122.png
Julio Enciso Espínola,Brighton,MID,Leeds,Brighton (A) vs Leeds,0.0,5.4,0.0,0.0,0.0,0,0,0,0,0,0.0,0,0,3,False,0.0,474120,Enciso,Julio Enciso Espínola,https://images.weserv.nl/?url=resources.premierleague.com/premierleague/photos/players/250x250/p474120.png&w=250&h=250&fit=cover&a=attention,https://resources.premierleague.com/premierleague/photos/players/110x140/p474120.png,https://fantasy.premierleague.com/dist/img/shirts/standard/shirt_474120.png
Sam Johnstone,Wolves,GKP,Fulham,Wolves (H) vs Fulham,0.0,4.4,1.8,0.0,0.0,1080,0,0,0,0,3.25,21,0,3,True,0.0,101982,Johnstone,Sam Johnstone,https://images.weserv.nl/?url=resources.premierleague.com/premierleague/photos/players/250x250/p101982.png&w=250&h=250&fit=cover&a=attention,https://resources.premierleague.com/premierleague/photos/players/110x140/p101982.png,https://fantasy.premierleague.com/dist/img/shirts/standard/shirt_101982.png
José Malheiro de Sá,Wolves,GKP,Fulham,Wolves (H) vs Fulham,0.0,4.2,2.8,0.5,0.0,1890,0,0,2,0,2.57,59,4,3,True,0.0,149065,José Sá,José Malheiro de Sá,https://images.weserv.nl/?url=resources.premierleague.com/premierleague/photos/players/250x250/p149065.png&w=250&h=250&fit=cover&a=attention,https://resources.premierleague.com/premierleague/photos/players/110x140/p149065.png,https://fantasy.premierleague.com/dist/img/shirts/standard/shirt_149065.png
Daniel Adu-Adjei,Bournemouth,FWD,Man City,Bournemouth (H) vs Man City,0.0,4.4,0.0,0.0,0.0,0,0,0,0,0,0.0,0,0,2,True,0.0,590760,Adu-Adjei,Daniel Adu-Adjei,https://images.weserv.nl/?url=resources.premierleague.com/premierleague/photos/players/250x250/p590760.png&w=250&h=250&fit=cover&a=attention,https://resources.premierleague.com/premierleague/photos/players/110x140/p590760.png,https://fantasy.premierleague.com/dist/img/shirts/standard/shirt_590760.png
Emmanuel Agbadou,Wolves,DEF,Fulham,Wolves (H) vs Fulham,0.0,4.2,1.6,0.0,0.034199999999999994,1100,0,0,1,1,0.0,23,0,3,True,0.0,516939,Agbadou,Emmanuel Agbadou,https://images.weserv.nl/?url=resources.premierleague.com/premierleague/photos/players/250x250/p516939.png&w=250&h=250&fit=cover&a=attention,https://resources.premierleague.com/premierleague/photos/players/110x140/p516939.png,https://fantasy.premierleague.com/dist/img/shirts/standard/shirt_516939.png
Jacob Slater,Brighton,DEF,Leeds,Brighton (A) vs Leeds,0.0,4.0,0.0,0.0,0.0,0,0,0,0,0,0.0,0,0,3,False,0.0,589100,Slater,Jacob Slater,https://images.weserv.nl/?url=resources.premierleague.com/premierleague/photos/players/250x250/p589100.png&w=250&h=250&fit=cover&a=attention,https://resources.premierleague.com/premierleague/photos/players/110x140/p589100.png,https://fantasy.premierleague.com/dist/img/shirts/standard/shirt_589100.png
Eiran Cashin,Brighton,DEF,Leeds,Brighton (A) vs Leeds,0.0,4.0,0.0,0.0,0.0,0,0,0,0,0,0.0,0,0,3,False,0.0,439135,Cashin,Eiran Cashin,https://images.weserv.nl/?url=resources.premierleague.com/premierleague/photos/players/250x250/p439135.png&w=250&h=250&fit=cover&a=attention,https://resources.premierleague.com/premierleague/photos/players/110x140/p439135.png,https://fantasy.premierleague.com/dist/img/shirts/standard/shirt_439135.png
Adam Webster,Brighton,DEF,Leeds,Brighton (A) vs Leeds,0.0,4.4,0.0,0.0,0.0,0,0,0,0,0,0.0,0,0,3,False,0.0,110735,Webster,Adam Webster,https://images.weserv.nl/?url=resources.premierleague.com/premierleague/photos/players/250x250/p110735.png&w=250&h=250&fit=cover&a=attention,https://resources.premierleague.com/premierleague/photos/players/110x140/p110735.png,https://fantasy.premierleague.com/dist/img/shirts/standard/shirt_110735.png
Tariq Lamptey,Brighton,DEF,Leeds,Brighton (A) vs Leeds,0.0,4.4,0.0,0.0,0.0,0,0,0,0,0,0.0,0,0,3,False,0.0,232792,Lamptey,Tariq Lamptey,https://images.weserv.nl/?url=resources.premierleague.com/premierleague/photos/players/250x250/p232792.png&w=250&h=250&fit=cover&a=attention,https://resources.premierleague.com/premierleague/photos/players/110x140/p232792.png,https://fantasy.premierleague.com/dist/img/shirts/standard/shirt_232792.png
Harry Tyrer,Everton,GKP,Sunderland,Everton (H) vs Sunderland,0.0,3.9,0.0,0.0,0.0,0,0,0,0,0,0.0,0,0,3,True,0.0,447325,Tyrer,Harry Tyrer,https://images.weserv.nl/?url=resources.premierleague.com/premierleague/photos/players/250x250/p447325.png&w=250&h=250&fit=cover&a=attention,https://resources.premierleague.com/premierleague/photos/players/110x140/p447325.png,https://fantasy.premierleague.com/dist/img/shirts/standard/shirt_447325.png
Michael Obafemi,Burnley,FWD,Arsenal,Burnley (A) vs Arsenal,0.0,4.4,0.0,0.0,0.0,0,0,0,0,0,0.0,0,0,1,False,0.0,220598,Obafemi,Michael Obafemi,https://images.weserv.nl/?url=resources.premierleague.com/premierleague/photos/players/250x250/p220598.png&w=250&h=250&fit=cover&a=attention,https://resources.premierleague.com/premierleague/photos/players/110x140/p220598.png,https://fantasy.premierleague.com/dist/img/shirts/standard/shirt_220598.png
Roman Dixon,Everton,DEF,Sunderland,Everton (H) vs Sunderland,0.0,3.8,0.0,0.0,0.0,0,0,0,0,0,0.0,0,0,3,True,0.0,496178,Dixon,Roman Dixon,https://images.weserv.nl/?url=resources.premierleague.com/premierleague/photos/players/250x250/p496178.png&w=250&h=250&fit=cover&a=attention,https://resources.premierleague.com/premierleague/photos/players/110x140/p496178.png,https://fantasy.premierleague.com/dist/img/shirts/standard/shirt_496178.png
Oleksandr Zinchenko,Nott'm Forest,DEF,Man Utd,Nott'm Forest (A) vs Man Utd,0.0,4.9,1.4,0.0,0.004200000000000001,352,0,0,0,0,0.0,7,0,2,False,0.0,206325,Zinchenko,Oleksandr Zinchenko,https://images.weserv.nl/?url=resources.premierleague.com/premierleague/photos/players/250x250/p206325.png&w=250&h=250&fit=cover&a=attention,https://resources.premierleague.com/premierleague/photos/players/110x140/p206325.png,https://fantasy.premierleague.com/dist/img/shirts/standard/shirt_206325.png
Ederson Santana de Moraes,Man City,GKP,Bournemouth,Man City (A) vs Bournemouth,0.0,5.3,0.0,0.0,0.0,0,0,0,0,0,0.0,0,0,3,False,0.0,121160,Ederson M.,Ederson Santana de Moraes,https://images.weserv.nl/?url=resources.premierleague.com/premierleague/photos/players/250x250/p121160.png&w=250&h=250&fit=cover&a=attention,https://resources.premierleague.com/premierleague/photos/players/110x140/p121160.png,https://fantasy.premierleague.com/dist/img/shirts/standard/shirt_121160.png
Isaac Hayden,Newcastle,MID,West Ham,Newcastle (H) vs West Ham,0.0,4.5,0.0,0.0,0.0,0,0,0,0,0,0.0,0,0,3,True,0.0,153127,Hayden,Isaac Hayden,https://images.weserv.nl/?url=resources.premierleague.com/premierleague/photos/players/250x250/p153127.png&w=250&h=250&fit=cover&a=attention,https://resources.premierleague.com/premierleague/photos/players/110x140/p153127.png,https://fantasy.premierleague.com/dist/img/shirts/standard/shirt_153127.png
Garang Kuol,Newcastle,MID,West Ham,Newcastle (H) vs West Ham,0.0,4.4,0.0,0.0,0.0,0,0,0,0,0,0.0,0,0,3,True,0.0,564510,Kuol,Garang Kuol,https://images.weserv.nl/?url=resources.premierleague.com/premierleague/photos/players/250x250/p564510.png&w=250&h=250&fit=cover&a=attention,https://resources.premierleague.com/premierleague/photos/players/110x140/p564510.png,https://fantasy.premierleague.com/dist/img/shirts/standard/shirt_564510.png
Lewis Miley,Newcastle,MID,West Ham,Newcastle (H) vs West Ham,0.0,4.4,3.1,2.8,0.0816,1493,4,1,0,0,0.0,72,2,3,True,0.0,547719,L.Miley,Lewis Miley,https://images.weserv.nl/?url=resources.premierleague.com/premierleague/photos/players/250x250/p547719.png&w=250&h=250&fit=cover&a=attention,https://resources.premierleague.com/premierleague/photos/players/110x140/p547719.png,https://fantasy.premierleague.com/dist/img/shirts/standard/shirt_547719.png
Joe White,Newcastle,MID,West Ham,Newcastle (H) vs West Ham,0.0,4.5,0.0,0.0,0.0,0,0,0,0,0,0.0,0,0,3,True,0.0,461484,White,Joe White,https://images.weserv.nl/?url=resources.premierleague.com/premierleague/photos/players/250x250/p461484.png&w=250&h=250&fit=cover&a=attention,https://resources.premierleague.com/premierleague/photos/players/110x140/p461484.png,https://fantasy.premierleague.com/dist/img/shirts/standard/shirt_461484.png
Hannes Delcroix,Burnley,DEF,Arsenal,Burnley (A) vs Arsenal,0.0,3.8,0.0,0.0,0.0,0,0,0,0,0,0.0,0,0,1,False,0.0,247245,Delcroix,Hannes Delcroix,https://images.weserv.nl/?url=resources.premierleague.com/premierleague/photos/players/250x250/p247245.png&w=250&h=250&fit=cover&a=attention,https://resources.premierleague.com/premierleague/photos/players/110x140/p247245.png,https://fantasy.premierleague.com/dist/img/shirts/standard/shirt_247245.png
Owen Dodgson,Burnley,DEF,Arsenal,Burnley (A) vs Arsenal,0.0,4.0,0.0,0.0,0.0,0,0,0,0,0,0.0,0,0,1,False,0.0,461567,Dodgson,Owen Dodgson,https://images.weserv.nl/?url=resources.premierleague.com/premierleague/photos/players/250x250/p461567.png&w=250&h=250&fit=cover&a=attention,https://resources.premierleague.com/premierleague/photos/players/110x140/p461567.png,https://fantasy.premierleague.com/dist/img/shirts/standard/shirt_461567.png
Giovanni Leoni,Liverpool,DEF,Aston Villa,Liverpool (A) vs Aston Villa,0.0,4.9,0.0,0.0,0.0,0,0,0,0,0,0.0,0,0,3,False,0.0,647681,Leoni,Giovanni Leoni,https://images.weserv.nl/?url=resources.premierleague.com/premierleague/photos/players/250x250/p647681.png&w=250&h=250&fit=cover&a=attention,https://resources.premierleague.com/premierleague/photos/players/110x140/p647681.png,https://fantasy.premierleague.com/dist/img/shirts/standard/shirt_647681.png
Hugo Ekitiké,Liverpool,FWD,Aston Villa,Liverpool (A) vs Aston Villa,0.0,9.0,4.5,0.0,0.606,1797,4,11,0,0,0.0,125,7,3,False,0.0,510663,Ekitiké,Hugo Ekitiké,https://images.weserv.nl/?url=resources.premierleague.com/premierleague/photos/players/250x250/p510663.png&w=250&h=250&fit=cover&a=attention,https://resources.premierleague.com/premierleague/photos/players/110x140/p510663.png,https://fantasy.premierleague.com/dist/img/shirts/standard/shirt_510663.png
Jayden Danns,Liverpool,FWD,Aston Villa,Liverpool (A) vs Aston Villa,0.0,4.3,0.0,0.0,0.0,0,0,0,0,0,0.0,0,0,3,False,0.0,500058,Danns,Jayden Danns,https://images.weserv.nl/?url=resources.premierleague.com/premierleague/photos/players/250x250/p500058.png&w=250&h=250&fit=cover&a=attention,https://resources.premierleague.com/premierleague/photos/players/110x140/p500058.png,https://fantasy.premierleague.com/dist/img/shirts/standard/shirt_500058.png
Donyell Malen,Aston Villa,MID,Liverpool,Aston Villa (H) vs Liverpool,0.0,5.1,2.6,0.0,0.24180000000000001,640,2,4,0,0,0.0,55,1,2,True,0.0,204646,Malen,Donyell Malen,https://images.weserv.nl/?url=resources.premierleague.com/premierleague/photos/players/250x250/p204646.png&w=250&h=250&fit=cover&a=attention,https://resources.premierleague.com/premierleague/photos/players/110x140/p204646.png,https://fantasy.premierleague.com/dist/img/shirts/standard/shirt_204646.png
Darwin Núñez Ribeiro,Liverpool,FWD,Aston Villa,Liverpool (A) vs Aston Villa,0.0,6.5,0.0,0.0,0.0,0,0,0,0,0,0.0,0,0,3,False,0.0,447203,Darwin,Darwin Núñez Ribeiro,https://images.weserv.nl/?url=resources.premierleague.com/premierleague/photos/players/250x250/p447203.png&w=250&h=250&fit=cover&a=attention,https://resources.premierleague.com/premierleague/photos/players/110x140/p447203.png,https://fantasy.premierleague.com/dist/img/shirts/standard/shirt_447203.png
Tyler Morton,Liverpool,MID,Aston Villa,Liverpool (A) vs Aston Villa,0.0,4.5,0.0,0.0,0.0,0,0,0,0,0,0.0,0,0,3,False,0.0,440148,Morton,Tyler Morton,https://images.weserv.nl/?url=resources.premierleague.com/premierleague/photos/players/250x250/p440148.png&w=250&h=250&fit=cover&a=attention,https://resources.premierleague.com/premierleague/photos/players/110x140/p440148.png,https://fantasy.premierleague.com/dist/img/shirts/standard/shirt_440148.png
James McConnell,Liverpool,MID,Aston Villa,Liverpool (A) vs Aston Villa,0.0,4.4,0.0,0.0,0.0,0,0,0,0,0,0.0,0,0,3,False,0.0,491501,McConnell,James McConnell,https://images.weserv.nl/?url=resources.premierleague.com/premierleague/photos/players/250x250/p491501.png&w=250&h=250&fit=cover&a=attention,https://resources.premierleague.com/premierleague/photos/players/110x140/p491501.png,https://fantasy.premierleague.com/dist/img/shirts/standard/shirt_491501.png
Samuel Iling-Junior,Aston Villa,MID,Liverpool,Aston Villa (H) vs Liverpool,0.0,5.5,0.0,0.0,0.0,0,0,0,0,0,0.0,0,0,2,True,0.0,469247,Iling Jr,Samuel Iling-Junior,https://images.weserv.nl/?url=resources.premierleague.com/premierleague/photos/players/250x250/p469247.png&w=250&h=250&fit=cover&a=attention,https://resources.premierleague.com/premierleague/photos/players/110x140/p469247.png,https://fantasy.premierleague.com/dist/img/shirts/standard/shirt_469247.png
Connor Roberts,Burnley,DEF,Arsenal,Burnley (A) vs Arsenal,0.0,4.3,0.0,0.0,0.0,0,0,0,0,0,0.0,0,0,1,False,0.0,192290,Roberts,Connor Roberts,https://images.weserv.nl/?url=resources.premierleague.com/premierleague/photos/players/250x250/p192290.png&w=250&h=250&fit=cover&a=attention,https://resources.premierleague.com/premierleague/photos/players/110x140/p192290.png,https://fantasy.premierleague.com/dist/img/shirts/standard/shirt_192290.png
Stefan Bajčetić Maquieira,Liverpool,MID,Aston Villa,Liverpool (A) vs Aston Villa,0.0,4.2,0.0,0.0,0.0,0,0,0,0,0,0.0,0,0,3,False,0.0,535928,Bajcetic,Stefan Bajčetić Maquieira,https://images.weserv.nl/?url=resources.premierleague.com/premierleague/photos/players/250x250/p535928.png&w=250&h=250&fit=cover&a=attention,https://resources.premierleague.com/premierleague/photos/players/110x140/p535928.png,https://fantasy.premierleague.com/dist/img/shirts/standard/shirt_535928.png
Endo Wataru,Liverpool,MID,Aston Villa,Liverpool (A) vs Aston Villa,0.0,4.9,1.5,0.0,0.0024000000000000002,170,1,0,1,0,0.0,12,1,3,False,0.0,158983,Endo,Endo Wataru,https://images.weserv.nl/?url=resources.premierleague.com/premierleague/photos/players/250x250/p158983.png&w=250&h=250&fit=cover&a=attention,https://resources.premierleague.com/premierleague/photos/players/110x140/p158983.png,https://fantasy.premierleague.com/dist/img/shirts/standard/shirt_158983.png
Carlos Miguel dos Santos Pereira,Nott'm Forest,GKP,Man Utd,Nott'm Forest (A) vs Man Utd,0.0,4.0,0.0,0.0,0.0,0,0,0,0,0,0.0,0,0,2,False,0.0,475123,C.Miguel,Carlos Miguel dos Santos Pereira,https://images.weserv.nl/?url=resources.premierleague.com/premierleague/photos/players/250x250/p475123.png&w=250&h=250&fit=cover&a=attention,https://resources.premierleague.com/premierleague/photos/players/110x140/p475123.png,https://fantasy.premierleague.com/dist/img/shirts/standard/shirt_475123.png
Matt Turner,Nott'm Forest,GKP,Man Utd,Nott'm Forest (A) vs Man Utd,0.0,4.0,0.0,0.0,0.0,0,0,0,0,0,0.0,0,0,2,False,0.0,224068,Turner,Matt Turner,https://images.weserv.nl/?url=resources.premierleague.com/premierleague/photos/players/250x250/p224068.png&w=250&h=250&fit=cover&a=attention,https://resources.premierleague.com/premierleague/photos/players/110x140/p224068.png,https://fantasy.premierleague.com/dist/img/shirts/standard/shirt_224068.png
Luis Díaz Marulanda,Liverpool,MID,Aston Villa,Liverpool (A) vs Aston Villa,0.0,8.0,0.0,0.0,0.0,0,0,0,0,0,0.0,0,0,3,False,0.0,244731,Luis Díaz,Luis Díaz Marulanda,https://images.weserv.nl/?url=resources.premierleague.com/premierleague/photos/players/250x250/p244731.png&w=250&h=250&fit=cover&a=attention,https://resources.premierleague.com/premierleague/photos/players/110x140/p244731.png,https://fantasy.premierleague.com/dist/img/shirts/standard/shirt_244731.png
Jordan Beyer,Burnley,DEF,Arsenal,Burnley (A) vs Arsenal,0.0,3.9,0.0,0.0,0.0,0,0,0,0,0,0.0,0,0,1,False,0.0,241231,Jordan,Jordan Beyer,https://images.weserv.nl/?url=resources.premierleague.com/premierleague/photos/players/250x250/p241231.png&w=250&h=250&fit=cover&a=attention,https://resources.premierleague.com/premierleague/photos/players/110x140/p241231.png,https://fantasy.premierleague.com/dist/img/shirts/standard/shirt_241231.png
Yasin Özcan,Aston Villa,DEF,Liverpool,Aston Villa (H) vs Liverpool,0.0,4.0,0.0,0.0,0.0,0,0,0,0,0,0.0,0,0,2,True,0.0,587178,Yasin,Yasin Özcan,https://images.weserv.nl/?url=resources.premierleague.com/premierleague/photos/players/250x250/p587178.png&w=250&h=250&fit=cover&a=attention,https://resources.premierleague.com/premierleague/photos/players/110x140/p587178.png,https://fantasy.premierleague.com/dist/img/shirts/standard/shirt_587178.png
Lino da Cruz Sousa,Aston Villa,DEF,Liverpool,Aston Villa (H) vs Liverpool,0.0,3.8,0.0,0.0,0.0,0,0,0,0,0,0.0,0,0,2,True,0.0,514315,Sousa,Lino da Cruz Sousa,https://images.weserv.nl/?url=resources.premierleague.com/premierleague/photos/players/250x250/p514315.png&w=250&h=250&fit=cover&a=attention,https://resources.premierleague.com/premierleague/photos/players/110x140/p514315.png,https://fantasy.premierleague.com/dist/img/shirts/standard/shirt_514315.png
David Mota Veiga Teixeira do Carmo,Nott'm Forest,DEF,Man Utd,Nott'm Forest (A) vs Man Utd,0.0,4.5,0.0,0.0,0.0,0,0,0,0,0,0.0,0,0,2,False,0.0,451432,David Carmo,David Mota Veiga Teixeira do Carmo,https://images.weserv.nl/?url=resources.premierleague.com/premierleague/photos/players/250x250/p451432.png&w=250&h=250&fit=cover&a=attention,https://resources.premierleague.com/premierleague/photos/players/110x140/p451432.png,https://fantasy.premierleague.com/dist/img/shirts/standard/shirt_451432.png
Konstantinos Tsimikas,Liverpool,DEF,Aston Villa,Liverpool (A) vs Aston Villa,0.0,4.8,0.0,0.0,0.0,0,0,0,0,0,0.0,0,0,3,False,0.0,214285,Tsimikas,Konstantinos Tsimikas,https://images.weserv.nl/?url=resources.premierleague.com/premierleague/photos/players/250x250/p214285.png&w=250&h=250&fit=cover&a=attention,https://resources.premierleague.com/premierleague/photos/players/110x140/p214285.png,https://fantasy.premierleague.com/dist/img/shirts/standard/shirt_214285.png
Omar Richards,Nott'm Forest,DEF,Man Utd,Nott'm Forest (A) vs Man Utd,0.0,4.5,0.0,0.0,0.0,0,0,0,0,0,0.0,0,0,2,False,0.0,204822,O.Richards,Omar Richards,https://images.weserv.nl/?url=resources.premierleague.com/premierleague/photos/players/250x250/p204822.png&w=250&h=250&fit=cover&a=attention,https://resources.premierleague.com/premierleague/photos/players/110x140/p204822.png,https://fantasy.premierleague.com/dist/img/shirts/standard/shirt_204822.png
Conor Bradley,Liverpool,DEF,Aston Villa,Liverpool (A) vs Aston Villa,0.0,4.9,2.8,0.0,0.0108,928,2,0,5,0,0.0,42,4,3,False,0.0,492777,Bradley,Conor Bradley,https://images.weserv.nl/?url=resources.premierleague.com/premierleague/photos/players/250x250/p492777.png&w=250&h=250&fit=cover&a=attention,https://resources.premierleague.com/premierleague/photos/players/110x140/p492777.png,https://fantasy.premierleague.com/dist/img/shirts/standard/shirt_492777.png
Willy Boly,Nott'm Forest,DEF,Man Utd,Nott'm Forest (A) vs Man Utd,0.0,3.8,0.0,0.0,0.0,0,0,0,0,0,0.0,0,0,2,False,0.0,90585,Boly,Willy Boly,https://images.weserv.nl/?url=resources.premierleague.com/premierleague/photos/players/250x250/p90585.png&w=250&h=250&fit=cover&a=attention,https://resources.premierleague.com/premierleague/photos/players/110x140/p90585.png,https://fantasy.premierleague.com/dist/img/shirts/standard/shirt_90585.png
Shurandy Sambo,Burnley,DEF,Arsenal,Burnley (A) vs Arsenal,0.0,4.0,0.0,0.0,0.0,0,0,0,0,0,0.0,0,0,1,False,0.0,450072,Sambo,Shurandy Sambo,https://images.weserv.nl/?url=resources.premierleague.com/premierleague/photos/players/250x250/p450072.png&w=250&h=250&fit=cover&a=attention,https://resources.premierleague.com/premierleague/photos/players/110x140/p450072.png,https://fantasy.premierleague.com/dist/img/shirts/standard/shirt_450072.png
Antoñito Cordero Campillo,Newcastle,MID,West Ham,Newcastle (H) vs West Ham,0.0,4.9,0.0,0.0,0.0,0,0,0,0,0,0.0,0,0,3,True,0.0,640108,Antoñito C.,Antoñito Cordero Campillo,https://images.weserv.nl/?url=resources.premierleague.com/premierleague/photos/players/250x250/p640108.png&w=250&h=250&fit=cover&a=attention,https://resources.premierleague.com/premierleague/photos/players/110x140/p640108.png,https://fantasy.premierleague.com/dist/img/shirts/standard/shirt_640108.png
Manuel Akanji,Man City,DEF,Bournemouth,Man City (A) vs Bournemouth,0.0,5.4,0.0,0.0,0.0,0,0,0,0,0,0.0,0,0,3,False,0.0,211975,Akanji,Manuel Akanji,https://images.weserv.nl/?url=resources.premierleague.com/premierleague/photos/players/250x250/p211975.png&w=250&h=250&fit=cover&a=attention,https://resources.premierleague.com/premierleague/photos/players/110x140/p211975.png,https://fantasy.premierleague.com/dist/img/shirts/standard/shirt_211975.png
Tymur Tutierov,Sunderland,MID,Everton,Sunderland (A) vs Everton,0.0,4.5,0.0,0.0,0.0,0,0,0,0,0,0.0,0,0,3,False,0.0,604211,Tutierov,Tymur Tutierov,https://images.weserv.nl/?url=resources.premierleague.com/premierleague/photos/players/250x250/p604211.png&w=250&h=250&fit=cover&a=attention,https://resources.premierleague.com/premierleague/photos/players/110x140/p604211.png,https://fantasy.premierleague.com/dist/img/shirts/standard/shirt_604211.png
Stephen Mfuni,Man City,DEF,Bournemouth,Man City (A) vs Bournemouth,0.0,3.9,0.0,0.0,0.0,0,0,0,0,0,0.0,0,0,3,False,0.0,566213,Mfuni,Stephen Mfuni,https://images.weserv.nl/?url=resources.premierleague.com/premierleague/photos/players/250x250/p566213.png&w=250&h=250&fit=cover&a=attention,https://resources.premierleague.com/premierleague/photos/players/110x140/p566213.png,https://fantasy.premierleague.com/dist/img/shirts/standard/shirt_566213.png
Rasmus Højlund,Man Utd,FWD,Nott'm Forest,Man Utd (H) vs Nott'm Forest,0.0,6.3,0.0,0.0,0.0,0,0,0,0,0,0.0,0,0,3,True,0.0,497894,Højlund,Rasmus Højlund,https://images.weserv.nl/?url=resources.premierleague.com/premierleague/photos/players/250x250/p497894.png&w=250&h=250&fit=cover&a=attention,https://resources.premierleague.com/premierleague/photos/players/110x140/p497894.png,https://fantasy.premierleague.com/dist/img/shirts/standard/shirt_497894.png
Toby Collyer,Man Utd,MID,Nott'm Forest,Man Utd (H) vs Nott'm Forest,0.0,4.5,0.0,0.0,0.0,0,0,0,0,0,0.0,0,0,3,True,0.0,490881,Collyer,Toby Collyer,https://images.weserv.nl/?url=resources.premierleague.com/premierleague/photos/players/250x250/p490881.png&w=250&h=250&fit=cover&a=attention,https://resources.premierleague.com/premierleague/photos/players/110x140/p490881.png,https://fantasy.premierleague.com/dist/img/shirts/standard/shirt_490881.png
Zépiqueno Redmond,Aston Villa,FWD,Liverpool,Aston Villa (H) vs Liverpool,0.0,4.5,0.0,0.0,0.0,0,0,0,0,0,0.0,0,0,2,True,0.0,576756,Redmond,Zépiqueno Redmond,https://images.weserv.nl/?url=resources.premierleague.com/premierleague/photos/players/250x250/p576756.png&w=250&h=250&fit=cover&a=attention,https://resources.premierleague.com/premierleague/photos/players/110x140/p576756.png,https://fantasy.premierleague.com/dist/img/shirts/standard/shirt_576756.png
Ethan Wheatley,Man Utd,FWD,Nott'm Forest,Man Utd (H) vs Nott'm Forest,0.0,4.5,0.0,0.0,0.0,0,0,0,0,0,0.0,0,0,3,True,0.0,575034,Wheatley,Ethan Wheatley,https://images.weserv.nl/?url=resources.premierleague.com/premierleague/photos/players/250x250/p575034.png&w=250&h=250&fit=cover&a=attention,https://resources.premierleague.com/premierleague/photos/players/110x140/p575034.png,https://fantasy.premierleague.com/dist/img/shirts/standard/shirt_575034.png
Kadan Young,Aston Villa,MID,Liverpool,Aston Villa (H) vs Liverpool,0.0,4.3,0.0,0.0,0.0,0,0,0,0,0,0.0,0,0,2,True,0.0,537403,Young,Kadan Young,https://images.weserv.nl/?url=resources.premierleague.com/premierleague/photos/players/250x250/p537403.png&w=250&h=250&fit=cover&a=attention,https://resources.premierleague.com/premierleague/photos/players/110x140/p537403.png,https://fantasy.premierleague.com/dist/img/shirts/standard/shirt_537403.png
Jamaldeen Jimoh-Aloba,Aston Villa,MID,Liverpool,Aston Villa (H) vs Liverpool,0.0,4.5,1.0,0.0,0.0,8,0,0,0,0,0.0,1,0,2,True,0.0,559962,Jimoh-Aloba,Jamaldeen Jimoh-Aloba,https://images.weserv.nl/?url=resources.premierleague.com/premierleague/photos/players/250x250/p559962.png&w=250&h=250&fit=cover&a=attention,https://resources.premierleague.com/premierleague/photos/players/110x140/p559962.png,https://fantasy.premierleague.com/dist/img/shirts/standard/shirt_559962.png
Antony dos Santos,Man Utd,MID,Nott'm Forest,Man Utd (H) vs Nott'm Forest,0.0,5.9,0.0,0.0,0.0,0,0,0,0,0,0.0,0,0,3,True,0.0,467169,Antony,Antony dos Santos,https://images.weserv.nl/?url=resources.premierleague.com/premierleague/photos/players/250x250/p467169.png&w=250&h=250&fit=cover&a=attention,https://resources.premierleague.com/premierleague/photos/players/110x140/p467169.png,https://fantasy.premierleague.com/dist/img/shirts/standard/shirt_467169.png
Marcus Rashford,Man Utd,MID,Nott'm Forest,Man Utd (H) vs Nott'm Forest,0.0,7.0,0.0,0.0,0.0,0,0,0,0,0,0.0,0,0,3,True,0.0,176297,Rashford,Marcus Rashford,https://images.weserv.nl/?url=resources.premierleague.com/premierleague/photos/players/250x250/p176297.png&w=250&h=250&fit=cover&a=attention,https://resources.premierleague.com/premierleague/photos/players/110x140/p176297.png,https://fantasy.premierleague.com/dist/img/shirts/standard/shirt_176297.png
Harry Amass,Man Utd,DEF,Nott'm Forest,Man Utd (H) vs Nott'm Forest,0.0,4.0,0.0,0.0,0.0,0,0,0,0,0,0.0,0,0,3,True,0.0,577974,Amass,Harry Amass,https://images.weserv.nl/?url=resources.premierleague.com/premierleague/photos/players/250x250/p577974.png&w=250&h=250&fit=cover&a=attention,https://resources.premierleague.com/premierleague/photos/players/110x140/p577974.png,https://fantasy.premierleague.com/dist/img/shirts/standard/shirt_577974.png
Triston Rowe,Aston Villa,DEF,Liverpool,Aston Villa (H) vs Liverpool,0.0,4.0,0.0,0.0,0.0,0,0,0,0,0,0.0,0,0,2,True,0.0,569577,Rowe,Triston Rowe,https://images.weserv.nl/?url=resources.premierleague.com/premierleague/photos/players/250x250/p569577.png&w=250&h=250&fit=cover&a=attention,https://resources.premierleague.com/premierleague/photos/players/110x140/p569577.png,https://fantasy.premierleague.com/dist/img/shirts/standard/shirt_569577.png
Matthijs de Ligt,Man Utd,DEF,Nott'm Forest,Man Utd (H) vs Nott'm Forest,0.0,4.9,3.3,0.0,0.0828,1170,0,1,0,0,0.0,43,1,3,True,0.0,209365,De Ligt,Matthijs de Ligt,https://images.weserv.nl/?url=resources.premierleague.com/premierleague/photos/players/250x250/p209365.png&w=250&h=250&fit=cover&a=attention,https://resources.premierleague.com/premierleague/photos/players/110x140/p209365.png,https://fantasy.premierleague.com/dist/img/shirts/standard/shirt_209365.png
Elyh Harrison,Man Utd,GKP,Nott'm Forest,Man Utd (H) vs Nott'm Forest,0.0,4.0,0.0,0.0,0.0,0,0,0,0,0,0.0,0,0,3,True,0.0,588555,Harrison,Elyh Harrison,https://images.weserv.nl/?url=resources.premierleague.com/premierleague/photos/players/250x250/p588555.png&w=250&h=250&fit=cover&a=attention,https://resources.premierleague.com/premierleague/photos/players/110x140/p588555.png,https://fantasy.premierleague.com/dist/img/shirts/standard/shirt_588555.png
André Onana,Man Utd,GKP,Nott'm Forest,Man Utd (H) vs Nott'm Forest,0.0,4.9,0.0,0.0,0.0,0,0,0,0,0,0.0,0,0,3,True,0.0,202641,Onana,André Onana,https://images.weserv.nl/?url=resources.premierleague.com/premierleague/photos/players/250x250/p202641.png&w=250&h=250&fit=cover&a=attention,https://resources.premierleague.com/premierleague/photos/players/110x140/p202641.png,https://fantasy.premierleague.com/dist/img/shirts/standard/shirt_202641.png
Leander Dendoncker,Aston Villa,MID,Liverpool,Aston Villa (H) vs Liverpool,0.0,4.5,0.0,0.0,0.0,0,0,0,0,0,0.0,0,0,2,True,0.0,151589,Dendoncker,Leander Dendoncker,https://images.weserv.nl/?url=resources.premierleague.com/premierleague/photos/players/250x250/p151589.png&w=250&h=250&fit=cover&a=attention,https://resources.premierleague.com/premierleague/photos/players/110x140/p151589.png,https://fantasy.premierleague.com/dist/img/shirts/standard/shirt_151589.png
Odysseas Vlachodimos,Newcastle,GKP,West Ham,Newcastle (H) vs West Ham,0.0,4.0,0.0,0.0,0.0,0,0,0,0,0,0.0,0,0,3,True,0.0,111452,Odysseas,Odysseas Vlachodimos,https://images.weserv.nl/?url=resources.premierleague.com/premierleague/photos/players/250x250/p111452.png&w=250&h=250&fit=cover&a=attention,https://resources.premierleague.com/premierleague/photos/players/110x140/p111452.png,https://fantasy.premierleague.com/dist/img/shirts/standard/shirt_111452.png
Enzo Barrenechea,Aston Villa,MID,Liverpool,Aston Villa (H) vs Liverpool,0.0,5.0,0.0,0.0,0.0,0,0,0,0,0,0.0,0,0,2,True,0.0,491287,Barrenechea,Enzo Barrenechea,https://images.weserv.nl/?url=resources.premierleague.com/premierleague/photos/players/250x250/p491287.png&w=250&h=250&fit=cover&a=attention,https://resources.premierleague.com/premierleague/photos/players/110x140/p491287.png,https://fantasy.premierleague.com/dist/img/shirts/standard/shirt_491287.png
Divine Mukasa,Man City,MID,Bournemouth,Man City (A) vs Bournemouth,0.0,4.4,1.0,0.0,0.0,25,0,0,0,0,0.0,2,0,3,False,0.0,590039,Mukasa,Divine Mukasa,https://images.weserv.nl/?url=resources.premierleague.com/premierleague/photos/players/250x250/p590039.png&w=250&h=250&fit=cover&a=attention,https://resources.premierleague.com/premierleague/photos/players/110x140/p590039.png,https://fantasy.premierleague.com/dist/img/shirts/standard/shirt_590039.png
Fabian Schär,Newcastle,DEF,West Ham,Newcastle (H) vs West Ham,0.0,5.2,3.2,0.0,0.058199999999999995,1089,0,0,1,0,0.0,51,4,3,True,0.0,119471,Schär,Fabian Schär,https://images.weserv.nl/?url=resources.premierleague.com/premierleague/photos/players/250x250/p119471.png&w=250&h=250&fit=cover&a=attention,https://resources.premierleague.com/premierleague/photos/players/110x140/p119471.png,https://fantasy.premierleague.com/dist/img/shirts/standard/shirt_119471.png
Ben Broggio,Aston Villa,MID,Liverpool,Aston Villa (H) vs Liverpool,0.0,4.4,0.0,0.0,0.0,0,0,0,0,0,0.0,0,0,2,True,0.0,577731,Broggio,Ben Broggio,https://images.weserv.nl/?url=resources.premierleague.com/premierleague/photos/players/250x250/p577731.png&w=250&h=250&fit=cover&a=attention,https://resources.premierleague.com/premierleague/photos/players/110x140/p577731.png,https://fantasy.premierleague.com/dist/img/shirts/standard/shirt_577731.png
Boubacar Kamara,Aston Villa,MID,Liverpool,Aston Villa (H) vs Liverpool,0.0,4.9,3.4,0.0,0.0318,1410,3,1,5,0,0.0,61,5,2,True,0.0,226944,Kamara,Boubacar Kamara,https://images.weserv.nl/?url=resources.premierleague.com/premierleague/photos/players/250x250/p226944.png&w=250&h=250&fit=cover&a=attention,https://resources.premierleague.com/premierleague/photos/players/110x140/p226944.png,https://fantasy.premierleague.com/dist/img/shirts/standard/shirt_226944.png
Tino Livramento,Newcastle,DEF,West Ham,Newcastle (H) vs West Ham,0.0,4.9,3.5,0.6,0.0078,1326,1,0,1,0,0.0,59,6,3,True,0.0,441191,Livramento,Tino Livramento,https://images.weserv.nl/?url=resources.premierleague.com/premierleague/photos/players/250x250/p441191.png&w=250&h=250&fit=cover&a=attention,https://resources.premierleague.com/premierleague/photos/players/110x140/p441191.png,https://fantasy.premierleague.com/dist/img/shirts/standard/shirt_441191.png
Emil Krafth,Newcastle,DEF,West Ham,Newcastle (H) vs West Ham,0.0,4.3,0.0,0.0,0.0,45,0,0,0,0,0.0,0,0,3,True,0.0,111773,Krafth,Emil Krafth,https://images.weserv.nl/?url=resources.premierleague.com/premierleague/photos/players/250x250/p111773.png&w=250&h=250&fit=cover&a=attention,https://resources.premierleague.com/premierleague/photos/players/110x140/p111773.png,https://fantasy.premierleague.com/dist/img/shirts/standard/shirt_111773.png
Jamaal Lascelles,Newcastle,DEF,West Ham,Newcastle (H) vs West Ham,0.0,4.3,0.5,0.0,0.0024000000000000002,19,0,0,0,0,0.0,1,0,3,True,0.0,101148,Lascelles,Jamaal Lascelles,https://images.weserv.nl/?url=resources.premierleague.com/premierleague/photos/players/250x250/p101148.png&w=250&h=250&fit=cover&a=attention,https://resources.premierleague.com/premierleague/photos/players/110x140/p101148.png,https://fantasy.premierleague.com/dist/img/shirts/standard/shirt_101148.png
Kalvin Phillips,Man City,MID,Bournemouth,Man City (A) vs Bournemouth,0.0,4.7,0.0,0.0,0.0,0,0,0,0,0,0.0,0,0,3,False,0.0,155405,Phillips,Kalvin Phillips,https://images.weserv.nl/?url=resources.premierleague.com/premierleague/photos/players/250x250/p155405.png&w=250&h=250&fit=cover&a=attention,https://resources.premierleague.com/premierleague/photos/players/110x140/p155405.png,https://fantasy.premierleague.com/dist/img/shirts/standard/shirt_155405.png
Harrison Ashby,Newcastle,DEF,West Ham,Newcastle (H) vs West Ham,0.0,3.9,0.0,0.0,0.0,0,0,0,0,0,0.0,0,0,3,True,0.0,441024,Ashby,Harrison Ashby,https://images.weserv.nl/?url=resources.premierleague.com/premierleague/photos/players/250x250/p441024.png&w=250&h=250&fit=cover&a=attention,https://resources.premierleague.com/premierleague/photos/players/110x140/p441024.png,https://fantasy.premierleague.com/dist/img/shirts/standard/shirt_441024.png
Claudio Echeverri,Man City,MID,Bournemouth,Man City (A) vs Bournemouth,0.0,5.4,0.0,0.0,0.0,0,0,0,0,0,0.0,0,0,3,False,0.0,575204,Echeverri,Claudio Echeverri,https://images.weserv.nl/?url=resources.premierleague.com/premierleague/photos/players/250x250/p575204.png&w=250&h=250&fit=cover&a=attention,https://resources.premierleague.com/premierleague/photos/players/110x140/p575204.png,https://fantasy.premierleague.com/dist/img/shirts/standard/shirt_575204.png
Matt Targett,Newcastle,DEF,West Ham,Newcastle (H) vs West Ham,0.0,4.0,0.0,0.0,0.0,0,0,0,0,0,0.0,0,0,3,True,0.0,169359,Targett,Matt Targett,https://images.weserv.nl/?url=resources.premierleague.com/premierleague/photos/players/250x250/p169359.png&w=250&h=250&fit=cover&a=attention,https://resources.premierleague.com/premierleague/photos/players/110x140/p169359.png,https://fantasy.premierleague.com/dist/img/shirts/standard/shirt_169359.png
Lewis Dobbin,Aston Villa,MID,Liverpool,Aston Villa (H) vs Liverpool,0.0,5.0,0.0,0.0,0.0,0,0,0,0,0,0.0,0,0,2,True,0.0,461421,Dobbin,Lewis Dobbin,https://images.weserv.nl/?url=resources.premierleague.com/premierleague/photos/players/250x250/p461421.png&w=250&h=250&fit=cover&a=attention,https://resources.premierleague.com/premierleague/photos/players/110x140/p461421.png,https://fantasy.premierleague.com/dist/img/shirts/standard/shirt_461421.png
İlkay Gündoğan,Man City,MID,Bournemouth,Man City (A) vs Bournemouth,0.0,6.3,0.0,0.0,0.0,0,0,0,0,0,0.0,0,0,3,False,0.0,59859,Gündoğan,İlkay Gündoğan,https://images.weserv.nl/?url=resources.premierleague.com/premierleague/photos/players/250x250/p59859.png&w=250&h=250&fit=cover&a=attention,https://resources.premierleague.com/premierleague/photos/players/110x140/p59859.png,https://fantasy.premierleague.com/dist/img/shirts/standard/shirt_59859.png
Etienne Green,Burnley,GKP,Arsenal,Burnley (A) vs Arsenal,0.0,4.0,0.0,0.0,0.0,0,0,0,0,0,0.0,0,0,1,False,0.0,489571,Green,Etienne Green,https://images.weserv.nl/?url=resources.premierleague.com/premierleague/photos/players/250x250/p489571.png&w=250&h=250&fit=cover&a=attention,https://resources.premierleague.com/premierleague/photos/players/110x140/p489571.png,https://fantasy.premierleague.com/dist/img/shirts/standard/shirt_489571.png
Callum Hudson-Odoi,Nott'm Forest,MID,Man Utd,Nott'm Forest (A) vs Man Utd,0.0,5.7,2.9,1.4,0.1662,1838,4,3,0,0,0.0,88,6,2,False,0.0,209046,Hudson-Odoi,Callum Hudson-Odoi,https://images.weserv.nl/?url=resources.premierleague.com/premierleague/photos/players/250x250/p209046.png&w=250&h=250&fit=cover&a=attention,https://resources.premierleague.com/premierleague/photos/players/110x140/p209046.png,https://fantasy.premierleague.com/dist/img/shirts/standard/shirt_209046.png
Álex Moreno Lopera,Aston Villa,DEF,Liverpool,Aston Villa (H) vs Liverpool,0.0,4.0,0.0,0.0,0.0,0,0,0,0,0,0.0,0,0,2,True,0.0,106468,Alex Moreno,Álex Moreno Lopera,https://images.weserv.nl/?url=resources.premierleague.com/premierleague/photos/players/250x250/p106468.png&w=250&h=250&fit=cover&a=attention,https://resources.premierleague.com/premierleague/photos/players/110x140/p106468.png,https://fantasy.premierleague.com/dist/img/shirts/standard/shirt_106468.png
João Pedro Ferreira da Silva,Nott'm Forest,MID,Man Utd,Nott'm Forest (A) vs Man Utd,0.0,5.4,1.0,0.0,0.0,11,0,0,0,0,0.0,1,0,2,False,0.0,510500,Jota,João Pedro Ferreira da Silva,https://images.weserv.nl/?url=resources.premierleague.com/premierleague/photos/players/250x250/p510500.png&w=250&h=250&fit=cover&a=attention,https://resources.premierleague.com/premierleague/photos/players/110x140/p510500.png,https://fantasy.premierleague.com/dist/img/shirts/standard/shirt_510500.png
Jay Matete,Sunderland,MID,Everton,Sunderland (A) vs Everton,0.0,4.3,0.0,0.0,0.0,0,0,0,0,0,0.0,0,0,3,False,0.0,493837,Matete,Jay Matete,https://images.weserv.nl/?url=resources.premierleague.com/premierleague/photos/players/250x250/p493837.png&w=250&h=250&fit=cover&a=attention,https://resources.premierleague.com/premierleague/photos/players/110x140/p493837.png,https://fantasy.premierleague.com/dist/img/shirts/standard/shirt_493837.png
Jenson Seelt,Sunderland,DEF,Everton,Sunderland (A) vs Everton,0.0,4.0,1.0,0.0,0.0,133,0,0,0,0,0.0,2,0,3,False,0.0,519634,Seelt,Jenson Seelt,https://images.weserv.nl/?url=resources.premierleague.com/premierleague/photos/players/250x250/p519634.png&w=250&h=250&fit=cover&a=attention,https://resources.premierleague.com/premierleague/photos/players/110x140/p519634.png,https://fantasy.premierleague.com/dist/img/shirts/standard/shirt_519634.png
Simon Adingra,Sunderland,MID,Everton,Sunderland (A) vs Everton,0.0,4.9,2.4,0.0,0.020999999999999998,649,1,1,2,0,0.0,34,4,3,False,0.0,535818,Adingra,Simon Adingra,https://images.weserv.nl/?url=resources.premierleague.com/premierleague/photos/players/250x250/p535818.png&w=250&h=250&fit=cover&a=attention,https://resources.premierleague.com/premierleague/photos/players/110x140/p535818.png,https://fantasy.premierleague.com/dist/img/shirts/standard/shirt_535818.png
Joe Gauci,Aston Villa,GKP,Liverpool,Aston Villa (H) vs Liverpool,0.0,4.0,0.0,0.0,0.0,0,0,0,0,0,0.0,0,0,2,True,0.0,462492,Gauci,Joe Gauci,https://images.weserv.nl/?url=resources.premierleague.com/premierleague/photos/players/250x250/p462492.png&w=250&h=250&fit=cover&a=attention,https://resources.premierleague.com/premierleague/photos/players/110x140/p462492.png,https://fantasy.premierleague.com/dist/img/shirts/standard/shirt_462492.png
Patrick Roberts,Sunderland,MID,Everton,Sunderland (A) vs Everton,0.0,5.4,1.0,0.0,0.0018,27,0,0,0,0,0.0,1,0,3,False,0.0,124165,Roberts,Patrick Roberts,https://images.weserv.nl/?url=resources.premierleague.com/premierleague/photos/players/250x250/p124165.png&w=250&h=250&fit=cover&a=attention,https://resources.premierleague.com/premierleague/photos/players/110x140/p124165.png,https://fantasy.premierleague.com/dist/img/shirts/standard/shirt_124165.png
Luke Harris,Fulham,MID,Wolves,Fulham (A) vs Wolves,0.0,4.5,0.0,0.0,0.0,0,0,0,0,0,0.0,0,0,4,False,0.0,515024,Harris,Luke Harris,https://images.weserv.nl/?url=resources.premierleague.com/premierleague/photos/players/250x250/p515024.png&w=250&h=250&fit=cover&a=attention,https://resources.premierleague.com/premierleague/photos/players/110x140/p515024.png,https://fantasy.premierleague.com/dist/img/shirts/standard/shirt_515024.png
Romaine Mundle,Sunderland,MID,Everton,Sunderland (A) vs Everton,0.0,4.9,1.0,0.0,0.0522,399,0,0,1,0,0.0,14,0,3,False,0.0,461199,Mundle,Romaine Mundle,https://images.weserv.nl/?url=resources.premierleague.com/premierleague/photos/players/250x250/p461199.png&w=250&h=250&fit=cover&a=attention,https://resources.premierleague.com/premierleague/photos/players/110x140/p461199.png,https://fantasy.premierleague.com/dist/img/shirts/standard/shirt_461199.png
Dan Neil,Sunderland,MID,Everton,Sunderland (A) vs Everton,0.0,4.8,1.0,0.0,0.0,13,0,0,0,0,0.0,3,0,3,False,0.0,223336,Neil,Dan Neil,https://images.weserv.nl/?url=resources.premierleague.com/premierleague/photos/players/250x250/p223336.png&w=250&h=250&fit=cover&a=attention,https://resources.premierleague.com/premierleague/photos/players/110x140/p223336.png,https://fantasy.premierleague.com/dist/img/shirts/standard/shirt_223336.png
Martial Godo,Fulham,MID,Wolves,Fulham (A) vs Wolves,0.0,4.5,0.0,0.0,0.0,0,0,0,0,0,0.0,0,0,4,False,0.0,573062,Godo,Martial Godo,https://images.weserv.nl/?url=resources.premierleague.com/premierleague/photos/players/250x250/p573062.png&w=250&h=250&fit=cover&a=attention,https://resources.premierleague.com/premierleague/photos/players/110x140/p573062.png,https://fantasy.premierleague.com/dist/img/shirts/standard/shirt_573062.png
Aaron Ramsey,Burnley,MID,Arsenal,Burnley (A) vs Arsenal,0.0,4.4,0.0,0.0,0.0,0,0,0,0,0,0.0,0,0,1,False,0.0,447715,A.Ramsey,Aaron Ramsey,https://images.weserv.nl/?url=resources.premierleague.com/premierleague/photos/players/250x250/p447715.png&w=250&h=250&fit=cover&a=attention,https://resources.premierleague.com/premierleague/photos/players/110x140/p447715.png,https://fantasy.premierleague.com/dist/img/shirts/standard/shirt_447715.png
Ryan Sessegnon,Fulham,MID,Wolves,Fulham (A) vs Wolves,0.0,5.4,3.5,3.5,0.096,1816,3,3,0,0,0.0,95,6,4,False,0.0,184349,Sessegnon,Ryan Sessegnon,https://images.weserv.nl/?url=resources.premierleague.com/premierleague/photos/players/250x250/p184349.png&w=250&h=250&fit=cover&a=attention,https://resources.premierleague.com/premierleague/photos/players/110x140/p184349.png,https://fantasy.premierleague.com/dist/img/shirts/standard/shirt_184349.png
Andreas Hoelgebaum Pereira,Fulham,MID,Wolves,Fulham (A) vs Wolves,0.0,5.3,0.0,0.0,0.0,0,0,0,0,0,0.0,0,0,4,False,0.0,156689,Andreas,Andreas Hoelgebaum Pereira,https://images.weserv.nl/?url=resources.premierleague.com/premierleague/photos/players/250x250/p156689.png&w=250&h=250&fit=cover&a=attention,https://resources.premierleague.com/premierleague/photos/players/110x140/p156689.png,https://fantasy.premierleague.com/dist/img/shirts/standard/shirt_156689.png
Alex Iwobi,Fulham,MID,Wolves,Fulham (A) vs Wolves,0.0,6.1,3.6,0.2,0.0846,2264,3,4,3,0,0.0,98,4,4,False,0.0,153133,Iwobi,Alex Iwobi,https://images.weserv.nl/?url=resources.premierleague.com/premierleague/photos/players/250x250/p153133.png&w=250&h=250&fit=cover&a=attention,https://resources.premierleague.com/premierleague/photos/players/110x140/p153133.png,https://fantasy.premierleague.com/dist/img/shirts/standard/shirt_153133.png
Alan Browne,Sunderland,MID,Everton,Sunderland (A) vs Everton,0.0,4.5,0.0,0.0,0.0,0,0,0,0,0,0.0,0,0,3,False,0.0,171422,Browne,Alan Browne,https://images.weserv.nl/?url=resources.premierleague.com/premierleague/photos/players/250x250/p171422.png&w=250&h=250&fit=cover&a=attention,https://resources.premierleague.com/premierleague/photos/players/110x140/p171422.png,https://fantasy.premierleague.com/dist/img/shirts/standard/shirt_171422.png
Pierre Ekwah Elimby,Sunderland,MID,Everton,Sunderland (A) vs Everton,0.0,4.5,0.0,0.0,0.0,0,0,0,0,0,0.0,0,0,3,False,0.0,458297,Ekwah,Pierre Ekwah Elimby,https://images.weserv.nl/?url=resources.premierleague.com/premierleague/photos/players/250x250/p458297.png&w=250&h=250&fit=cover&a=attention,https://resources.premierleague.com/premierleague/photos/players/110x140/p458297.png,https://fantasy.premierleague.com/dist/img/shirts/standard/shirt_458297.png
Nectarios Triantis,Sunderland,MID,Everton,Sunderland (A) vs Everton,0.0,4.4,0.0,0.0,0.0,0,0,0,0,0,0.0,0,0,3,False,0.0,500696,Triantis,Nectarios Triantis,https://images.weserv.nl/?url=resources.premierleague.com/premierleague/photos/players/250x250/p500696.png&w=250&h=250&fit=cover&a=attention,https://resources.premierleague.com/premierleague/photos/players/110x140/p500696.png,https://fantasy.premierleague.com/dist/img/shirts/standard/shirt_500696.png
Oliver Sonne,Burnley,DEF,Arsenal,Burnley (A) vs Arsenal,0.0,3.8,1.9,0.0,0.033,164,0,1,0,0,0.0,13,0,1,False,0.0,519895,Sonne,Oliver Sonne,https://images.weserv.nl/?url=resources.premierleague.com/premierleague/photos/players/250x250/p519895.png&w=250&h=250&fit=cover&a=attention,https://resources.premierleague.com/premierleague/photos/players/110x140/p519895.png,https://fantasy.premierleague.com/dist/img/shirts/standard/shirt_519895.png
Oluwaseun Adewumi,Burnley,MID,Arsenal,Burnley (A) vs Arsenal,0.0,4.5,0.0,0.0,0.0,0,0,0,0,0,0.0,0,0,1,False,0.0,576323,Adewumi,Oluwaseun Adewumi,https://images.weserv.nl/?url=resources.premierleague.com/premierleague/photos/players/250x250/p576323.png&w=250&h=250&fit=cover&a=attention,https://resources.premierleague.com/premierleague/photos/players/110x140/p576323.png,https://fantasy.premierleague.com/dist/img/shirts/standard/shirt_576323.png
Jaydon Banel,Burnley,MID,Arsenal,Burnley (A) vs Arsenal,0.0,4.5,1.0,0.0,0.0,9,0,0,0,0,0.0,1,0,1,False,0.0,551206,Banel,Jaydon Banel,https://images.weserv.nl/?url=resources.premierleague.com/premierleague/photos/players/250x250/p551206.png&w=250&h=250&fit=cover&a=attention,https://resources.premierleague.com/premierleague/photos/players/110x140/p551206.png,https://fantasy.premierleague.com/dist/img/shirts/standard/shirt_551206.png
Steven Benda,Fulham,GKP,Wolves,Fulham (A) vs Wolves,0.0,4.0,0.0,0.0,0.0,0,0,0,0,0,0.0,0,0,4,False,0.0,428971,Benda,Steven Benda,https://images.weserv.nl/?url=resources.premierleague.com/premierleague/photos/players/250x250/p428971.png&w=250&h=250&fit=cover&a=attention,https://resources.premierleague.com/premierleague/photos/players/110x140/p428971.png,https://fantasy.premierleague.com/dist/img/shirts/standard/shirt_428971.png
Luís Hemir Silva Semedo,Sunderland,FWD,Everton,Sunderland (A) vs Everton,0.0,4.4,0.0,0.0,0.0,0,0,0,0,0,0.0,0,0,3,False,0.0,551153,Luís Hemir,Luís Hemir Silva Semedo,https://images.weserv.nl/?url=resources.premierleague.com/premierleague/photos/players/250x250/p551153.png&w=250&h=250&fit=cover&a=attention,https://resources.premierleague.com/premierleague/photos/players/110x140/p551153.png,https://fantasy.premierleague.com/dist/img/shirts/standard/shirt_551153.png
Nazarii Rusyn,Sunderland,FWD,Everton,Sunderland (A) vs Everton,0.0,4.4,0.0,0.0,0.0,0,0,0,0,0,0.0,0,0,3,False,0.0,440955,Rusyn,Nazarii Rusyn,https://images.weserv.nl/?url=resources.premierleague.com/premierleague/photos/players/250x250/p440955.png&w=250&h=250&fit=cover&a=attention,https://resources.premierleague.com/premierleague/photos/players/110x140/p440955.png,https://fantasy.premierleague.com/dist/img/shirts/standard/shirt_440955.png
Elijah Campbell,Everton,DEF,Sunderland,Everton (H) vs Sunderland,0.0,3.9,0.0,0.0,0.0,0,0,0,0,0,0.0,0,0,3,True,0.0,491745,Campbell,Elijah Campbell,https://images.weserv.nl/?url=resources.premierleague.com/premierleague/photos/players/250x250/p491745.png&w=250&h=250&fit=cover&a=attention,https://resources.premierleague.com/premierleague/photos/players/110x140/p491745.png,https://fantasy.premierleague.com/dist/img/shirts/standard/shirt_491745.png
Tyler Onyango,Everton,MID,Sunderland,Everton (H) vs Sunderland,0.0,4.5,0.0,0.0,0.0,0,0,0,0,0,0.0,0,0,3,True,0.0,461446,Onyango,Tyler Onyango,https://images.weserv.nl/?url=resources.premierleague.com/premierleague/photos/players/250x250/p461446.png&w=250&h=250&fit=cover&a=attention,https://resources.premierleague.com/premierleague/photos/players/110x140/p461446.png,https://fantasy.premierleague.com/dist/img/shirts/standard/shirt_461446.png
Arthur Masuaku,Sunderland,DEF,Everton,Sunderland (A) vs Everton,0.0,3.9,0.3,0.0,0.004200000000000001,125,0,0,1,0,0.0,1,0,3,False,0.0,105717,Masuaku,Arthur Masuaku,https://images.weserv.nl/?url=resources.premierleague.com/premierleague/photos/players/250x250/p105717.png&w=250&h=250&fit=cover&a=attention,https://resources.premierleague.com/premierleague/photos/players/110x140/p105717.png,https://fantasy.premierleague.com/dist/img/shirts/standard/shirt_105717.png
Jack Grealish,Everton,MID,Sunderland,Everton (H) vs Sunderland,0.0,6.3,4.0,0.0,0.12299999999999997,1627,6,2,3,1,0.0,79,7,3,True,0.0,114283,Grealish,Jack Grealish,https://images.weserv.nl/?url=resources.premierleague.com/premierleague/photos/players/250x250/p114283.png&w=250&h=250&fit=cover&a=attention,https://resources.premierleague.com/premierleague/photos/players/110x140/p114283.png,https://fantasy.premierleague.com/dist/img/shirts/standard/shirt_114283.png
Martin Sherif,Everton,FWD,Sunderland,Everton (H) vs Sunderland,0.0,4.4,0.0,0.0,0.0,0,0,0,0,0,0.0,0,0,3,True,0.0,536241,Sherif,Martin Sherif,https://images.weserv.nl/?url=resources.premierleague.com/premierleague/photos/players/250x250/p536241.png&w=250&h=250&fit=cover&a=attention,https://resources.premierleague.com/premierleague/photos/players/110x140/p536241.png,https://fantasy.premierleague.com/dist/img/shirts/standard/shirt_536241.png
Youssef Ramalho Chermiti,Everton,FWD,Sunderland,Everton (H) vs Sunderland,0.0,4.9,0.0,0.0,0.0,0,0,0,0,0,0.0,0,0,3,True,0.0,491012,Y.Chermiti,Youssef Ramalho Chermiti,https://images.weserv.nl/?url=resources.premierleague.com/premierleague/photos/players/250x250/p491012.png&w=250&h=250&fit=cover&a=attention,https://resources.premierleague.com/premierleague/photos/players/110x140/p491012.png,https://fantasy.premierleague.com/dist/img/shirts/standard/shirt_491012.png
Jenson Metcalfe,Everton,MID,Sunderland,Everton (H) vs Sunderland,0.0,4.5,0.0,0.0,0.0,0,0,0,0,0,0.0,0,0,3,True,0.0,491557,Metcalfe,Jenson Metcalfe,https://images.weserv.nl/?url=resources.premierleague.com/premierleague/photos/players/250x250/p491557.png&w=250&h=250&fit=cover&a=attention,https://resources.premierleague.com/premierleague/photos/players/110x140/p491557.png,https://fantasy.premierleague.com/dist/img/shirts/standard/shirt_491557.png
Isaac Heath,Everton,MID,Sunderland,Everton (H) vs Sunderland,0.0,4.5,0.0,0.0,0.0,0,0,0,0,0,0.0,0,0,3,True,0.0,496279,Heath,Isaac Heath,https://images.weserv.nl/?url=resources.premierleague.com/premierleague/photos/players/250x250/p496279.png&w=250&h=250&fit=cover&a=attention,https://resources.premierleague.com/premierleague/photos/players/110x140/p496279.png,https://fantasy.premierleague.com/dist/img/shirts/standard/shirt_496279.png
Jack Moorhouse,Man Utd,MID,Nott'm Forest,Man Utd (H) vs Nott'm Forest,0.0,4.5,0.0,0.0,0.0,0,0,0,0,0,0.0,0,0,3,True,0.0,559684,Moorhouse,Jack Moorhouse,https://images.weserv.nl/?url=resources.premierleague.com/premierleague/photos/players/250x250/p559684.png&w=250&h=250&fit=cover&a=attention,https://resources.premierleague.com/premierleague/photos/players/110x140/p559684.png,https://fantasy.premierleague.com/dist/img/shirts/standard/shirt_559684.png
Filip Marschall,Aston Villa,GKP,Liverpool,Aston Villa (H) vs Liverpool,0.0,4.0,0.0,0.0,0.0,0,0,0,0,0,0.0,0,0,2,True,0.0,462381,Marschall,Filip Marschall,https://images.weserv.nl/?url=resources.premierleague.com/premierleague/photos/players/250x250/p462381.png&w=250&h=250&fit=cover&a=attention,https://resources.premierleague.com/premierleague/photos/players/110x140/p462381.png,https://fantasy.premierleague.com/dist/img/shirts/standard/shirt_462381.png
Timothée Pembélé,Sunderland,DEF,Everton,Sunderland (A) vs Everton,0.0,3.9,0.0,0.0,0.0,0,0,0,0,0,0.0,0,0,3,False,0.0,465702,Pembele,Timothée Pembélé,https://images.weserv.nl/?url=resources.premierleague.com/premierleague/photos/players/250x250/p465702.png&w=250&h=250&fit=cover&a=attention,https://resources.premierleague.com/premierleague/photos/players/110x140/p465702.png,https://fantasy.premierleague.com/dist/img/shirts/standard/shirt_465702.png
Zak Johnson,Sunderland,DEF,Everton,Sunderland (A) vs Everton,0.0,3.8,0.0,0.0,0.0,0,0,0,0,0,0.0,0,0,3,False,0.0,514613,Johnson,Zak Johnson,https://images.weserv.nl/?url=resources.premierleague.com/premierleague/photos/players/250x250/p514613.png&w=250&h=250&fit=cover&a=attention,https://resources.premierleague.com/premierleague/photos/players/110x140/p514613.png,https://fantasy.premierleague.com/dist/img/shirts/standard/shirt_514613.png
Niall Huggins,Sunderland,DEF,Everton,Sunderland (A) vs Everton,0.0,4.0,0.0,0.0,0.0,0,0,0,0,0,0.0,0,0,3,False,0.0,492066,Huggins,Niall Huggins,https://images.weserv.nl/?url=resources.premierleague.com/premierleague/photos/players/250x250/p492066.png&w=250&h=250&fit=cover&a=attention,https://resources.premierleague.com/premierleague/photos/players/110x140/p492066.png,https://fantasy.premierleague.com/dist/img/shirts/standard/shirt_492066.png
Lewis O'Brien,Nott'm Forest,MID,Man Utd,Nott'm Forest (A) vs Man Utd,0.0,5.0,0.0,0.0,0.0,0,0,0,0,0,0.0,0,0,2,False,0.0,243345,O'Brien,Lewis O'Brien,https://images.weserv.nl/?url=resources.premierleague.com/premierleague/photos/players/250x250/p243345.png&w=250&h=250&fit=cover&a=attention,https://resources.premierleague.com/premierleague/photos/players/110x140/p243345.png,https://fantasy.premierleague.com/dist/img/shirts/standard/shirt_243345.png
Manuel Benson Hedilazio,Burnley,MID,Arsenal,Burnley (A) vs Arsenal,0.0,5.4,0.0,0.0,0.0,0,0,0,0,0,0.0,0,0,1,False,0.0,183751,Benson,Manuel Benson Hedilazio,https://images.weserv.nl/?url=resources.premierleague.com/premierleague/photos/players/250x250/p183751.png&w=250&h=250&fit=cover&a=attention,https://resources.premierleague.com/premierleague/photos/players/110x140/p183751.png,https://fantasy.premierleague.com/dist/img/shirts/standard/shirt_183751.png
Harry Gray,Leeds,FWD,Brighton,Leeds (H) vs Brighton,0.0,4.5,0.0,0.0,0.0,0,0,0,0,0,0.0,0,0,2,True,0.0,600882,Gray,Harry Gray,https://images.weserv.nl/?url=resources.premierleague.com/premierleague/photos/players/250x250/p600882.png&w=250&h=250&fit=cover&a=attention,https://resources.premierleague.com/premierleague/photos/players/110x140/p600882.png,https://fantasy.premierleague.com/dist/img/shirts/standard/shirt_600882.png
Noah Okafor,Leeds,MID,Brighton,Leeds (H) vs Brighton,0.0,5.6,3.9,8.2,0.315,1553,3,8,3,0,0.0,109,6,2,True,0.0,435997,Okafor,Noah Okafor,https://images.weserv.nl/?url=resources.premierleague.com/premierleague/photos/players/250x250/p435997.png&w=250&h=250&fit=cover&a=attention,https://resources.premierleague.com/premierleague/photos/players/110x140/p435997.png,https://fantasy.premierleague.com/dist/img/shirts/standard/shirt_435997.png
Marko Stamenić,Nott'm Forest,MID,Man Utd,Nott'm Forest (A) vs Man Utd,0.0,4.5,0.0,0.0,0.0,0,0,0,0,0,0.0,0,0,2,False,0.0,495161,Stamenic,Marko Stamenić,https://images.weserv.nl/?url=resources.premierleague.com/premierleague/photos/players/250x250/p495161.png&w=250&h=250&fit=cover&a=attention,https://resources.premierleague.com/premierleague/photos/players/110x140/p495161.png,https://fantasy.premierleague.com/dist/img/shirts/standard/shirt_495161.png
Darko Churlinov,Burnley,MID,Arsenal,Burnley (A) vs Arsenal,0.0,4.9,0.0,0.0,0.0,0,0,0,0,0,0.0,0,0,1,False,0.0,250735,Churlinov,Darko Churlinov,https://images.weserv.nl/?url=resources.premierleague.com/premierleague/photos/players/250x250/p250735.png&w=250&h=250&fit=cover&a=attention,https://resources.premierleague.com/premierleague/photos/players/110x140/p250735.png,https://fantasy.premierleague.com/dist/img/shirts/standard/shirt_250735.png
Mateo Joseph Fernández-Regatillo,Leeds,FWD,Brighton,Leeds (H) vs Brighton,0.0,5.0,0.0,0.0,0.0,0,0,0,0,0,0.0,0,0,2,True,0.0,565297,Mateo Joseph,Mateo Joseph Fernández-Regatillo,https://images.weserv.nl/?url=resources.premierleague.com/premierleague/photos/players/250x250/p565297.png&w=250&h=250&fit=cover&a=attention,https://resources.premierleague.com/premierleague/photos/players/110x140/p565297.png,https://fantasy.premierleague.com/dist/img/shirts/standard/shirt_565297.png
Patrick Bamford,Leeds,FWD,Brighton,Leeds (H) vs Brighton,0.0,4.9,0.0,0.0,0.0,0,0,0,0,0,0.0,0,0,2,True,0.0,106617,Bamford,Patrick Bamford,https://images.weserv.nl/?url=resources.premierleague.com/premierleague/photos/players/250x250/p106617.png&w=250&h=250&fit=cover&a=attention,https://resources.premierleague.com/premierleague/photos/players/110x140/p106617.png,https://fantasy.premierleague.com/dist/img/shirts/standard/shirt_106617.png
Darko Gyabi,Leeds,MID,Brighton,Leeds (H) vs Brighton,0.0,4.5,0.0,0.0,0.0,0,0,0,0,0,0.0,0,0,2,True,0.0,470294,Gyabi,Darko Gyabi,https://images.weserv.nl/?url=resources.premierleague.com/premierleague/photos/players/250x250/p470294.png&w=250&h=250&fit=cover&a=attention,https://resources.premierleague.com/premierleague/photos/players/110x140/p470294.png,https://fantasy.premierleague.com/dist/img/shirts/standard/shirt_470294.png
Joe Gelhardt,Leeds,MID,Brighton,Leeds (H) vs Brighton,0.0,4.5,0.0,0.0,0.0,0,0,0,0,0,0.0,0,0,2,True,0.0,462635,Gelhardt,Joe Gelhardt,https://images.weserv.nl/?url=resources.premierleague.com/premierleague/photos/players/250x250/p462635.png&w=250&h=250&fit=cover&a=attention,https://resources.premierleague.com/premierleague/photos/players/110x140/p462635.png,https://fantasy.premierleague.com/dist/img/shirts/standard/shirt_462635.png
Charlie Crew,Leeds,MID,Brighton,Leeds (H) vs Brighton,0.0,4.5,0.0,0.0,0.0,0,0,0,0,0,0.0,0,0,2,True,0.0,536119,Crew,Charlie Crew,https://images.weserv.nl/?url=resources.premierleague.com/premierleague/photos/players/250x250/p536119.png&w=250&h=250&fit=cover&a=attention,https://resources.premierleague.com/premierleague/photos/players/110x140/p536119.png,https://fantasy.premierleague.com/dist/img/shirts/standard/shirt_536119.png
Arnaud Kalimuendo,Nott'm Forest,FWD,Man Utd,Nott'm Forest (A) vs Man Utd,0.0,6.0,1.0,0.0,0.0264,89,0,0,0,0,0.0,9,0,2,False,0.0,465680,Kalimuendo,Arnaud Kalimuendo,https://images.weserv.nl/?url=resources.premierleague.com/premierleague/photos/players/250x250/p465680.png&w=250&h=250&fit=cover&a=attention,https://resources.premierleague.com/premierleague/photos/players/110x140/p465680.png,https://fantasy.premierleague.com/dist/img/shirts/standard/shirt_465680.png
John Victor Maciel Furtado,Nott'm Forest,GKP,Man Utd,Nott'm Forest (A) vs Man Utd,0.0,4.0,2.2,0.0,0.0,437,0,0,1,0,1.24,11,1,2,False,0.0,221389,John,John Victor Maciel Furtado,https://images.weserv.nl/?url=resources.premierleague.com/premierleague/photos/players/250x250/p221389.png&w=250&h=250&fit=cover&a=attention,https://resources.premierleague.com/premierleague/photos/players/110x140/p221389.png,https://fantasy.premierleague.com/dist/img/shirts/standard/shirt_221389.png
Nicolò Savona,Nott'm Forest,DEF,Man Utd,Nott'm Forest (A) vs Man Utd,0.0,4.5,2.8,0.0,0.0804,1025,0,2,2,0,0.0,39,3,2,False,0.0,500151,Savona,Nicolò Savona,https://images.weserv.nl/?url=resources.premierleague.com/premierleague/photos/players/250x250/p500151.png&w=250&h=250&fit=cover&a=attention,https://resources.premierleague.com/premierleague/photos/players/110x140/p500151.png,https://fantasy.premierleague.com/dist/img/shirts/standard/shirt_500151.png
Luis Eduardo Soares da Silva,Nott'm Forest,DEF,Man Utd,Nott'm Forest (A) vs Man Utd,0.0,4.5,0.0,0.0,0.0,0,0,0,0,0,0.0,0,0,2,False,0.0,560441,Cuiabano,Luis Eduardo Soares da Silva,https://images.weserv.nl/?url=resources.premierleague.com/premierleague/photos/players/250x250/p560441.png&w=250&h=250&fit=cover&a=attention,https://resources.premierleague.com/premierleague/photos/players/110x140/p560441.png,https://fantasy.premierleague.com/dist/img/shirts/standard/shirt_560441.png
Largie Ramazani,Leeds,MID,Brighton,Leeds (H) vs Brighton,0.0,4.9,0.0,0.0,0.0,0,0,0,0,0,0.0,0,0,2,True,0.0,433952,Ramazani,Largie Ramazani,https://images.weserv.nl/?url=resources.premierleague.com/premierleague/photos/players/250x250/p433952.png&w=250&h=250&fit=cover&a=attention,https://resources.premierleague.com/premierleague/photos/players/110x140/p433952.png,https://fantasy.premierleague.com/dist/img/shirts/standard/shirt_433952.png
Ilia Gruev,Leeds,MID,Brighton,Leeds (H) vs Brighton,0.0,4.7,2.4,0.4,0.0294,1318,4,0,3,0,0.0,56,5,2,True,0.0,486520,Gruev,Ilia Gruev,https://images.weserv.nl/?url=resources.premierleague.com/premierleague/photos/players/250x250/p486520.png&w=250&h=250&fit=cover&a=attention,https://resources.premierleague.com/premierleague/photos/players/110x140/p486520.png,https://fantasy.premierleague.com/dist/img/shirts/standard/shirt_486520.png
Sam Greenwood,Leeds,MID,Brighton,Leeds (H) vs Brighton,0.0,4.9,0.0,0.0,0.0,0,0,0,0,0,0.0,0,0,2,True,0.0,248937,Greenwood,Sam Greenwood,https://images.weserv.nl/?url=resources.premierleague.com/premierleague/photos/players/250x250/p248937.png&w=250&h=250&fit=cover&a=attention,https://resources.premierleague.com/premierleague/photos/players/110x140/p248937.png,https://fantasy.premierleague.com/dist/img/shirts/standard/shirt_248937.png
Josh Cullen,Burnley,MID,Arsenal,Burnley (A) vs Arsenal,0.0,4.9,3.9,0.0,0.05639999999999999,1513,2,2,2,0,0.0,70,3,1,False,0.0,172567,Cullen,Josh Cullen,https://images.weserv.nl/?url=resources.premierleague.com/premierleague/photos/players/250x250/p172567.png&w=250&h=250&fit=cover&a=attention,https://resources.premierleague.com/premierleague/photos/players/110x140/p172567.png,https://fantasy.premierleague.com/dist/img/shirts/standard/shirt_172567.png
Jack Harrison,Leeds,MID,Brighton,Leeds (H) vs Brighton,0.0,5.1,1.1,0.0,0.016800000000000002,262,0,0,0,0,0.0,12,0,2,True,0.0,221399,Harrison,Jack Harrison,https://images.weserv.nl/?url=resources.premierleague.com/premierleague/photos/players/250x250/p221399.png&w=250&h=250&fit=cover&a=attention,https://resources.premierleague.com/premierleague/photos/players/110x140/p221399.png,https://fantasy.premierleague.com/dist/img/shirts/standard/shirt_221399.png
Anthony Patterson,Sunderland,GKP,Everton,Sunderland (A) vs Everton,0.0,4.2,0.0,0.0,0.0,0,0,0,0,0,0.0,0,0,3,False,0.0,232571,Patterson,Anthony Patterson,https://images.weserv.nl/?url=resources.premierleague.com/premierleague/photos/players/250x250/p232571.png&w=250&h=250&fit=cover&a=attention,https://resources.premierleague.com/premierleague/photos/players/110x140/p232571.png,https://fantasy.premierleague.com/dist/img/shirts/standard/shirt_232571.png
Isaac Schmidt,Leeds,DEF,Brighton,Leeds (H) vs Brighton,0.0,4.0,0.0,0.0,0.0,0,0,0,0,0,0.0,0,0,2,True,0.0,492368,Schmidt,Isaac Schmidt,https://images.weserv.nl/?url=resources.premierleague.com/premierleague/photos/players/250x250/p492368.png&w=250&h=250&fit=cover&a=attention,https://resources.premierleague.com/premierleague/photos/players/110x140/p492368.png,https://fantasy.premierleague.com/dist/img/shirts/standard/shirt_492368.png
Blondy Nna Noukeu,Sunderland,GKP,Everton,Sunderland (A) vs Everton,0.0,3.9,0.0,0.0,0.0,0,0,0,0,0,0.0,0,0,3,False,0.0,490000,Nna Noukeu,Blondy Nna Noukeu,https://images.weserv.nl/?url=resources.premierleague.com/premierleague/photos/players/250x250/p490000.png&w=250&h=250&fit=cover&a=attention,https://resources.premierleague.com/premierleague/photos/players/110x140/p490000.png,https://fantasy.premierleague.com/dist/img/shirts/standard/shirt_490000.png
Daniel Ballard,Sunderland,DEF,Everton,Sunderland (A) vs Everton,0.0,4.7,4.0,-0.4,0.1476,2144,2,2,4,1,0.0,116,6,3,False,0.0,223827,Ballard,Daniel Ballard,https://images.weserv.nl/?url=resources.premierleague.com/premierleague/photos/players/250x250/p223827.png&w=250&h=250&fit=cover&a=attention,https://resources.premierleague.com/premierleague/photos/players/110x140/p223827.png,https://fantasy.premierleague.com/dist/img/shirts/standard/shirt_223827.png
Gabriel Gudmundsson,Leeds,DEF,Brighton,Leeds (H) vs Brighton,0.0,3.8,2.1,1.8,0.066,2637,0,0,4,1,0.0,68,5,2,True,0.0,243526,Gudmundsson,Gabriel Gudmundsson,https://images.weserv.nl/?url=resources.premierleague.com/premierleague/photos/players/250x250/p243526.png&w=250&h=250&fit=cover&a=attention,https://resources.premierleague.com/premierleague/photos/players/110x140/p243526.png,https://fantasy.premierleague.com/dist/img/shirts/standard/shirt_243526.png
Aji Alese,Sunderland,DEF,Everton,Sunderland (A) vs Everton,0.0,4.0,0.0,0.0,0.0,0,0,0,0,0,0.0,0,0,3,False,0.0,220684,Alese,Aji Alese,https://images.weserv.nl/?url=resources.premierleague.com/premierleague/photos/players/250x250/p220684.png&w=250&h=250&fit=cover&a=attention,https://resources.premierleague.com/premierleague/photos/players/110x140/p220684.png,https://fantasy.premierleague.com/dist/img/shirts/standard/shirt_220684.png
Joe Anderson,Sunderland,DEF,Everton,Sunderland (A) vs Everton,0.0,3.8,0.0,0.0,0.0,0,0,0,0,0,0.0,0,0,3,False,0.0,232820,Anderson,Joe Anderson,https://images.weserv.nl/?url=resources.premierleague.com/premierleague/photos/players/250x250/p232820.png&w=250&h=250&fit=cover&a=attention,https://resources.premierleague.com/premierleague/photos/players/110x140/p232820.png,https://fantasy.premierleague.com/dist/img/shirts/standard/shirt_232820.png
Luca Koleosho,Burnley,MID,Arsenal,Burnley (A) vs Arsenal,0.0,5.0,0.0,0.0,0.0,0,0,0,0,0,0.0,0,0,1,False,0.0,487702,Koleosho,Luca Koleosho,https://images.weserv.nl/?url=resources.premierleague.com/premierleague/photos/players/250x250/p487702.png&w=250&h=250&fit=cover&a=attention,https://resources.premierleague.com/premierleague/photos/players/110x140/p487702.png,https://fantasy.premierleague.com/dist/img/shirts/standard/shirt_487702.png
Leo Fuhr Hjelde,Sunderland,DEF,Everton,Sunderland (A) vs Everton,0.0,4.0,0.0,0.0,0.0,0,0,0,0,0,0.0,0,0,3,False,0.0,477547,Hjelde,Leo Fuhr Hjelde,https://images.weserv.nl/?url=resources.premierleague.com/premierleague/photos/players/250x250/p477547.png&w=250&h=250&fit=cover&a=attention,https://resources.premierleague.com/premierleague/photos/players/110x140/p477547.png,https://fantasy.premierleague.com/dist/img/shirts/standard/shirt_477547.png
Vitor de Oliveira Nunes dos Reis,Man City,DEF,Bournemouth,Man City (A) vs Bournemouth,0.0,5.0,0.0,0.0,0.0,0,0,0,0,0,0.0,0,0,3,False,0.0,616222,Vitor Reis,Vitor de Oliveira Nunes dos Reis,https://images.weserv.nl/?url=resources.premierleague.com/premierleague/photos/players/250x250/p616222.png&w=250&h=250&fit=cover&a=attention,https://resources.premierleague.com/premierleague/photos/players/110x140/p616222.png,https://fantasy.premierleague.com/dist/img/shirts/standard/shirt_616222.png
